solver,shrinkage,tol,balanced_acc,train_balanced_acc,accuracy,precision_macro,recall_macro,f1_macro,brier_score,rmse_proba,E_train,E_test,E_train-E_test,precision_Scratch,recall_Scratch,f1_Scratch,precision_Loc,recall_Loc,f1_Loc,precision_Near-full,recall_Near-full,f1_Near-full,precision_Edge-Ring,recall_Edge-Ring,f1_Edge-Ring,precision_Center,recall_Center,f1_Center,precision_Donut,recall_Donut,f1_Donut,precision_Edge-Loc,recall_Edge-Loc,f1_Edge-Loc,precision_Random,recall_Random,f1_Random
eigen,auto,0.0001,0.7398,0.7411,0.791,0.6995,0.7398,0.6996,0.038,0.1949,0.2589,0.2602,-0.0014,0.3657,0.0617,0.1051,0.6557,0.5873,0.6195,0.8383,0.9862,0.9051,0.9451,0.8861,0.9147,0.8979,0.9453,0.921,0.5868,0.8255,0.6846,0.6864,0.8023,0.7398,0.62,0.8238,0.7072
lsqr,auto,0.0001,0.7398,0.7411,0.791,0.6995,0.7398,0.6996,0.038,0.1949,0.2589,0.2602,-0.0014,0.3657,0.0617,0.1051,0.6557,0.5873,0.6195,0.8383,0.9862,0.9051,0.9451,0.8861,0.9147,0.8979,0.9453,0.921,0.5868,0.8255,0.6846,0.6864,0.8023,0.7398,0.62,0.8238,0.7072
eigen,auto,0.01,0.7398,0.7411,0.791,0.6995,0.7398,0.6996,0.038,0.1949,0.2589,0.2602,-0.0014,0.3657,0.0617,0.1051,0.6557,0.5873,0.6195,0.8383,0.9862,0.9051,0.9451,0.8861,0.9147,0.8979,0.9453,0.921,0.5868,0.8255,0.6846,0.6864,0.8023,0.7398,0.62,0.8238,0.7072
lsqr,auto,0.001,0.7398,0.7411,0.791,0.6995,0.7398,0.6996,0.038,0.1949,0.2589,0.2602,-0.0014,0.3657,0.0617,0.1051,0.6557,0.5873,0.6195,0.8383,0.9862,0.9051,0.9451,0.8861,0.9147,0.8979,0.9453,0.921,0.5868,0.8255,0.6846,0.6864,0.8023,0.7398,0.62,0.8238,0.7072
lsqr,auto,0.01,0.7398,0.7411,0.791,0.6995,0.7398,0.6996,0.038,0.1949,0.2589,0.2602,-0.0014,0.3657,0.0617,0.1051,0.6557,0.5873,0.6195,0.8383,0.9862,0.9051,0.9451,0.8861,0.9147,0.8979,0.9453,0.921,0.5868,0.8255,0.6846,0.6864,0.8023,0.7398,0.62,0.8238,0.7072
eigen,auto,0.001,0.7398,0.7411,0.791,0.6995,0.7398,0.6996,0.038,0.1949,0.2589,0.2602,-0.0014,0.3657,0.0617,0.1051,0.6557,0.5873,0.6195,0.8383,0.9862,0.9051,0.9451,0.8861,0.9147,0.8979,0.9453,0.921,0.5868,0.8255,0.6846,0.6864,0.8023,0.7398,0.62,0.8238,0.7072
eigen,,0.01,0.7394,0.7421,0.7912,0.6975,0.7394,0.6996,0.038,0.195,0.2579,0.2606,-0.0027,0.3515,0.0648,0.1089,0.6577,0.5858,0.6196,0.8333,0.9862,0.9023,0.946,0.8855,0.9148,0.8979,0.9477,0.9221,0.5843,0.8196,0.6804,0.6866,0.8031,0.7402,0.6225,0.8226,0.7083
lsqr,,0.0001,0.7394,0.7421,0.7912,0.6975,0.7394,0.6996,0.038,0.195,0.2579,0.2606,-0.0027,0.3515,0.0648,0.1089,0.6577,0.5858,0.6196,0.8333,0.9862,0.9023,0.946,0.8855,0.9148,0.8979,0.9477,0.9221,0.5843,0.8196,0.6804,0.6866,0.8031,0.7402,0.6225,0.8226,0.7083
eigen,,0.0001,0.7394,0.7421,0.7912,0.6975,0.7394,0.6996,0.038,0.195,0.2579,0.2606,-0.0027,0.3515,0.0648,0.1089,0.6577,0.5858,0.6196,0.8333,0.9862,0.9023,0.946,0.8855,0.9148,0.8979,0.9477,0.9221,0.5843,0.8196,0.6804,0.6866,0.8031,0.7402,0.6225,0.8226,0.7083
eigen,,0.001,0.7394,0.7421,0.7912,0.6975,0.7394,0.6996,0.038,0.195,0.2579,0.2606,-0.0027,0.3515,0.0648,0.1089,0.6577,0.5858,0.6196,0.8333,0.9862,0.9023,0.946,0.8855,0.9148,0.8979,0.9477,0.9221,0.5843,0.8196,0.6804,0.6866,0.8031,0.7402,0.6225,0.8226,0.7083
lsqr,,0.01,0.7394,0.7421,0.7912,0.6975,0.7394,0.6996,0.038,0.195,0.2579,0.2606,-0.0027,0.3515,0.0648,0.1089,0.6577,0.5858,0.6196,0.8333,0.9862,0.9023,0.946,0.8855,0.9148,0.8979,0.9477,0.9221,0.5843,0.8196,0.6804,0.6866,0.8031,0.7402,0.6225,0.8226,0.7083
lsqr,,0.001,0.7394,0.7421,0.7912,0.6975,0.7394,0.6996,0.038,0.195,0.2579,0.2606,-0.0027,0.3515,0.0648,0.1089,0.6577,0.5858,0.6196,0.8333,0.9862,0.9023,0.946,0.8855,0.9148,0.8979,0.9477,0.9221,0.5843,0.8196,0.6804,0.6866,0.8031,0.7402,0.6225,0.8226,0.7083
lsqr,0.1,0.001,0.7353,0.7356,0.7848,0.6985,0.7353,0.6927,0.0388,0.197,0.2644,0.2647,-0.0003,0.3562,0.0253,0.0471,0.6509,0.596,0.6222,0.8529,0.9931,0.9167,0.941,0.8878,0.9136,0.8878,0.9096,0.8986,0.6237,0.8353,0.7126,0.6742,0.8017,0.7323,0.6017,0.8334,0.6982
eigen,0.1,0.0001,0.7353,0.7356,0.7848,0.6985,0.7353,0.6927,0.0388,0.197,0.2644,0.2647,-0.0003,0.3562,0.0253,0.0471,0.6509,0.596,0.6222,0.8529,0.9931,0.9167,0.941,0.8878,0.9136,0.8878,0.9096,0.8986,0.6237,0.8353,0.7126,0.6742,0.8017,0.7323,0.6017,0.8334,0.6982
lsqr,0.1,0.0001,0.7353,0.7356,0.7848,0.6985,0.7353,0.6927,0.0388,0.197,0.2644,0.2647,-0.0003,0.3562,0.0253,0.0471,0.6509,0.596,0.6222,0.8529,0.9931,0.9167,0.941,0.8878,0.9136,0.8878,0.9096,0.8986,0.6237,0.8353,0.7126,0.6742,0.8017,0.7323,0.6017,0.8334,0.6982
lsqr,0.1,0.01,0.7353,0.7356,0.7848,0.6985,0.7353,0.6927,0.0388,0.197,0.2644,0.2647,-0.0003,0.3562,0.0253,0.0471,0.6509,0.596,0.6222,0.8529,0.9931,0.9167,0.941,0.8878,0.9136,0.8878,0.9096,0.8986,0.6237,0.8353,0.7126,0.6742,0.8017,0.7323,0.6017,0.8334,0.6982
eigen,0.1,0.01,0.7353,0.7356,0.7848,0.6985,0.7353,0.6927,0.0388,0.197,0.2644,0.2647,-0.0003,0.3562,0.0253,0.0471,0.6509,0.596,0.6222,0.8529,0.9931,0.9167,0.941,0.8878,0.9136,0.8878,0.9096,0.8986,0.6237,0.8353,0.7126,0.6742,0.8017,0.7323,0.6017,0.8334,0.6982
eigen,0.1,0.001,0.7353,0.7356,0.7848,0.6985,0.7353,0.6927,0.0388,0.197,0.2644,0.2647,-0.0003,0.3562,0.0253,0.0471,0.6509,0.596,0.6222,0.8529,0.9931,0.9167,0.941,0.8878,0.9136,0.8878,0.9096,0.8986,0.6237,0.8353,0.7126,0.6742,0.8017,0.7323,0.6017,0.8334,0.6982
lsqr,0.3,0.01,0.728,0.7287,0.7771,0.6928,0.728,0.6884,0.0401,0.2002,0.2713,0.272,-0.0007,0.333,0.0283,0.052,0.645,0.5816,0.6116,0.8564,1.0,0.9224,0.9366,0.8875,0.9114,0.8782,0.8903,0.8842,0.6415,0.7921,0.7071,0.6624,0.7955,0.7228,0.5895,0.8489,0.6954
lsqr,0.3,0.001,0.728,0.7287,0.7771,0.6928,0.728,0.6884,0.0401,0.2002,0.2713,0.272,-0.0007,0.333,0.0283,0.052,0.645,0.5816,0.6116,0.8564,1.0,0.9224,0.9366,0.8875,0.9114,0.8782,0.8903,0.8842,0.6415,0.7921,0.7071,0.6624,0.7955,0.7228,0.5895,0.8489,0.6954
eigen,0.3,0.01,0.728,0.7287,0.7771,0.6928,0.728,0.6884,0.0401,0.2002,0.2713,0.272,-0.0007,0.333,0.0283,0.052,0.645,0.5816,0.6116,0.8564,1.0,0.9224,0.9366,0.8875,0.9114,0.8782,0.8903,0.8842,0.6415,0.7921,0.7071,0.6624,0.7955,0.7228,0.5895,0.8489,0.6954
lsqr,0.3,0.0001,0.728,0.7287,0.7771,0.6928,0.728,0.6884,0.0401,0.2002,0.2713,0.272,-0.0007,0.333,0.0283,0.052,0.645,0.5816,0.6116,0.8564,1.0,0.9224,0.9366,0.8875,0.9114,0.8782,0.8903,0.8842,0.6415,0.7921,0.7071,0.6624,0.7955,0.7228,0.5895,0.8489,0.6954
eigen,0.3,0.0001,0.728,0.7287,0.7771,0.6928,0.728,0.6884,0.0401,0.2002,0.2713,0.272,-0.0007,0.333,0.0283,0.052,0.645,0.5816,0.6116,0.8564,1.0,0.9224,0.9366,0.8875,0.9114,0.8782,0.8903,0.8842,0.6415,0.7921,0.7071,0.6624,0.7955,0.7228,0.5895,0.8489,0.6954
eigen,0.3,0.001,0.728,0.7287,0.7771,0.6928,0.728,0.6884,0.0401,0.2002,0.2713,0.272,-0.0007,0.333,0.0283,0.052,0.645,0.5816,0.6116,0.8564,1.0,0.9224,0.9366,0.8875,0.9114,0.8782,0.8903,0.8842,0.6415,0.7921,0.7071,0.6624,0.7955,0.7228,0.5895,0.8489,0.6954
lsqr,0.5,0.001,0.7214,0.722,0.7669,0.6764,0.7214,0.683,0.0423,0.2056,0.278,0.2786,-0.0006,0.2911,0.0638,0.1045,0.6388,0.5557,0.5942,0.8295,1.0,0.9061,0.9338,0.8866,0.9096,0.8708,0.8674,0.8691,0.6131,0.7529,0.6747,0.653,0.784,0.7125,0.5808,0.8609,0.6934
lsqr,0.5,0.01,0.7214,0.722,0.7669,0.6764,0.7214,0.683,0.0423,0.2056,0.278,0.2786,-0.0006,0.2911,0.0638,0.1045,0.6388,0.5557,0.5942,0.8295,1.0,0.9061,0.9338,0.8866,0.9096,0.8708,0.8674,0.8691,0.6131,0.7529,0.6747,0.653,0.784,0.7125,0.5808,0.8609,0.6934
eigen,0.5,0.001,0.7214,0.722,0.7669,0.6764,0.7214,0.683,0.0423,0.2056,0.278,0.2786,-0.0006,0.2911,0.0638,0.1045,0.6388,0.5557,0.5942,0.8295,1.0,0.9061,0.9338,0.8866,0.9096,0.8708,0.8674,0.8691,0.6131,0.7529,0.6747,0.653,0.784,0.7125,0.5808,0.8609,0.6934
eigen,0.5,0.0001,0.7214,0.722,0.7669,0.6764,0.7214,0.683,0.0423,0.2056,0.278,0.2786,-0.0006,0.2911,0.0638,0.1045,0.6388,0.5557,0.5942,0.8295,1.0,0.9061,0.9338,0.8866,0.9096,0.8708,0.8674,0.8691,0.6131,0.7529,0.6747,0.653,0.784,0.7125,0.5808,0.8609,0.6934
lsqr,0.5,0.0001,0.7214,0.722,0.7669,0.6764,0.7214,0.683,0.0423,0.2056,0.278,0.2786,-0.0006,0.2911,0.0638,0.1045,0.6388,0.5557,0.5942,0.8295,1.0,0.9061,0.9338,0.8866,0.9096,0.8708,0.8674,0.8691,0.6131,0.7529,0.6747,0.653,0.784,0.7125,0.5808,0.8609,0.6934
eigen,0.5,0.01,0.7214,0.722,0.7669,0.6764,0.7214,0.683,0.0423,0.2056,0.278,0.2786,-0.0006,0.2911,0.0638,0.1045,0.6388,0.5557,0.5942,0.8295,1.0,0.9061,0.9338,0.8866,0.9096,0.8708,0.8674,0.8691,0.6131,0.7529,0.6747,0.653,0.784,0.7125,0.5808,0.8609,0.6934
lsqr,0.7,0.001,0.7156,0.7158,0.7499,0.653,0.7156,0.6729,0.046,0.2144,0.2842,0.2844,-0.0002,0.262,0.1356,0.1785,0.6237,0.5105,0.5613,0.776,1.0,0.8724,0.9262,0.8831,0.9041,0.861,0.8272,0.8437,0.5474,0.7255,0.6231,0.6468,0.7642,0.7005,0.5812,0.8789,0.6994
eigen,0.7,0.01,0.7156,0.7158,0.7499,0.653,0.7156,0.6729,0.046,0.2144,0.2842,0.2844,-0.0002,0.262,0.1356,0.1785,0.6237,0.5105,0.5613,0.776,1.0,0.8724,0.9262,0.8831,0.9041,0.861,0.8272,0.8437,0.5474,0.7255,0.6231,0.6468,0.7642,0.7005,0.5812,0.8789,0.6994
eigen,0.7,0.001,0.7156,0.7158,0.7499,0.653,0.7156,0.6729,0.046,0.2144,0.2842,0.2844,-0.0002,0.262,0.1356,0.1785,0.6237,0.5105,0.5613,0.776,1.0,0.8724,0.9262,0.8831,0.9041,0.861,0.8272,0.8437,0.5474,0.7255,0.6231,0.6468,0.7642,0.7005,0.5812,0.8789,0.6994
eigen,0.7,0.0001,0.7156,0.7158,0.7499,0.653,0.7156,0.6729,0.046,0.2144,0.2842,0.2844,-0.0002,0.262,0.1356,0.1785,0.6237,0.5105,0.5613,0.776,1.0,0.8724,0.9262,0.8831,0.9041,0.861,0.8272,0.8437,0.5474,0.7255,0.6231,0.6468,0.7642,0.7005,0.5812,0.8789,0.6994
lsqr,0.7,0.0001,0.7156,0.7158,0.7499,0.653,0.7156,0.6729,0.046,0.2144,0.2842,0.2844,-0.0002,0.262,0.1356,0.1785,0.6237,0.5105,0.5613,0.776,1.0,0.8724,0.9262,0.8831,0.9041,0.861,0.8272,0.8437,0.5474,0.7255,0.6231,0.6468,0.7642,0.7005,0.5812,0.8789,0.6994
lsqr,0.7,0.01,0.7156,0.7158,0.7499,0.653,0.7156,0.6729,0.046,0.2144,0.2842,0.2844,-0.0002,0.262,0.1356,0.1785,0.6237,0.5105,0.5613,0.776,1.0,0.8724,0.9262,0.8831,0.9041,0.861,0.8272,0.8437,0.5474,0.7255,0.6231,0.6468,0.7642,0.7005,0.5812,0.8789,0.6994
lsqr,0.9,0.001,0.7069,0.7063,0.7231,0.625,0.7069,0.6539,0.0532,0.2307,0.2937,0.2931,0.0006,0.2456,0.2368,0.2409,0.5884,0.4578,0.5149,0.7231,1.0,0.8389,0.9102,0.8784,0.894,0.8543,0.7633,0.8062,0.456,0.7157,0.5564,0.6389,0.7242,0.6787,0.5833,0.8789,0.7009
eigen,0.9,0.01,0.7069,0.7063,0.7231,0.625,0.7069,0.6539,0.0532,0.2307,0.2937,0.2931,0.0006,0.2456,0.2368,0.2409,0.5884,0.4578,0.5149,0.7231,1.0,0.8389,0.9102,0.8784,0.894,0.8543,0.7633,0.8062,0.456,0.7157,0.5564,0.6389,0.7242,0.6787,0.5833,0.8789,0.7009
lsqr,0.9,0.01,0.7069,0.7063,0.7231,0.625,0.7069,0.6539,0.0532,0.2307,0.2937,0.2931,0.0006,0.2456,0.2368,0.2409,0.5884,0.4578,0.5149,0.7231,1.0,0.8389,0.9102,0.8784,0.894,0.8543,0.7633,0.8062,0.456,0.7157,0.5564,0.6389,0.7242,0.6787,0.5833,0.8789,0.7009
eigen,0.9,0.0001,0.7069,0.7063,0.7231,0.625,0.7069,0.6539,0.0532,0.2307,0.2937,0.2931,0.0006,0.2456,0.2368,0.2409,0.5884,0.4578,0.5149,0.7231,1.0,0.8389,0.9102,0.8784,0.894,0.8543,0.7633,0.8062,0.456,0.7157,0.5564,0.6389,0.7242,0.6787,0.5833,0.8789,0.7009
lsqr,0.9,0.0001,0.7069,0.7063,0.7231,0.625,0.7069,0.6539,0.0532,0.2307,0.2937,0.2931,0.0006,0.2456,0.2368,0.2409,0.5884,0.4578,0.5149,0.7231,1.0,0.8389,0.9102,0.8784,0.894,0.8543,0.7633,0.8062,0.456,0.7157,0.5564,0.6389,0.7242,0.6787,0.5833,0.8789,0.7009
eigen,0.9,0.001,0.7069,0.7063,0.7231,0.625,0.7069,0.6539,0.0532,0.2307,0.2937,0.2931,0.0006,0.2456,0.2368,0.2409,0.5884,0.4578,0.5149,0.7231,1.0,0.8389,0.9102,0.8784,0.894,0.8543,0.7633,0.8062,0.456,0.7157,0.5564,0.6389,0.7242,0.6787,0.5833,0.8789,0.7009
