n_components,kernel,C,gamma,class_weight,degree,balanced_acc,train_balanced_acc,accuracy,precision_macro,recall_macro,f1_macro,brier_score,rmse_proba,E_train,E_test,E_train-E_test,precision_Scratch,recall_Scratch,f1_Scratch,precision_Loc,recall_Loc,f1_Loc,precision_Near-full,recall_Near-full,f1_Near-full,precision_Edge-Ring,recall_Edge-Ring,f1_Edge-Ring,precision_Center,recall_Center,f1_Center,precision_Donut,recall_Donut,f1_Donut,precision_Edge-Loc,recall_Edge-Loc,f1_Edge-Loc,precision_Random,recall_Random,f1_Random
8,rbf,25.0,0.01,balanced,2,0.8053,0.8273,0.789,0.7231,0.8053,0.7406,0.0308,0.1755,0.1727,0.1947,-0.0221,0.2807,0.6701,0.3953,0.7288,0.3928,0.5086,0.8613,1.0,0.9252,0.9748,0.9165,0.9447,0.9227,0.9482,0.9352,0.5733,0.8941,0.6975,0.7637,0.7441,0.7537,0.6794,0.8765,0.7648
9,rbf,1.0,0.1,balanced,2,0.8031,0.8322,0.7863,0.7179,0.8031,0.7376,0.0306,0.175,0.1678,0.1969,-0.0291,0.2751,0.6569,0.3875,0.712,0.3973,0.5081,0.8422,1.0,0.914,0.9765,0.9098,0.9419,0.9248,0.9537,0.939,0.5678,0.8843,0.6901,0.7591,0.7352,0.7469,0.6856,0.8873,0.7731
8,rbf,1.0,auto,balanced,3,0.801,0.8311,0.786,0.7178,0.801,0.7375,0.031,0.1759,0.1689,0.199,-0.0301,0.2769,0.6519,0.3885,0.7002,0.3976,0.5052,0.8566,1.0,0.9225,0.9764,0.9115,0.9428,0.9226,0.9516,0.9369,0.566,0.8706,0.6843,0.7599,0.7355,0.7474,0.6833,0.8897,0.7726
7,rbf,5.0,0.1,balanced,3,0.798,0.8451,0.791,0.7246,0.798,0.7423,0.0311,0.1763,0.1549,0.202,-0.0471,0.291,0.6539,0.4025,0.6871,0.4106,0.5133,0.9085,0.9862,0.9452,0.9748,0.923,0.9482,0.9211,0.9498,0.9352,0.5377,0.8372,0.6541,0.7685,0.7391,0.7534,0.7081,0.8837,0.7861
9,linear,1.0,scale,balanced,2,0.7957,0.8089,0.7831,0.7152,0.7957,0.7328,0.0332,0.1822,0.1911,0.2043,-0.0132,0.2804,0.663,0.3939,0.7009,0.3787,0.4908,0.8673,1.0,0.9284,0.9712,0.913,0.9412,0.9209,0.947,0.9337,0.5395,0.851,0.6595,0.756,0.7401,0.7478,0.6851,0.8729,0.7669
8,linear,1.0,auto,balanced,3,0.7933,0.8048,0.7817,0.7131,0.7933,0.7308,0.0336,0.1833,0.1952,0.2067,-0.0115,0.2768,0.6589,0.3896,0.6983,0.3829,0.4939,0.8673,1.0,0.9284,0.9701,0.9127,0.9405,0.9189,0.9446,0.9315,0.5331,0.8431,0.6525,0.7585,0.7358,0.7468,0.682,0.8681,0.7634
8,linear,0.5,0.001,balanced,2,0.7932,0.8057,0.7805,0.7102,0.7932,0.7288,0.0335,0.1831,0.1943,0.2068,-0.0125,0.2786,0.6661,0.3926,0.6982,0.3817,0.4929,0.8519,1.0,0.9196,0.9716,0.9084,0.9389,0.9197,0.9443,0.9318,0.5302,0.8412,0.65,0.7551,0.736,0.7453,0.6761,0.8681,0.7594
7,rbf,10.0,0.01,balanced,2,0.7914,0.8086,0.776,0.6942,0.7914,0.7146,0.032,0.1789,0.1914,0.2086,-0.0172,0.2806,0.6772,0.3966,0.7065,0.3664,0.482,0.7969,1.0,0.8866,0.9745,0.909,0.9405,0.9147,0.9467,0.9305,0.4504,0.849,0.5871,0.7602,0.7222,0.7406,0.6699,0.8609,0.7527
9,linear,10.0,0.1,balanced,2,0.7909,0.8151,0.7841,0.7222,0.7909,0.7359,0.0334,0.1828,0.1849,0.2091,-0.0242,0.2785,0.6579,0.3911,0.6891,0.391,0.4979,0.9118,0.9729,0.939,0.9701,0.9163,0.9424,0.9266,0.9448,0.9356,0.5567,0.8392,0.668,0.7571,0.7377,0.7472,0.688,0.8669,0.7663
8,linear,25.0,0.1,balanced,3,0.79,0.8102,0.7833,0.7217,0.79,0.7349,0.0338,0.1839,0.1898,0.21,-0.0202,0.2802,0.6671,0.3945,0.6944,0.3874,0.4967,0.9118,0.9729,0.939,0.9681,0.9173,0.9419,0.9195,0.9438,0.9315,0.5524,0.8294,0.6621,0.7581,0.735,0.7464,0.6888,0.8669,0.7672
8,linear,25.0,0.05,balanced,2,0.79,0.8102,0.7833,0.7217,0.79,0.7349,0.0338,0.1839,0.1898,0.21,-0.0202,0.2802,0.6671,0.3945,0.6944,0.3874,0.4967,0.9118,0.9729,0.939,0.9681,0.9173,0.9419,0.9195,0.9438,0.9315,0.5524,0.8294,0.6621,0.7581,0.735,0.7464,0.6888,0.8669,0.7672
9,linear,25.0,scale,balanced,3,0.7896,0.817,0.785,0.7232,0.7896,0.7366,0.0334,0.1829,0.183,0.2104,-0.0274,0.2794,0.6549,0.3915,0.6866,0.3928,0.4987,0.9118,0.9729,0.939,0.9695,0.9174,0.9427,0.9258,0.9475,0.9365,0.5626,0.8294,0.6691,0.7573,0.7387,0.7478,0.6927,0.8633,0.7679
9,linear,100.0,0.01,balanced,3,0.7895,0.8191,0.785,0.7247,0.7895,0.7379,0.0335,0.183,0.1809,0.2105,-0.0296,0.2787,0.6499,0.3899,0.6861,0.3964,0.5015,0.9118,0.9729,0.939,0.9687,0.9173,0.9423,0.9253,0.9462,0.9356,0.5714,0.8294,0.6755,0.7547,0.738,0.7462,0.7007,0.8657,0.7736
9,linear,0.1,scale,balanced,3,0.7893,0.8009,0.7723,0.6913,0.7893,0.7132,0.0335,0.1832,0.1991,0.2107,-0.0116,0.2766,0.6762,0.3924,0.6964,0.3597,0.474,0.7768,1.0,0.8737,0.9739,0.8977,0.9342,0.9155,0.9426,0.9289,0.4952,0.8509,0.6259,0.7468,0.73,0.7382,0.6495,0.8573,0.7382
7,rbf,5.0,0.01,balanced,3,0.7831,0.7977,0.7651,0.6793,0.7831,0.6982,0.0331,0.1818,0.2023,0.2169,-0.0146,0.2779,0.6893,0.3956,0.7059,0.3389,0.4571,0.7679,1.0,0.8683,0.9747,0.9004,0.936,0.9101,0.9436,0.9265,0.3953,0.8294,0.5345,0.7489,0.7079,0.7276,0.6536,0.8549,0.74
7,linear,100.0,auto,balanced,2,0.7805,0.7993,0.7721,0.7034,0.7805,0.7199,0.0348,0.1864,0.2007,0.2195,-0.0187,0.2762,0.6539,0.3883,0.6508,0.3877,0.4856,0.9218,0.9798,0.9483,0.9695,0.9185,0.9433,0.9179,0.9428,0.9302,0.4609,0.8059,0.5852,0.7536,0.691,0.7209,0.6767,0.8646,0.7574
8,rbf,10.0,0.001,balanced,3,0.7794,0.7859,0.7595,0.6763,0.7794,0.6931,0.0344,0.1854,0.2141,0.2206,-0.0065,0.2664,0.6741,0.3815,0.7216,0.3004,0.4227,0.7376,1.0,0.8467,0.9728,0.8873,0.9281,0.9016,0.9402,0.9205,0.4645,0.8451,0.5989,0.7284,0.7308,0.7295,0.6172,0.8573,0.7169
6,rbf,10.0,scale,balanced,3,0.7782,0.8342,0.773,0.7107,0.7782,0.725,0.0335,0.1829,0.1658,0.2218,-0.0559,0.2539,0.5851,0.3533,0.6754,0.3757,0.4807,0.8995,0.9864,0.9399,0.9623,0.9089,0.9348,0.9181,0.9542,0.9357,0.5368,0.8137,0.646,0.7345,0.7148,0.7243,0.7049,0.8873,0.7854
9,poly,100.0,scale,balanced,2,0.777,0.8409,0.776,0.7251,0.777,0.7331,0.0396,0.1989,0.1591,0.223,-0.0639,0.2769,0.5932,0.3773,0.6856,0.3561,0.4682,0.9271,0.9729,0.9477,0.9615,0.8852,0.9218,0.9314,0.9352,0.9332,0.5935,0.8392,0.695,0.706,0.7917,0.7463,0.719,0.8429,0.7753
9,poly,25.0,scale,balanced,2,0.7764,0.8259,0.7707,0.725,0.7764,0.73,0.0387,0.1967,0.1741,0.2236,-0.0495,0.2789,0.6003,0.3803,0.7037,0.3371,0.4554,0.9325,0.966,0.9474,0.9656,0.8685,0.9144,0.9249,0.9294,0.927,0.588,0.8666,0.6999,0.6896,0.8054,0.7428,0.717,0.8381,0.7722
7,rbf,50.0,0.001,balanced,2,0.7761,0.7873,0.7602,0.6735,0.7761,0.6931,0.0341,0.1847,0.2127,0.2239,-0.0111,0.2741,0.6681,0.3883,0.6902,0.3471,0.4614,0.773,1.0,0.8712,0.9739,0.8964,0.9335,0.9096,0.9412,0.9251,0.375,0.8137,0.5128,0.7404,0.6961,0.7174,0.6517,0.8466,0.7352
6,rbf,25.0,0.1,balanced,2,0.7758,0.8443,0.7777,0.7215,0.7758,0.7322,0.0333,0.1826,0.1557,0.2242,-0.0685,0.2515,0.5699,0.3483,0.665,0.3965,0.4948,0.9307,0.9591,0.9435,0.9642,0.9167,0.9398,0.9206,0.9516,0.9358,0.5652,0.8098,0.6645,0.74,0.7182,0.7288,0.7348,0.8849,0.8025
7,linear,0.1,auto,balanced,2,0.7727,0.7824,0.7552,0.6682,0.7727,0.6882,0.0351,0.1874,0.2176,0.2273,-0.0097,0.2724,0.6722,0.3874,0.6668,0.3371,0.4473,0.773,1.0,0.8712,0.9739,0.8951,0.9327,0.9095,0.9402,0.9246,0.3595,0.8078,0.4973,0.7365,0.6838,0.709,0.6538,0.8454,0.736
6,rbf,10.0,auto,balanced,2,0.7705,0.8459,0.774,0.7143,0.7705,0.7264,0.0339,0.184,0.1541,0.2295,-0.0755,0.2479,0.5588,0.3427,0.6566,0.3985,0.494,0.9143,0.9591,0.9346,0.9637,0.9122,0.9372,0.9205,0.953,0.9364,0.5541,0.7863,0.6491,0.7338,0.7095,0.7213,0.7236,0.8861,0.7962
8,rbf,0.1,scale,balanced,2,0.7697,0.7816,0.7501,0.6631,0.7697,0.684,0.035,0.187,0.2184,0.2303,-0.0118,0.2561,0.6326,0.3643,0.6616,0.3106,0.4197,0.7422,1.0,0.8514,0.972,0.8823,0.925,0.9027,0.9388,0.9204,0.4183,0.847,0.5589,0.7206,0.7013,0.7106,0.631,0.8453,0.7219
6,linear,5.0,0.001,balanced,3,0.7601,0.7717,0.7437,0.6816,0.7601,0.697,0.0396,0.199,0.2283,0.2399,-0.0116,0.2322,0.5588,0.3277,0.6435,0.3416,0.4455,0.9058,1.0,0.9497,0.9566,0.9021,0.9285,0.9134,0.9426,0.9278,0.4574,0.8294,0.5882,0.6767,0.6358,0.6555,0.6673,0.8706,0.7532
6,linear,1.0,0.1,balanced,3,0.758,0.7675,0.7389,0.6754,0.758,0.6914,0.0397,0.1994,0.2325,0.242,-0.0095,0.2243,0.5537,0.3187,0.647,0.3365,0.4419,0.8738,1.0,0.9318,0.9581,0.8968,0.9263,0.9128,0.9407,0.9265,0.4463,0.8372,0.5816,0.6675,0.6272,0.6465,0.6735,0.8718,0.758
6,linear,25.0,0.001,balanced,3,0.7573,0.774,0.7443,0.6814,0.7573,0.696,0.0396,0.1991,0.226,0.2427,-0.0167,0.2317,0.5557,0.3267,0.6444,0.3459,0.4492,0.9011,0.98,0.9368,0.9564,0.9034,0.9291,0.913,0.9434,0.9279,0.4603,0.8255,0.5898,0.6779,0.635,0.6556,0.6661,0.8694,0.7523
7,rbf,1.0,0.01,balanced,2,0.7561,0.7635,0.7375,0.6518,0.7561,0.6587,0.0364,0.1908,0.2365,0.2439,-0.0074,0.2678,0.665,0.3815,0.7167,0.2534,0.3729,0.7373,1.0,0.8465,0.9718,0.8858,0.9268,0.8974,0.9441,0.9201,0.267,0.7765,0.3971,0.7132,0.6762,0.6941,0.6434,0.8477,0.7308
7,poly,100.0,scale,balanced,3,0.75,0.8357,0.7729,0.7241,0.75,0.7236,0.0443,0.2104,0.1643,0.25,-0.0857,0.2802,0.5213,0.3631,0.661,0.3579,0.4623,0.9407,0.9388,0.9389,0.9785,0.8834,0.9285,0.9301,0.9284,0.9292,0.5822,0.7294,0.6465,0.6695,0.8148,0.735,0.7505,0.8262,0.7852
9,rbf,25.0,0.1,,2,0.7472,0.816,0.8264,0.7648,0.7472,0.7441,0.0306,0.175,0.184,0.2528,-0.0689,0.305,0.0587,0.097,0.6288,0.6559,0.6419,0.9322,0.9655,0.9467,0.9611,0.9443,0.9526,0.9211,0.966,0.943,0.7784,0.7372,0.7541,0.7346,0.8258,0.7775,0.8574,0.8238,0.8398
9,rbf,25.0,auto,,2,0.7467,0.8222,0.8253,0.7655,0.7467,0.7446,0.0307,0.1753,0.1778,0.2533,-0.0756,0.3127,0.0668,0.1083,0.6285,0.652,0.6399,0.9386,0.9655,0.95,0.9604,0.9446,0.9524,0.9206,0.9651,0.9423,0.775,0.7372,0.7524,0.7329,0.8232,0.7754,0.8556,0.819,0.8364
8,rbf,5.0,scale,,3,0.7429,0.7699,0.827,0.7664,0.7429,0.7371,0.0307,0.1752,0.2301,0.2571,-0.027,0.2949,0.0162,0.0302,0.6219,0.6704,0.6449,0.9225,0.9867,0.952,0.9617,0.9417,0.9516,0.9125,0.9689,0.9398,0.8139,0.7079,0.7553,0.7347,0.831,0.7797,0.8691,0.8202,0.8433
5,rbf,10.0,0.05,balanced,2,0.74,0.7707,0.7219,0.6633,0.74,0.666,0.0381,0.1952,0.2293,0.26,-0.0307,0.2128,0.5588,0.3072,0.6531,0.2881,0.3982,0.8955,1.0,0.9439,0.9575,0.8989,0.9272,0.9149,0.953,0.9335,0.2769,0.7686,0.4061,0.67,0.5787,0.6201,0.7255,0.8741,0.7922
5,rbf,50.0,0.01,balanced,3,0.7398,0.7581,0.7201,0.6619,0.7398,0.6622,0.0386,0.1965,0.2419,0.2602,-0.0183,0.2119,0.5558,0.3059,0.675,0.2706,0.3843,0.8895,1.0,0.9406,0.9565,0.8993,0.9269,0.9139,0.9492,0.9312,0.276,0.7843,0.4066,0.6655,0.5838,0.6212,0.7069,0.8753,0.7812
8,poly,1.0,0.1,balanced,2,0.7353,0.7509,0.7191,0.6886,0.7353,0.6759,0.0441,0.2102,0.2491,0.2647,-0.0156,0.2523,0.5466,0.3426,0.7257,0.1872,0.297,0.8619,1.0,0.9253,0.9572,0.793,0.8674,0.8914,0.8814,0.8863,0.5294,0.8196,0.6425,0.6007,0.8407,0.7001,0.69,0.8142,0.7461
5,rbf,5.0,auto,balanced,2,0.7326,0.7974,0.729,0.6646,0.7326,0.6716,0.0384,0.1958,0.2026,0.2674,-0.0648,0.2143,0.5224,0.3018,0.6227,0.3275,0.4271,0.9032,0.9727,0.9356,0.9571,0.8996,0.9274,0.9181,0.952,0.9347,0.2991,0.7196,0.4221,0.6729,0.5964,0.6313,0.7292,0.8705,0.7927
5,rbf,5.0,auto,balanced,3,0.7326,0.7974,0.729,0.6646,0.7326,0.6716,0.0384,0.1958,0.2026,0.2674,-0.0648,0.2143,0.5224,0.3018,0.6227,0.3275,0.4271,0.9032,0.9727,0.9356,0.9571,0.8996,0.9274,0.9181,0.952,0.9347,0.2991,0.7196,0.4221,0.6729,0.5964,0.6313,0.7292,0.8705,0.7927
7,rbf,100.0,0.01,,3,0.7315,0.7504,0.8237,0.7451,0.7315,0.7279,0.031,0.176,0.2496,0.2685,-0.019,0.1436,0.0061,0.0115,0.6172,0.6782,0.646,0.9321,0.9658,0.9473,0.9638,0.9353,0.9493,0.9067,0.9696,0.9371,0.8182,0.6608,0.7289,0.7301,0.829,0.7763,0.8488,0.807,0.8271
9,rbf,1.0,0.001,balanced,3,0.7306,0.7317,0.6953,0.6422,0.7306,0.6074,0.0404,0.201,0.2683,0.2694,-0.0011,0.2173,0.7227,0.3324,0.8483,0.0912,0.164,0.7162,1.0,0.8333,0.9379,0.8974,0.9171,0.8698,0.9383,0.9027,0.2628,0.7686,0.3907,0.7104,0.5814,0.6347,0.575,0.8453,0.6843
5,rbf,10.0,auto,balanced,2,0.7297,0.8087,0.7337,0.6701,0.7297,0.6769,0.0384,0.196,0.1913,0.2703,-0.079,0.2166,0.5143,0.3029,0.606,0.3399,0.4332,0.9301,0.9591,0.9434,0.9593,0.9033,0.9304,0.9162,0.9496,0.9326,0.3172,0.6922,0.4342,0.6767,0.6107,0.641,0.7393,0.8682,0.7973
5,rbf,1.0,0.1,balanced,2,0.7293,0.7507,0.7065,0.6369,0.7293,0.6428,0.0393,0.1981,0.2493,0.2707,-0.0214,0.2058,0.5507,0.2988,0.6461,0.2805,0.3894,0.7859,1.0,0.8792,0.9551,0.889,0.9208,0.9149,0.9499,0.932,0.2387,0.7647,0.3636,0.6517,0.5363,0.5877,0.6972,0.8633,0.7709
5,linear,5.0,0.001,balanced,3,0.728,0.7405,0.715,0.6545,0.728,0.6568,0.0412,0.2029,0.2595,0.272,-0.0126,0.209,0.5192,0.2979,0.6577,0.2823,0.3942,0.9063,1.0,0.9498,0.9558,0.8987,0.9263,0.912,0.9417,0.9265,0.2678,0.749,0.3932,0.6377,0.5743,0.6042,0.6897,0.8586,0.7627
5,linear,5.0,scale,balanced,3,0.728,0.7405,0.715,0.6545,0.728,0.6568,0.0412,0.2029,0.2595,0.272,-0.0126,0.209,0.5192,0.2979,0.6577,0.2823,0.3942,0.9063,1.0,0.9498,0.9558,0.8987,0.9263,0.912,0.9417,0.9265,0.2678,0.749,0.3932,0.6377,0.5743,0.6042,0.6897,0.8586,0.7627
5,linear,25.0,0.1,balanced,3,0.7259,0.7405,0.7164,0.6556,0.7259,0.6574,0.0411,0.2028,0.2595,0.2741,-0.0146,0.2101,0.5172,0.2987,0.6587,0.2884,0.4003,0.912,0.98,0.9428,0.9548,0.9005,0.9268,0.9114,0.9436,0.9272,0.2727,0.7412,0.3972,0.6377,0.5739,0.604,0.6872,0.8622,0.7627
5,linear,1.0,0.001,balanced,3,0.7254,0.7366,0.7101,0.6475,0.7254,0.6502,0.0414,0.2034,0.2634,0.2746,-0.0112,0.2061,0.5243,0.2957,0.6589,0.2736,0.3859,0.8798,1.0,0.935,0.9556,0.8966,0.9251,0.9115,0.9383,0.9247,0.2595,0.7471,0.3842,0.6331,0.5639,0.5964,0.6752,0.8598,0.7544
5,linear,0.5,0.1,balanced,3,0.7248,0.7319,0.7074,0.6425,0.7248,0.6454,0.0414,0.2036,0.2681,0.2752,-0.0071,0.2055,0.5273,0.2956,0.6664,0.2703,0.3839,0.8364,1.0,0.9094,0.9555,0.8916,0.9224,0.9114,0.9376,0.9243,0.2536,0.7588,0.3792,0.6291,0.5611,0.5929,0.6821,0.8514,0.7553
5,linear,0.5,0.05,balanced,2,0.7248,0.7319,0.7074,0.6425,0.7248,0.6454,0.0414,0.2036,0.2681,0.2752,-0.0071,0.2055,0.5273,0.2956,0.6664,0.2703,0.3839,0.8364,1.0,0.9094,0.9555,0.8916,0.9224,0.9114,0.9376,0.9243,0.2536,0.7588,0.3792,0.6291,0.5611,0.5929,0.6821,0.8514,0.7553
5,rbf,100.0,0.001,balanced,3,0.7248,0.7326,0.7057,0.6326,0.7248,0.6368,0.0411,0.2028,0.2674,0.2752,-0.0078,0.2061,0.5162,0.2943,0.6785,0.2562,0.3713,0.7496,1.0,0.8561,0.955,0.8881,0.9203,0.9086,0.9356,0.9219,0.2509,0.7902,0.3799,0.6274,0.5703,0.5971,0.6847,0.8418,0.7537
5,linear,100.0,scale,balanced,3,0.7247,0.7412,0.7164,0.655,0.7247,0.6567,0.0411,0.2027,0.2588,0.2753,-0.0165,0.2094,0.5162,0.2978,0.6579,0.2881,0.3999,0.9054,0.9731,0.936,0.9543,0.9015,0.927,0.9111,0.9433,0.9269,0.2744,0.7431,0.3993,0.638,0.5739,0.6041,0.6898,0.8586,0.7627
5,linear,50.0,0.1,balanced,2,0.7246,0.7413,0.716,0.6551,0.7246,0.6566,0.0411,0.2027,0.2587,0.2754,-0.0167,0.2096,0.5162,0.298,0.6577,0.2884,0.4001,0.9118,0.9731,0.9393,0.9545,0.9007,0.9268,0.9115,0.9429,0.9269,0.273,0.7412,0.3975,0.6374,0.5733,0.6035,0.6854,0.861,0.7611
5,linear,50.0,0.1,balanced,3,0.7246,0.7413,0.716,0.6551,0.7246,0.6566,0.0411,0.2027,0.2587,0.2754,-0.0167,0.2096,0.5162,0.298,0.6577,0.2884,0.4001,0.9118,0.9731,0.9393,0.9545,0.9007,0.9268,0.9115,0.9429,0.9269,0.273,0.7412,0.3975,0.6374,0.5733,0.6035,0.6854,0.861,0.7611
9,poly,100.0,auto,,2,0.7227,0.772,0.8065,0.7487,0.7227,0.7201,0.0396,0.1987,0.228,0.2773,-0.0494,0.2902,0.0304,0.0537,0.6221,0.593,0.607,0.9389,0.966,0.9507,0.9477,0.9124,0.9297,0.9217,0.952,0.9365,0.7242,0.7039,0.7116,0.6829,0.8537,0.7587,0.8619,0.7698,0.8128
9,linear,10.0,0.001,,2,0.7202,0.7299,0.8167,0.7079,0.7202,0.7114,0.0328,0.181,0.2701,0.2798,-0.0097,0.0,0.0,0.0,0.6,0.6758,0.635,0.9173,0.9931,0.9525,0.9619,0.9282,0.9447,0.9149,0.9639,0.9386,0.7053,0.5863,0.6364,0.7272,0.8258,0.7732,0.8365,0.7889,0.811
9,linear,5.0,0.01,,3,0.7192,0.7294,0.8166,0.7044,0.7192,0.7093,0.0327,0.1809,0.2706,0.2808,-0.0101,0.0,0.0,0.0,0.6001,0.6746,0.6346,0.8993,0.9931,0.943,0.9618,0.9293,0.9452,0.9142,0.9641,0.9384,0.6975,0.5784,0.6299,0.7279,0.8254,0.7734,0.8342,0.7889,0.81
9,rbf,100.0,0.001,,3,0.7189,0.7199,0.8161,0.7185,0.7189,0.7144,0.0323,0.1797,0.2801,0.2811,-0.0009,0.0,0.0,0.0,0.6137,0.6649,0.6379,0.9454,0.9867,0.9644,0.9643,0.9258,0.9446,0.9007,0.9672,0.9327,0.8229,0.5725,0.6729,0.7173,0.8297,0.7692,0.7839,0.8046,0.7933
9,poly,100.0,0.1,,3,0.7186,0.794,0.8066,0.7508,0.7186,0.7221,0.0439,0.2093,0.206,0.2814,-0.0753,0.3101,0.0729,0.1145,0.6303,0.5596,0.5928,0.9298,0.9388,0.9329,0.9725,0.9097,0.94,0.9327,0.9537,0.9431,0.708,0.6588,0.681,0.6636,0.8736,0.7542,0.8596,0.7818,0.818
9,linear,50.0,scale,,2,0.7181,0.7332,0.8163,0.7076,0.7181,0.7103,0.0328,0.1811,0.2668,0.2819,-0.0151,0.0,0.0,0.0,0.5992,0.6791,0.6362,0.9118,0.9729,0.939,0.9607,0.9276,0.9438,0.9164,0.9631,0.9392,0.7105,0.5921,0.6432,0.7265,0.8236,0.7718,0.8354,0.7866,0.8095
9,linear,100.0,0.01,,2,0.7178,0.7333,0.816,0.7081,0.7178,0.7103,0.0329,0.1813,0.2667,0.2822,-0.0155,0.0,0.0,0.0,0.5984,0.6782,0.6354,0.9118,0.9729,0.939,0.9605,0.9273,0.9435,0.9152,0.9631,0.9385,0.7141,0.5921,0.6443,0.7263,0.8234,0.7716,0.8385,0.7854,0.8104
8,linear,50.0,0.05,,2,0.7154,0.7308,0.814,0.7033,0.7154,0.707,0.0332,0.1822,0.2692,0.2846,-0.0155,0.0,0.0,0.0,0.5979,0.6707,0.6317,0.9118,0.9729,0.939,0.9608,0.9276,0.9439,0.9061,0.96,0.9322,0.6934,0.5823,0.6305,0.7261,0.8228,0.7713,0.8303,0.7865,0.8072
5,rbf,50.0,auto,balanced,2,0.7153,0.8411,0.7378,0.6733,0.7153,0.6784,0.039,0.1974,0.1589,0.2847,-0.1258,0.2077,0.4647,0.2853,0.5956,0.373,0.457,0.9361,0.9526,0.9435,0.9585,0.9074,0.9321,0.9158,0.947,0.9311,0.3473,0.6275,0.4452,0.6708,0.6278,0.6479,0.7547,0.8226,0.7853
9,poly,50.0,auto,,3,0.7139,0.7836,0.8044,0.7479,0.7139,0.7177,0.0426,0.2063,0.2164,0.2861,-0.0697,0.2915,0.0597,0.0962,0.6263,0.5569,0.5894,0.9298,0.9388,0.9329,0.9747,0.9031,0.9375,0.9353,0.9518,0.9434,0.7084,0.6431,0.6735,0.6568,0.8809,0.7524,0.8603,0.777,0.816
9,linear,1.0,scale,,3,0.7094,0.7188,0.815,0.703,0.7094,0.703,0.0326,0.1806,0.2812,0.2906,-0.0094,0.0,0.0,0.0,0.6005,0.6722,0.6338,0.9147,0.966,0.9378,0.9614,0.9286,0.9447,0.9086,0.966,0.9363,0.6939,0.5196,0.5917,0.726,0.8244,0.7719,0.8189,0.7986,0.808
8,poly,100.0,0.05,,2,0.7086,0.7386,0.796,0.7141,0.7086,0.7056,0.0398,0.1993,0.2614,0.2914,-0.03,0.05,0.004,0.0075,0.6223,0.556,0.5871,0.9387,0.9522,0.9434,0.9458,0.8969,0.9207,0.9088,0.9419,0.925,0.7315,0.6843,0.706,0.6563,0.8706,0.7483,0.8595,0.7626,0.8071
7,poly,0.5,auto,balanced,2,0.7082,0.7277,0.6989,0.6592,0.7082,0.6443,0.0465,0.2156,0.2723,0.2918,-0.0195,0.2428,0.5487,0.3352,0.6874,0.1556,0.2535,0.862,1.0,0.9254,0.9541,0.7897,0.864,0.88,0.8754,0.8776,0.3738,0.6941,0.4837,0.5823,0.7977,0.6726,0.6909,0.8046,0.7426
6,poly,50.0,0.05,balanced,2,0.7051,0.7294,0.6596,0.6744,0.7051,0.6469,0.0486,0.2204,0.2706,0.2949,-0.0242,0.1423,0.6244,0.23,0.678,0.1896,0.2963,0.9312,0.9729,0.9507,0.9506,0.8009,0.8692,0.8749,0.8956,0.8851,0.5053,0.7804,0.6131,0.6117,0.546,0.5722,0.7009,0.831,0.7591
8,linear,0.5,0.001,,2,0.7045,0.7114,0.812,0.705,0.7045,0.6999,0.0331,0.1819,0.2886,0.2955,-0.0069,0.0,0.0,0.0,0.596,0.6686,0.6297,0.9327,0.98,0.9547,0.9626,0.9267,0.9442,0.9036,0.9593,0.9305,0.7184,0.4765,0.5689,0.721,0.8262,0.7698,0.8054,0.7986,0.8012
9,poly,10.0,scale,,2,0.7043,0.7297,0.7934,0.7446,0.7043,0.7028,0.038,0.195,0.2703,0.2957,-0.0254,0.2907,0.0051,0.0094,0.6339,0.5334,0.5792,0.9304,0.9655,0.9466,0.9446,0.8898,0.9163,0.9157,0.9431,0.9291,0.7585,0.651,0.6999,0.643,0.8861,0.7451,0.8396,0.7602,0.7965
5,rbf,0.1,scale,balanced,2,0.7035,0.7153,0.6906,0.6154,0.7035,0.616,0.0426,0.2062,0.2847,0.2965,-0.0118,0.1995,0.4787,0.2808,0.6501,0.2209,0.3279,0.7429,1.0,0.8515,0.9442,0.8829,0.9124,0.8965,0.9429,0.9191,0.2009,0.7255,0.3147,0.6167,0.545,0.5783,0.6728,0.8322,0.7429
4,rbf,100.0,0.01,balanced,2,0.6973,0.7167,0.6762,0.6254,0.6973,0.6151,0.0422,0.2056,0.2833,0.3027,-0.0194,0.1771,0.5041,0.2614,0.648,0.2459,0.3524,0.7953,0.9795,0.8768,0.9446,0.8838,0.9132,0.9056,0.9422,0.9235,0.1782,0.7314,0.2862,0.6182,0.4604,0.5273,0.7359,0.831,0.7798
8,poly,25.0,0.05,,2,0.6925,0.7169,0.783,0.7048,0.6925,0.6915,0.0388,0.197,0.2831,0.3075,-0.0244,0.0286,0.003,0.0055,0.6289,0.4934,0.5528,0.9206,0.9655,0.941,0.9399,0.8802,0.9091,0.9055,0.9313,0.9181,0.7507,0.6157,0.6752,0.6261,0.8954,0.7368,0.8384,0.7554,0.7934
7,linear,1.0,0.1,,2,0.6907,0.7007,0.8031,0.6989,0.6907,0.6881,0.0342,0.185,0.2993,0.3093,-0.01,0.0,0.0,0.0,0.5819,0.662,0.619,0.9206,0.9591,0.9372,0.9603,0.927,0.9432,0.9028,0.9607,0.9309,0.7321,0.4314,0.5386,0.7011,0.7975,0.7461,0.7923,0.7878,0.7894
4,rbf,25.0,scale,balanced,3,0.6856,0.7475,0.6793,0.6271,0.6856,0.6187,0.0426,0.2064,0.2525,0.3144,-0.0619,0.171,0.4981,0.2533,0.591,0.2727,0.372,0.8394,0.9184,0.8752,0.9469,0.8867,0.9157,0.9045,0.9371,0.9204,0.1966,0.6922,0.3057,0.6249,0.4667,0.5319,0.7428,0.813,0.7756
4,linear,5.0,0.1,balanced,3,0.6845,0.6941,0.6801,0.6149,0.6845,0.6098,0.0441,0.21,0.3059,0.3155,-0.0097,0.1788,0.4413,0.254,0.6651,0.2549,0.3678,0.766,0.9591,0.8459,0.9417,0.8832,0.9115,0.9039,0.9335,0.9184,0.1839,0.6824,0.2896,0.5835,0.499,0.5374,0.696,0.8226,0.7534
4,linear,5.0,0.1,balanced,2,0.6845,0.6941,0.6801,0.6149,0.6845,0.6098,0.0441,0.21,0.3059,0.3155,-0.0097,0.1788,0.4413,0.254,0.6651,0.2549,0.3678,0.766,0.9591,0.8459,0.9417,0.8832,0.9115,0.9039,0.9335,0.9184,0.1839,0.6824,0.2896,0.5835,0.499,0.5374,0.696,0.8226,0.7534
4,rbf,10.0,auto,balanced,2,0.6825,0.7588,0.6822,0.625,0.6825,0.6203,0.043,0.2073,0.2412,0.3175,-0.0763,0.1712,0.4789,0.2503,0.5772,0.2869,0.382,0.852,0.932,0.8878,0.9463,0.889,0.9167,0.9038,0.9392,0.9211,0.196,0.6451,0.2999,0.6243,0.4727,0.5352,0.7294,0.8166,0.7698
4,linear,100.0,0.01,balanced,2,0.6815,0.6953,0.6806,0.6189,0.6815,0.6113,0.0442,0.2102,0.3047,0.3185,-0.0137,0.1796,0.4433,0.2551,0.6653,0.2559,0.3688,0.8075,0.9389,0.8625,0.9415,0.8845,0.912,0.9025,0.9344,0.9182,0.1835,0.6726,0.2882,0.5843,0.499,0.5378,0.6865,0.8238,0.748
5,poly,10.0,auto,balanced,2,0.6788,0.7018,0.6326,0.6431,0.6788,0.6105,0.0493,0.2221,0.2982,0.3212,-0.023,0.1336,0.6661,0.2223,0.6346,0.1728,0.2713,0.9259,0.9731,0.9479,0.942,0.805,0.868,0.8762,0.8995,0.8876,0.3032,0.6588,0.4146,0.6187,0.4385,0.5126,0.7109,0.8166,0.7594
3,rbf,1.0,0.1,balanced,3,0.6757,0.6932,0.6636,0.598,0.6757,0.5907,0.044,0.2097,0.3068,0.3243,-0.0175,0.1594,0.4515,0.235,0.6017,0.2215,0.3214,0.6846,0.9862,0.8068,0.9407,0.8735,0.9058,0.8992,0.9412,0.9197,0.1649,0.698,0.2665,0.6111,0.46,0.5244,0.7223,0.7734,0.7461
9,linear,0.1,scale,,2,0.6743,0.6696,0.8074,0.7139,0.6743,0.6717,0.0331,0.182,0.3304,0.3257,0.0047,0.0,0.0,0.0,0.5909,0.6638,0.6247,0.9583,0.9731,0.9639,0.9656,0.9223,0.9434,0.9,0.9648,0.9313,0.8213,0.2314,0.3599,0.7086,0.8349,0.7664,0.7659,0.8045,0.784
5,poly,1.0,auto,balanced,3,0.6734,0.7075,0.6321,0.6617,0.6734,0.6119,0.0458,0.2141,0.2925,0.3266,-0.0341,0.1324,0.7632,0.2253,0.6557,0.1833,0.2851,0.9416,0.9524,0.9459,0.9783,0.8212,0.8928,0.9414,0.9012,0.9208,0.2816,0.5667,0.3744,0.616,0.4006,0.4804,0.747,0.7986,0.7708
3,rbf,25.0,0.05,balanced,2,0.6729,0.7016,0.6624,0.6126,0.6729,0.5965,0.0437,0.209,0.2984,0.3271,-0.0287,0.1562,0.4677,0.2336,0.6053,0.2161,0.3151,0.7813,0.925,0.8462,0.942,0.8758,0.9075,0.8989,0.9383,0.9181,0.1721,0.7274,0.2781,0.6145,0.4522,0.5199,0.7305,0.7806,0.7536
6,linear,10.0,scale,,3,0.6711,0.6797,0.77,0.676,0.6711,0.6669,0.0391,0.1979,0.3203,0.3289,-0.0086,0.0,0.0,0.0,0.5559,0.4401,0.4908,0.9059,1.0,0.9498,0.9453,0.9201,0.9325,0.8969,0.9593,0.927,0.6898,0.4588,0.5503,0.5995,0.8099,0.6889,0.8144,0.7806,0.7963
6,linear,10.0,scale,,2,0.6711,0.6797,0.77,0.676,0.6711,0.6669,0.0391,0.1979,0.3203,0.3289,-0.0086,0.0,0.0,0.0,0.5559,0.4401,0.4908,0.9059,1.0,0.9498,0.9453,0.9201,0.9325,0.8969,0.9593,0.927,0.6898,0.4588,0.5503,0.5995,0.8099,0.6889,0.8144,0.7806,0.7963
3,rbf,0.1,auto,balanced,3,0.6704,0.6905,0.669,0.5962,0.6704,0.5956,0.045,0.212,0.3095,0.3296,-0.0201,0.1613,0.3968,0.2287,0.5678,0.254,0.3466,0.705,0.9662,0.8132,0.9434,0.8669,0.9033,0.8971,0.9333,0.9147,0.1699,0.6824,0.2719,0.6038,0.4902,0.5408,0.7209,0.7734,0.7453
3,rbf,0.1,auto,balanced,2,0.6704,0.6905,0.669,0.5962,0.6704,0.5956,0.045,0.212,0.3095,0.3296,-0.0201,0.1613,0.3968,0.2287,0.5678,0.254,0.3466,0.705,0.9662,0.8132,0.9434,0.8669,0.9033,0.8971,0.9333,0.9147,0.1699,0.6824,0.2719,0.6038,0.4902,0.5408,0.7209,0.7734,0.7453
5,poly,0.5,auto,balanced,3,0.6694,0.6948,0.6218,0.6625,0.6694,0.605,0.046,0.2145,0.3052,0.3306,-0.0254,0.1283,0.7764,0.2196,0.6803,0.1692,0.2698,0.9422,0.9591,0.9493,0.9794,0.8093,0.8861,0.9421,0.893,0.9168,0.2717,0.5667,0.3662,0.6133,0.3853,0.4649,0.7427,0.7962,0.7674
5,rbf,50.0,scale,,3,0.6693,0.7305,0.7798,0.6891,0.6693,0.6666,0.0383,0.1956,0.2695,0.3307,-0.0612,0.1633,0.0091,0.0168,0.5883,0.5163,0.549,0.9202,0.9522,0.9341,0.947,0.923,0.9348,0.9052,0.959,0.9313,0.5229,0.3902,0.4452,0.6236,0.8001,0.7006,0.8423,0.8046,0.8211
6,poly,5.0,0.05,balanced,2,0.6666,0.6807,0.614,0.6546,0.6666,0.6032,0.0514,0.2267,0.3193,0.3334,-0.0141,0.1203,0.673,0.2024,0.7168,0.1276,0.2166,0.8637,1.0,0.9259,0.9408,0.7779,0.8515,0.87,0.8759,0.8728,0.4458,0.6314,0.5189,0.5829,0.4474,0.4931,0.6968,0.7998,0.7442
5,rbf,0.1,0.01,balanced,3,0.6666,0.6648,0.6638,0.6222,0.6666,0.5702,0.0454,0.2129,0.3352,0.3334,0.0018,0.183,0.395,0.2377,0.9035,0.0846,0.1541,0.7461,1.0,0.8527,0.905,0.899,0.902,0.8662,0.932,0.8978,0.1669,0.6667,0.2668,0.5876,0.532,0.5435,0.6194,0.8238,0.7065
3,rbf,5.0,auto,balanced,3,0.666,0.7251,0.6663,0.6074,0.666,0.599,0.0447,0.2113,0.2749,0.334,-0.0591,0.1528,0.4375,0.2248,0.563,0.2559,0.3479,0.7831,0.9117,0.8417,0.9429,0.8717,0.9057,0.8999,0.9383,0.9186,0.1781,0.6765,0.2818,0.6145,0.4604,0.524,0.7253,0.7758,0.748
7,rbf,100.0,0.001,,3,0.6638,0.6645,0.803,0.7139,0.6638,0.6569,0.0335,0.183,0.3355,0.3362,-0.0008,0.0,0.0,0.0,0.5789,0.6743,0.6225,0.9505,0.9867,0.9673,0.9638,0.9256,0.9443,0.8995,0.9598,0.9286,0.8451,0.153,0.2559,0.7051,0.8182,0.7574,0.7682,0.7926,0.7794
3,rbf,100.0,scale,balanced,2,0.6612,0.7282,0.6622,0.612,0.6612,0.5975,0.0448,0.2117,0.2718,0.3388,-0.0669,0.1502,0.4476,0.2234,0.5627,0.2426,0.3339,0.8182,0.898,0.8503,0.9426,0.8674,0.9033,0.8937,0.9383,0.9154,0.1745,0.6608,0.2758,0.6131,0.4568,0.521,0.7409,0.7782,0.7566
9,poly,25.0,0.05,,3,0.6551,0.6778,0.7624,0.73,0.6551,0.6662,0.0398,0.1993,0.3222,0.3449,-0.0227,0.1985,0.0132,0.0238,0.6201,0.4082,0.492,0.9286,0.9522,0.9395,0.9802,0.8492,0.91,0.9357,0.9349,0.9352,0.7732,0.4314,0.5519,0.5562,0.9225,0.6939,0.8473,0.729,0.7831
3,linear,100.0,auto,balanced,3,0.6547,0.6768,0.6681,0.5957,0.6547,0.5888,0.0456,0.2135,0.3232,0.3453,-0.0221,0.1707,0.411,0.2407,0.6009,0.2345,0.3357,0.7595,0.898,0.8153,0.9344,0.8808,0.9068,0.8954,0.9308,0.9127,0.161,0.6196,0.2554,0.5785,0.4884,0.5293,0.665,0.7746,0.7149
3,rbf,25.0,auto,balanced,3,0.6539,0.7415,0.6651,0.6078,0.6539,0.5974,0.0454,0.2131,0.2585,0.3461,-0.0876,0.1527,0.4314,0.2241,0.5443,0.2634,0.3511,0.8186,0.8842,0.8439,0.9422,0.8678,0.9032,0.8944,0.9311,0.9123,0.1719,0.6137,0.2685,0.6128,0.4711,0.5305,0.7259,0.7686,0.7454
7,rbf,0.5,auto,,2,0.6538,0.6582,0.8066,0.7418,0.6538,0.648,0.033,0.1816,0.3418,0.3462,-0.0044,0.0,0.0,0.0,0.5916,0.6586,0.6229,0.9619,0.9462,0.9526,0.9667,0.9279,0.9468,0.9012,0.9737,0.9361,1.0,0.0863,0.1572,0.6941,0.8361,0.7584,0.8189,0.8022,0.81
5,rbf,25.0,0.05,,2,0.6527,0.6726,0.7799,0.6973,0.6527,0.6513,0.0379,0.1947,0.3274,0.3473,-0.0198,0.16,0.0041,0.0078,0.5964,0.5142,0.5516,0.9275,0.9658,0.9445,0.9418,0.9201,0.9308,0.9052,0.9679,0.9355,0.5884,0.2216,0.3123,0.6148,0.8152,0.7007,0.8444,0.813,0.8275
7,linear,0.1,0.1,,2,0.644,0.6401,0.7929,0.707,0.644,0.6289,0.0348,0.1865,0.3599,0.356,0.0039,0.0,0.0,0.0,0.5658,0.649,0.6041,0.965,0.9798,0.9709,0.9642,0.9212,0.9422,0.8934,0.9593,0.9251,0.8267,0.0392,0.0736,0.6831,0.8094,0.7407,0.7577,0.7938,0.7747
7,linear,0.1,auto,,3,0.644,0.6401,0.7929,0.707,0.644,0.6289,0.0348,0.1865,0.3599,0.356,0.0039,0.0,0.0,0.0,0.5658,0.649,0.6041,0.965,0.9798,0.9709,0.9642,0.9212,0.9422,0.8934,0.9593,0.9251,0.8267,0.0392,0.0736,0.6831,0.8094,0.7407,0.7577,0.7938,0.7747
7,poly,0.5,0.05,balanced,2,0.6402,0.6551,0.6335,0.6444,0.6402,0.5769,0.0529,0.2299,0.3449,0.3598,-0.0149,0.174,0.4668,0.2415,0.8767,0.0786,0.144,0.7782,1.0,0.8741,0.9344,0.7435,0.8281,0.9017,0.798,0.8466,0.2869,0.5412,0.3733,0.5116,0.7317,0.5836,0.6917,0.7614,0.7244
3,poly,50.0,scale,balanced,3,0.6332,0.6575,0.5941,0.6195,0.6332,0.5589,0.0492,0.2217,0.3425,0.3668,-0.0243,0.1203,0.7672,0.2079,0.6017,0.1379,0.2231,0.8092,0.9044,0.8489,0.9628,0.8407,0.8974,0.9268,0.8802,0.9028,0.179,0.5157,0.2651,0.595,0.2726,0.3733,0.7609,0.747,0.7529
8,poly,1.0,scale,,2,0.6291,0.6425,0.7389,0.6992,0.6291,0.6377,0.0421,0.205,0.3575,0.3709,-0.0134,0.025,0.002,0.0037,0.6344,0.3065,0.4127,0.9604,0.9258,0.9413,0.9127,0.8469,0.8785,0.8948,0.9053,0.8999,0.84,0.3725,0.5138,0.5464,0.9219,0.686,0.7798,0.7518,0.7652
5,linear,10.0,scale,,3,0.627,0.6266,0.7573,0.6253,0.627,0.6164,0.0413,0.2031,0.3734,0.373,0.0005,0.0,0.0,0.0,0.5408,0.4347,0.4816,0.9011,1.0,0.9469,0.9366,0.9162,0.9262,0.8963,0.9578,0.926,0.3433,0.1333,0.1902,0.5795,0.7995,0.6718,0.8046,0.7746,0.7882
5,linear,50.0,0.1,,2,0.6267,0.629,0.7582,0.6348,0.6267,0.6194,0.0413,0.2032,0.371,0.3733,-0.0023,0.0,0.0,0.0,0.542,0.435,0.4823,0.9164,0.9731,0.942,0.9367,0.9171,0.9267,0.8972,0.9593,0.9272,0.3936,0.1529,0.2118,0.5802,0.7991,0.6721,0.8123,0.777,0.7929
5,linear,5.0,scale,,3,0.6258,0.6266,0.7569,0.6263,0.6258,0.6155,0.0412,0.2031,0.3734,0.3742,-0.0008,0.0,0.0,0.0,0.5403,0.4344,0.4813,0.9059,1.0,0.9498,0.9365,0.9156,0.9259,0.8968,0.9568,0.9259,0.3475,0.1255,0.1825,0.5785,0.8003,0.6714,0.8046,0.7734,0.7876
8,poly,10.0,0.05,,3,0.6215,0.633,0.7382,0.7169,0.6215,0.6315,0.0404,0.2009,0.367,0.3785,-0.0115,0.1572,0.0101,0.0186,0.621,0.3269,0.428,0.9248,0.9586,0.9399,0.9825,0.8289,0.8991,0.9302,0.9084,0.9191,0.7724,0.2843,0.4131,0.5169,0.939,0.6668,0.8299,0.7158,0.7678
9,rbf,10.0,0.001,,3,0.6196,0.6249,0.7919,0.6417,0.6196,0.6092,0.0338,0.1838,0.3751,0.3804,-0.0053,0.0,0.0,0.0,0.5971,0.5798,0.588,1.0,0.8308,0.9057,0.9635,0.913,0.9375,0.8835,0.966,0.9229,0.3,0.0039,0.0077,0.6662,0.8636,0.7521,0.7237,0.7998,0.7595
5,rbf,1.0,0.1,,3,0.6187,0.6245,0.7703,0.6338,0.6187,0.606,0.0391,0.1978,0.3755,0.3813,-0.0058,0.2,0.001,0.002,0.6002,0.4651,0.5233,0.9554,0.9598,0.9569,0.936,0.9156,0.9256,0.8971,0.9725,0.9333,0.0667,0.002,0.0038,0.5904,0.8341,0.6912,0.8245,0.7998,0.8115
7,poly,1.0,auto,,2,0.6166,0.6289,0.7387,0.6844,0.6166,0.6194,0.043,0.2074,0.3711,0.3834,-0.0123,0.0333,0.003,0.0056,0.6045,0.3561,0.4468,0.9211,0.966,0.9413,0.9214,0.8563,0.8876,0.8818,0.8971,0.8892,0.7624,0.2118,0.331,0.5516,0.8989,0.6835,0.7992,0.7434,0.7698
6,rbf,1.0,0.05,,2,0.6158,0.6195,0.7739,0.6725,0.6158,0.6044,0.0365,0.1911,0.3805,0.3842,-0.0037,0.0,0.0,0.0,0.6015,0.4768,0.5311,0.9591,0.9129,0.9341,0.9356,0.9128,0.924,0.8944,0.9699,0.9306,0.6,0.0098,0.0192,0.6081,0.8493,0.7086,0.7816,0.795,0.7875
8,poly,0.5,auto,,3,0.6142,0.6195,0.7311,0.716,0.6142,0.6228,0.0402,0.2005,0.3805,0.3858,-0.0053,0.1357,0.0081,0.0151,0.6266,0.2944,0.4003,0.9323,0.9793,0.9542,0.9831,0.8243,0.8967,0.9321,0.9021,0.9168,0.7865,0.251,0.379,0.5043,0.9456,0.6578,0.8272,0.7087,0.7625
6,linear,0.1,0.05,,2,0.6132,0.6111,0.7545,0.7023,0.6132,0.605,0.0403,0.2008,0.3889,0.3868,0.0022,0.0,0.0,0.0,0.5505,0.4115,0.4706,0.9524,0.9464,0.949,0.939,0.9116,0.9251,0.888,0.9641,0.9244,0.9682,0.0745,0.1341,0.5701,0.8088,0.6687,0.7496,0.789,0.768
5,linear,1.0,0.001,,3,0.6119,0.6185,0.7554,0.6351,0.6119,0.6037,0.0415,0.2036,0.3815,0.3881,-0.0066,0.0,0.0,0.0,0.5449,0.4302,0.4804,0.9413,0.9462,0.9431,0.9369,0.9147,0.9256,0.8951,0.9585,0.9257,0.4061,0.0608,0.1041,0.5729,0.8033,0.6687,0.7836,0.7818,0.7819
5,linear,1.0,auto,,2,0.6119,0.6185,0.7554,0.6351,0.6119,0.6037,0.0415,0.2036,0.3815,0.3881,-0.0066,0.0,0.0,0.0,0.5449,0.4302,0.4804,0.9413,0.9462,0.9431,0.9369,0.9147,0.9256,0.8951,0.9585,0.9257,0.4061,0.0608,0.1041,0.5729,0.8033,0.6687,0.7836,0.7818,0.7819
3,poly,1.0,0.1,balanced,3,0.6098,0.6241,0.6126,0.624,0.6098,0.5506,0.0491,0.2215,0.3759,0.3902,-0.0143,0.1238,0.4512,0.1702,0.7621,0.0999,0.1765,0.7261,0.9389,0.8177,0.9846,0.7684,0.8631,0.9362,0.8236,0.8763,0.1855,0.4882,0.2675,0.5311,0.5901,0.5041,0.7429,0.7183,0.7293
5,rbf,100.0,0.001,,3,0.6094,0.6123,0.7556,0.5845,0.6094,0.593,0.0407,0.2017,0.3877,0.3906,-0.003,0.0,0.0,0.0,0.5513,0.4287,0.4821,0.955,0.9731,0.9634,0.9367,0.9112,0.9237,0.8887,0.9612,0.9235,0.0,0.0,0.0,0.5754,0.812,0.6734,0.7687,0.789,0.7781
4,rbf,100.0,scale,,3,0.6092,0.6553,0.7501,0.6459,0.6092,0.6027,0.0429,0.2072,0.3447,0.3908,-0.0462,0.1778,0.0081,0.0152,0.5928,0.366,0.4506,0.8772,0.8975,0.8826,0.9271,0.9085,0.9176,0.8822,0.96,0.9194,0.3359,0.1216,0.17,0.5613,0.8228,0.6671,0.8127,0.789,0.7994
4,rbf,25.0,0.1,,3,0.6077,0.6343,0.7518,0.6381,0.6077,0.5963,0.0425,0.2062,0.3657,0.3923,-0.0265,0.1333,0.0041,0.0078,0.6007,0.3654,0.4529,0.8911,0.932,0.9098,0.922,0.9098,0.9158,0.883,0.9653,0.9223,0.2966,0.0569,0.086,0.56,0.8287,0.6682,0.8185,0.7998,0.8081
5,rbf,0.5,scale,,3,0.6071,0.6138,0.7644,0.5963,0.6071,0.5964,0.0397,0.1994,0.3862,0.3929,-0.0067,0.0,0.0,0.0,0.6,0.4329,0.5018,0.9658,0.906,0.934,0.9339,0.9127,0.9231,0.8898,0.973,0.9296,0.0,0.0,0.0,0.5807,0.8359,0.6852,0.7998,0.7962,0.7973
8,rbf,0.1,auto,,2,0.6064,0.6187,0.7885,0.6063,0.6064,0.6013,0.0339,0.184,0.3813,0.3936,-0.0123,0.0,0.0,0.0,0.5968,0.5587,0.5765,1.0,0.7559,0.8579,0.964,0.9113,0.9369,0.8763,0.9682,0.92,0.0,0.0,0.0,0.6538,0.8678,0.7457,0.7596,0.789,0.7734
4,rbf,100.0,0.05,,2,0.6032,0.6324,0.7499,0.6446,0.6032,0.5929,0.0425,0.2061,0.3676,0.3968,-0.0292,0.1794,0.0061,0.0116,0.595,0.351,0.4405,0.8741,0.9048,0.8873,0.9234,0.908,0.9155,0.882,0.967,0.9225,0.3268,0.0588,0.0907,0.5556,0.8315,0.666,0.821,0.7986,0.8087
3,poly,0.5,scale,balanced,2,0.5993,0.6069,0.5655,0.5868,0.5993,0.5161,0.056,0.2366,0.3931,0.4007,-0.0076,0.1046,0.6228,0.1751,0.7863,0.0882,0.1583,0.6572,0.9727,0.78,0.9281,0.749,0.8289,0.8597,0.8592,0.8593,0.1652,0.4078,0.2343,0.5497,0.3609,0.4076,0.6434,0.7339,0.6854
8,rbf,0.1,scale,,2,0.5973,0.6095,0.7851,0.6027,0.5973,0.5935,0.034,0.1844,0.3905,0.4027,-0.0123,0.0,0.0,0.0,0.5948,0.5388,0.5648,1.0,0.7019,0.821,0.9615,0.9112,0.9356,0.8731,0.9682,0.9182,0.0,0.0,0.0,0.6481,0.8678,0.742,0.7441,0.7902,0.766
3,poly,0.1,auto,balanced,2,0.5965,0.6097,0.5647,0.5872,0.5965,0.5152,0.0559,0.2365,0.3903,0.4035,-0.0132,0.1045,0.6278,0.1757,0.7873,0.0882,0.1583,0.6629,0.9591,0.7793,0.9273,0.7515,0.8301,0.859,0.8621,0.8604,0.1601,0.3961,0.2277,0.5507,0.3522,0.4027,0.6454,0.7351,0.6871
3,poly,50.0,scale,balanced,2,0.5963,0.624,0.5617,0.5886,0.5963,0.5201,0.0548,0.2341,0.376,0.4037,-0.0276,0.1071,0.6864,0.1848,0.6869,0.1009,0.175,0.7451,0.9115,0.8121,0.9265,0.77,0.8409,0.8476,0.88,0.8633,0.1502,0.4,0.2182,0.5744,0.2796,0.3623,0.6713,0.7422,0.7045
4,rbf,50.0,0.01,,2,0.5945,0.6019,0.748,0.6342,0.5945,0.5813,0.0426,0.2063,0.3981,0.4055,-0.0074,0.2,0.001,0.002,0.5898,0.3396,0.4284,0.9331,0.912,0.9219,0.9198,0.9054,0.9125,0.8827,0.9718,0.9251,0.2,0.002,0.0039,0.5524,0.8391,0.6661,0.7958,0.7854,0.7903
3,poly,50.0,auto,balanced,2,0.5944,0.625,0.5622,0.5909,0.5944,0.5213,0.0547,0.2339,0.375,0.4056,-0.0306,0.1071,0.6864,0.1848,0.6838,0.1018,0.1763,0.7744,0.8977,0.8244,0.9268,0.7724,0.8424,0.8452,0.88,0.8621,0.1505,0.3961,0.2179,0.5747,0.2788,0.3615,0.6647,0.7422,0.7008
4,linear,10.0,0.01,,3,0.591,0.6012,0.7396,0.5734,0.591,0.5713,0.0442,0.2104,0.3988,0.409,-0.0102,0.0,0.0,0.0,0.5405,0.3465,0.421,0.8394,0.9389,0.8822,0.9123,0.9078,0.91,0.8796,0.9658,0.9206,0.0667,0.002,0.0038,0.5483,0.8032,0.6516,0.8007,0.7638,0.7814
7,rbf,0.1,0.1,,2,0.5904,0.5973,0.7769,0.5985,0.5904,0.587,0.0355,0.1884,0.4027,0.4096,-0.0069,0.0,0.0,0.0,0.5957,0.5051,0.5453,1.0,0.6952,0.8161,0.9603,0.9106,0.9347,0.8693,0.9682,0.9161,0.0,0.0,0.0,0.6247,0.8564,0.7222,0.7379,0.7878,0.7614
7,poly,0.5,0.05,balanced,3,0.59,0.6034,0.554,0.6591,0.59,0.5284,0.0489,0.2212,0.3966,0.41,-0.0134,0.2013,0.3163,0.1717,0.9268,0.0831,0.1523,0.829,1.0,0.9058,0.993,0.6687,0.7991,0.9534,0.6469,0.7708,0.1717,0.6686,0.2557,0.4791,0.637,0.4636,0.7184,0.699,0.7084
4,linear,0.5,0.01,,3,0.5885,0.596,0.7382,0.5635,0.5885,0.5689,0.0444,0.2106,0.404,0.4115,-0.0075,0.0,0.0,0.0,0.5415,0.3384,0.4154,0.8771,0.9189,0.8931,0.9131,0.9065,0.9097,0.8784,0.9636,0.919,0.0,0.0,0.0,0.5481,0.8049,0.652,0.7496,0.7758,0.7621
3,rbf,100.0,0.1,,3,0.5843,0.6157,0.7403,0.612,0.5843,0.5745,0.0448,0.2116,0.3843,0.4157,-0.0315,0.0667,0.001,0.002,0.5628,0.2998,0.3909,0.8915,0.8504,0.8679,0.9144,0.9038,0.909,0.8681,0.9658,0.9143,0.2451,0.0471,0.0672,0.5513,0.8401,0.6657,0.7961,0.7662,0.7794
4,linear,0.1,0.1,,3,0.5807,0.5851,0.7346,0.5571,0.5807,0.5608,0.0448,0.2117,0.4149,0.4193,-0.0044,0.0,0.0,0.0,0.5403,0.3076,0.3907,0.8706,0.8782,0.8732,0.9111,0.9051,0.908,0.8631,0.9636,0.9106,0.0,0.0,0.0,0.5476,0.8124,0.6541,0.7238,0.7782,0.7498
5,rbf,0.1,auto,,3,0.5804,0.5918,0.7503,0.5934,0.5804,0.5765,0.0415,0.2037,0.4082,0.4196,-0.0114,0.0,0.0,0.0,0.6053,0.3597,0.45,1.0,0.7825,0.8743,0.929,0.9019,0.9152,0.8689,0.9713,0.9173,0.0,0.0,0.0,0.5574,0.8455,0.6718,0.7865,0.7818,0.7833
4,rbf,50.0,0.001,,3,0.5803,0.5872,0.7354,0.5635,0.5803,0.5634,0.0443,0.2105,0.4128,0.4197,-0.0069,0.0,0.0,0.0,0.5489,0.3064,0.3921,0.9166,0.8715,0.8923,0.9117,0.9046,0.9081,0.8622,0.9646,0.9105,0.0,0.0,0.0,0.5475,0.817,0.6555,0.7212,0.7782,0.7484
5,rbf,1.0,0.01,,3,0.5801,0.5889,0.7458,0.5816,0.5801,0.5709,0.0416,0.2041,0.4111,0.4199,-0.0088,0.0,0.0,0.0,0.5864,0.3444,0.433,1.0,0.7961,0.8834,0.9234,0.9051,0.9141,0.8654,0.9694,0.9144,0.0,0.0,0.0,0.558,0.8311,0.6676,0.7191,0.795,0.7548
3,rbf,100.0,0.01,,3,0.5796,0.5902,0.7386,0.5739,0.5796,0.5662,0.0439,0.2096,0.4098,0.4204,-0.0107,0.0,0.0,0.0,0.5632,0.2899,0.3827,0.9004,0.8708,0.8829,0.9163,0.9009,0.9084,0.8737,0.9677,0.9183,0.0,0.0,0.0,0.5412,0.8471,0.6605,0.7967,0.7602,0.7773
3,linear,5.0,0.05,,3,0.5753,0.5853,0.733,0.5612,0.5753,0.5626,0.0455,0.2132,0.4147,0.4247,-0.01,0.0,0.0,0.0,0.499,0.3338,0.3995,0.871,0.878,0.8735,0.9084,0.9066,0.9074,0.8718,0.9612,0.9143,0.0,0.0,0.0,0.5498,0.7971,0.6507,0.7896,0.7255,0.7551
5,poly,25.0,0.05,,3,0.5734,0.5852,0.7183,0.6188,0.5734,0.5626,0.0454,0.2131,0.4148,0.4266,-0.0118,0.1615,0.0051,0.0096,0.6456,0.2203,0.328,0.9203,0.9655,0.9407,0.9739,0.8315,0.897,0.9215,0.9294,0.9254,0.0,0.0,0.0,0.4814,0.9359,0.6357,0.8458,0.6991,0.7644
3,linear,100.0,0.01,,3,0.5733,0.5866,0.7325,0.5555,0.5733,0.5581,0.0453,0.2129,0.4134,0.4267,-0.0133,0.0,0.0,0.0,0.4975,0.3347,0.3996,0.813,0.8777,0.8406,0.908,0.9069,0.9074,0.8712,0.9615,0.9141,0.0,0.0,0.0,0.5497,0.7963,0.6504,0.8048,0.7098,0.7529
3,linear,25.0,scale,,3,0.5732,0.5851,0.7326,0.5565,0.5732,0.5588,0.0455,0.2132,0.4149,0.4268,-0.0119,0.0,0.0,0.0,0.4978,0.3341,0.3993,0.8238,0.8711,0.8442,0.908,0.9069,0.9074,0.8713,0.9617,0.9142,0.0,0.0,0.0,0.5495,0.7961,0.6502,0.8017,0.7158,0.755
3,linear,1.0,0.01,,2,0.5722,0.5767,0.7325,0.5589,0.5722,0.5594,0.0455,0.2134,0.4233,0.4278,-0.0045,0.0,0.0,0.0,0.4998,0.3293,0.3964,0.8676,0.8508,0.8548,0.9085,0.9063,0.9074,0.8711,0.961,0.9139,0.0,0.0,0.0,0.5495,0.7981,0.6508,0.7749,0.7326,0.7522
3,linear,1.0,0.1,,2,0.5722,0.5767,0.7325,0.5589,0.5722,0.5594,0.0455,0.2134,0.4233,0.4278,-0.0045,0.0,0.0,0.0,0.4998,0.3293,0.3964,0.8676,0.8508,0.8548,0.9085,0.9063,0.9074,0.8711,0.961,0.9139,0.0,0.0,0.0,0.5495,0.7981,0.6508,0.7749,0.7326,0.7522
3,linear,0.5,auto,,3,0.5719,0.5783,0.7318,0.5582,0.5719,0.5587,0.0455,0.2134,0.4217,0.4281,-0.0064,0.0,0.0,0.0,0.5004,0.326,0.3941,0.8736,0.8508,0.8576,0.909,0.9054,0.9072,0.8687,0.9607,0.9124,0.0,0.0,0.0,0.5489,0.7985,0.6505,0.7648,0.7338,0.7479
7,rbf,5.0,0.001,,2,0.5718,0.5753,0.7676,0.5898,0.5718,0.5693,0.0364,0.1907,0.4247,0.4282,-0.0036,0.0,0.0,0.0,0.6042,0.444,0.5113,1.0,0.6142,0.7565,0.954,0.911,0.9319,0.8588,0.9704,0.9112,0.0,0.0,0.0,0.6047,0.859,0.7097,0.697,0.7758,0.7338
5,poly,0.5,0.05,balanced,3,0.5647,0.5734,0.5329,0.6517,0.5647,0.5078,0.0504,0.2246,0.4266,0.4353,-0.0087,0.1601,0.2657,0.1206,0.9314,0.081,0.1489,0.8113,1.0,0.895,0.9928,0.6547,0.7891,0.9537,0.6303,0.7589,0.138,0.598,0.211,0.491,0.5986,0.4275,0.7354,0.6894,0.7113
8,poly,1.0,0.05,,2,0.5621,0.5621,0.6939,0.6716,0.5621,0.5502,0.0458,0.2141,0.4379,0.4379,-0.0001,0.0,0.0,0.0,0.6931,0.1526,0.2497,0.9735,0.9531,0.9627,0.8877,0.8246,0.8549,0.8979,0.8599,0.8784,0.6879,0.049,0.0853,0.4801,0.9353,0.6345,0.7524,0.7218,0.7365
4,poly,10.0,0.1,,3,0.562,0.578,0.7158,0.5959,0.562,0.5486,0.0474,0.2177,0.422,0.438,-0.016,0.1111,0.0051,0.0097,0.5832,0.2017,0.2991,0.834,0.9048,0.8646,0.9602,0.8466,0.8998,0.905,0.9207,0.9127,0.04,0.0039,0.0071,0.4886,0.9283,0.6402,0.845,0.6847,0.7554
3,poly,10.0,auto,,3,0.5557,0.574,0.7153,0.6019,0.5557,0.5457,0.049,0.2213,0.426,0.4443,-0.0183,0.0,0.0,0.0,0.5262,0.205,0.294,0.8509,0.8908,0.8664,0.9495,0.8617,0.9033,0.9023,0.9115,0.9067,0.2333,0.0059,0.0115,0.4957,0.9184,0.6438,0.8568,0.6523,0.7403
5,poly,1.0,0.1,,2,0.553,0.5614,0.6885,0.5825,0.553,0.5322,0.0514,0.2267,0.4386,0.447,-0.0085,0.0,0.0,0.0,0.7112,0.1177,0.2015,0.959,0.9398,0.9488,0.8876,0.8334,0.8595,0.8708,0.8845,0.8775,0.0,0.0,0.0,0.4692,0.905,0.618,0.7625,0.7434,0.7525
2,rbf,0.1,auto,balanced,2,0.5448,0.5615,0.5951,0.4672,0.5448,0.4451,0.0515,0.227,0.4385,0.4552,-0.0166,0.096,0.1965,0.1272,0.5617,0.1797,0.2662,0.2122,0.749,0.3283,0.9424,0.8605,0.8994,0.8728,0.6481,0.7432,0.0929,0.4745,0.1552,0.6113,0.5456,0.5756,0.3481,0.705,0.4659
2,rbf,1.0,auto,balanced,3,0.5396,0.5713,0.5877,0.4757,0.5396,0.4385,0.0517,0.2272,0.4287,0.4604,-0.0317,0.0933,0.1995,0.1248,0.6321,0.1454,0.233,0.2209,0.7356,0.3331,0.9438,0.86,0.8998,0.8772,0.6462,0.7429,0.086,0.4902,0.1457,0.6127,0.5372,0.5712,0.3396,0.7026,0.4575
2,linear,100.0,0.05,balanced,3,0.5366,0.5422,0.6153,0.4641,0.5366,0.4521,0.0508,0.2253,0.4578,0.4634,-0.0056,0.0956,0.1661,0.1208,0.5623,0.1951,0.2882,0.2211,0.729,0.3373,0.9303,0.8779,0.9032,0.8642,0.6741,0.7569,0.0921,0.3686,0.1474,0.5921,0.5988,0.5953,0.3554,0.6835,0.4676
2,linear,100.0,scale,balanced,2,0.5366,0.5422,0.6153,0.4641,0.5366,0.4521,0.0508,0.2253,0.4578,0.4634,-0.0056,0.0956,0.1661,0.1208,0.5623,0.1951,0.2882,0.2211,0.729,0.3373,0.9303,0.8779,0.9032,0.8642,0.6741,0.7569,0.0921,0.3686,0.1474,0.5921,0.5988,0.5953,0.3554,0.6835,0.4676
2,linear,25.0,0.1,balanced,2,0.5365,0.5424,0.6152,0.4641,0.5365,0.4519,0.0507,0.2253,0.4576,0.4635,-0.0059,0.096,0.1671,0.1213,0.5624,0.1951,0.2882,0.2211,0.729,0.3373,0.9307,0.8779,0.9034,0.864,0.6732,0.7562,0.0921,0.3686,0.1474,0.5921,0.599,0.5954,0.3542,0.6823,0.4662
2,linear,25.0,0.05,balanced,2,0.5365,0.5424,0.6152,0.4641,0.5365,0.4519,0.0507,0.2253,0.4576,0.4635,-0.0059,0.096,0.1671,0.1213,0.5624,0.1951,0.2882,0.2211,0.729,0.3373,0.9307,0.8779,0.9034,0.864,0.6732,0.7562,0.0921,0.3686,0.1474,0.5921,0.599,0.5954,0.3542,0.6823,0.4662
2,linear,0.1,scale,balanced,3,0.5357,0.539,0.6144,0.4629,0.5357,0.4492,0.0506,0.2249,0.461,0.4643,-0.0033,0.0941,0.156,0.1158,0.5633,0.1909,0.2834,0.2172,0.7221,0.3321,0.9358,0.8733,0.9034,0.8653,0.6652,0.7514,0.0904,0.3706,0.1453,0.5914,0.6109,0.6007,0.3456,0.6966,0.4616
3,poly,1.0,0.1,,3,0.5323,0.5404,0.6889,0.5833,0.5323,0.5243,0.0487,0.2207,0.4596,0.4677,-0.0082,0.0,0.0,0.0,0.6328,0.1451,0.2359,0.8976,0.8439,0.8649,0.9774,0.8026,0.8813,0.9083,0.8812,0.8945,0.0,0.0,0.0,0.4515,0.9534,0.6127,0.7987,0.6319,0.7046
2,rbf,100.0,auto,balanced,2,0.5304,0.597,0.5804,0.4611,0.5304,0.4287,0.0527,0.2296,0.403,0.4696,-0.0666,0.0952,0.1811,0.121,0.5767,0.1719,0.2566,0.184,0.7421,0.2891,0.9466,0.8567,0.8991,0.868,0.6228,0.7238,0.0793,0.4588,0.135,0.6114,0.5207,0.5624,0.3279,0.6894,0.4427
3,poly,100.0,scale,,2,0.5285,0.5473,0.679,0.5549,0.5285,0.5083,0.0544,0.2331,0.4527,0.4715,-0.0188,0.0,0.0,0.0,0.6507,0.1174,0.198,0.8159,0.871,0.8375,0.8736,0.8338,0.853,0.8389,0.8915,0.8642,0.0,0.0,0.0,0.4658,0.8775,0.6084,0.794,0.6367,0.7055
9,poly,10.0,0.01,,2,0.5243,0.5219,0.6703,0.6009,0.5243,0.5127,0.0475,0.218,0.4781,0.4757,0.0024,0.0,0.0,0.0,0.855,0.0993,0.1778,0.9856,0.8989,0.9396,0.8771,0.8087,0.8415,0.9072,0.8195,0.861,0.0,0.0,0.0,0.4512,0.9472,0.6113,0.7308,0.6211,0.6707
8,poly,10.0,0.01,,2,0.5238,0.5214,0.6695,0.6005,0.5238,0.512,0.0479,0.2187,0.4786,0.4762,0.0024,0.0,0.0,0.0,0.8567,0.0978,0.1755,0.9856,0.8989,0.9396,0.877,0.809,0.8416,0.9058,0.8154,0.8581,0.0,0.0,0.0,0.4508,0.9474,0.6109,0.7284,0.6223,0.6704
6,poly,0.1,0.1,,3,0.516,0.5203,0.654,0.6134,0.516,0.5112,0.0478,0.2187,0.4797,0.484,-0.0043,0.0143,0.001,0.0019,0.8312,0.1102,0.1943,0.9653,0.9189,0.9413,0.9824,0.7657,0.8605,0.9278,0.7768,0.8456,0.0,0.0,0.0,0.4122,0.9665,0.5779,0.7737,0.5887,0.6678
2,poly,0.5,scale,balanced,3,0.5136,0.5224,0.5394,0.5284,0.5136,0.4188,0.0529,0.23,0.4776,0.4864,-0.0089,0.1206,0.4318,0.1231,0.8787,0.0837,0.1523,0.2653,0.702,0.3826,0.9809,0.7936,0.8772,0.8915,0.6293,0.7373,0.0822,0.4784,0.1374,0.5801,0.4559,0.4659,0.428,0.5336,0.4747
3,poly,0.5,scale,,2,0.5111,0.5213,0.6678,0.5561,0.5111,0.4904,0.0553,0.2352,0.4787,0.4889,-0.0102,0.0,0.0,0.0,0.7544,0.0915,0.1629,0.8602,0.8439,0.844,0.8683,0.8214,0.844,0.8532,0.8665,0.8597,0.0,0.0,0.0,0.4554,0.8957,0.6038,0.6571,0.5695,0.6089
5,poly,10.0,0.01,,2,0.5107,0.5172,0.6565,0.5964,0.5107,0.5002,0.0537,0.2317,0.4828,0.4893,-0.0065,0.0,0.0,0.0,0.8766,0.087,0.1581,0.9776,0.8717,0.9206,0.8678,0.8006,0.8328,0.8958,0.799,0.8445,0.0,0.0,0.0,0.4368,0.9279,0.5939,0.7164,0.5996,0.6519
6,poly,50.0,0.01,,3,0.4902,0.4947,0.6422,0.6171,0.4902,0.4911,0.0491,0.2216,0.5053,0.5098,-0.0045,0.0133,0.001,0.0019,0.8868,0.0936,0.1692,0.9636,0.8644,0.9102,0.9698,0.7924,0.8721,0.9282,0.7088,0.8037,0.0,0.0,0.0,0.4027,0.9649,0.5683,0.7726,0.4964,0.6033
5,poly,5.0,0.01,,2,0.4753,0.4827,0.6357,0.5999,0.4753,0.474,0.0544,0.2333,0.5173,0.5247,-0.0074,0.0,0.0,0.0,0.9379,0.0801,0.1473,0.984,0.8103,0.8862,0.8494,0.7912,0.8192,0.9134,0.733,0.8132,0.0,0.0,0.0,0.4201,0.9369,0.5801,0.6945,0.4508,0.5459
4,rbf,0.1,0.05,,2,0.4603,0.4619,0.7209,0.4392,0.4603,0.4317,0.0447,0.2116,0.5381,0.5397,-0.0016,0.0,0.0,0.0,0.5952,0.2041,0.3025,0.0,0.0,0.0,0.9064,0.9015,0.9038,0.8421,0.9687,0.9009,0.0,0.0,0.0,0.5267,0.853,0.6512,0.6436,0.7554,0.6946
2,linear,50.0,0.01,,2,0.4567,0.4592,0.698,0.5259,0.4567,0.4648,0.0507,0.2251,0.5408,0.5433,-0.0026,0.0,0.0,0.0,0.4748,0.3043,0.3702,0.9196,0.4381,0.5743,0.9047,0.9033,0.9039,0.748,0.9135,0.8224,0.0,0.0,0.0,0.545,0.7941,0.6463,0.6148,0.2998,0.4016
2,linear,100.0,0.01,,2,0.4567,0.4593,0.698,0.5259,0.4567,0.4648,0.0506,0.225,0.5407,0.5433,-0.0026,0.0,0.0,0.0,0.4748,0.3043,0.3702,0.9196,0.4381,0.5743,0.9047,0.9033,0.9039,0.748,0.9135,0.8224,0.0,0.0,0.0,0.545,0.7941,0.6463,0.6148,0.2998,0.4016
2,linear,10.0,scale,,2,0.4517,0.4574,0.6977,0.5291,0.4517,0.4601,0.0508,0.2254,0.5426,0.5483,-0.0057,0.0,0.0,0.0,0.4743,0.3034,0.3694,0.9492,0.3974,0.5366,0.9046,0.9033,0.9038,0.7467,0.914,0.8218,0.0,0.0,0.0,0.5452,0.7941,0.6464,0.6131,0.301,0.4026
2,poly,1.0,0.05,balanced,3,0.4484,0.4621,0.4134,0.523,0.4484,0.3519,0.0539,0.2322,0.5379,0.5516,-0.0137,0.1226,0.0314,0.0446,0.9404,0.0761,0.1405,0.3094,0.6614,0.4166,0.9943,0.6587,0.7923,0.9079,0.5211,0.6618,0.0444,0.8843,0.0845,0.5501,0.225,0.2817,0.3151,0.5288,0.3929
2,linear,5.0,scale,,2,0.4437,0.4472,0.6973,0.5041,0.4437,0.4479,0.0508,0.2254,0.5528,0.5563,-0.0036,0.0,0.0,0.0,0.4738,0.3031,0.369,0.7492,0.3354,0.4419,0.9055,0.9028,0.9041,0.7453,0.9144,0.8211,0.0,0.0,0.0,0.545,0.7949,0.6465,0.6144,0.2986,0.4007
2,linear,5.0,0.05,,2,0.4437,0.4472,0.6973,0.5041,0.4437,0.4479,0.0508,0.2254,0.5528,0.5563,-0.0036,0.0,0.0,0.0,0.4738,0.3031,0.369,0.7492,0.3354,0.4419,0.9055,0.9028,0.9041,0.7453,0.9144,0.8211,0.0,0.0,0.0,0.545,0.7949,0.6465,0.6144,0.2986,0.4007
2,poly,1.0,auto,balanced,2,0.4434,0.4583,0.4836,0.4465,0.4434,0.3429,0.065,0.2549,0.5417,0.5566,-0.0149,0.109,0.4358,0.1218,0.8607,0.0852,0.1548,0.1714,0.7359,0.2763,0.8772,0.7303,0.7969,0.8131,0.6568,0.7259,0.0508,0.1961,0.08,0.498,0.3279,0.3338,0.1922,0.3789,0.2537
2,rbf,5.0,0.1,,2,0.4431,0.4475,0.6951,0.5374,0.4431,0.4462,0.0511,0.2261,0.5525,0.5569,-0.0044,0.0,0.0,0.0,0.5188,0.205,0.2917,0.9909,0.3297,0.465,0.9137,0.8954,0.9044,0.7316,0.927,0.8177,0.0,0.0,0.0,0.5274,0.8427,0.6486,0.617,0.3453,0.4423
2,poly,1.0,0.1,balanced,2,0.4395,0.4497,0.4843,0.4501,0.4395,0.3447,0.065,0.2549,0.5503,0.5605,-0.0101,0.1109,0.3151,0.1133,0.8891,0.0819,0.1497,0.1619,0.7018,0.262,0.8787,0.7211,0.792,0.8281,0.6341,0.7179,0.051,0.3,0.0836,0.4898,0.3773,0.3838,0.1914,0.385,0.2551
2,rbf,50.0,0.01,,3,0.4238,0.4204,0.6939,0.488,0.4238,0.4198,0.0505,0.2247,0.5796,0.5762,0.0034,0.0,0.0,0.0,0.5078,0.2185,0.3046,0.5909,0.2083,0.2757,0.9099,0.899,0.9044,0.7322,0.9231,0.8165,0.0,0.0,0.0,0.5272,0.8369,0.6469,0.6359,0.3045,0.4103
2,poly,50.0,0.05,,3,0.4182,0.4228,0.6679,0.5472,0.4182,0.4234,0.0531,0.2304,0.5772,0.5818,-0.0045,0.0,0.0,0.0,0.5015,0.1574,0.2394,0.9177,0.3908,0.5235,0.9654,0.8327,0.894,0.7949,0.8392,0.8163,0.0,0.0,0.0,0.4608,0.9375,0.6178,0.7375,0.1882,0.296
2,rbf,0.5,scale,,2,0.3977,0.3968,0.6924,0.4125,0.3977,0.3852,0.0511,0.226,0.6032,0.6023,0.0009,0.0,0.0,0.0,0.5015,0.2312,0.3143,0.0,0.0,0.0,0.9088,0.8967,0.9026,0.7243,0.9284,0.8137,0.0,0.0,0.0,0.5312,0.8283,0.6471,0.6344,0.2973,0.4042
5,poly,5.0,0.01,balanced,3,0.3957,0.3943,0.3365,0.6193,0.3957,0.3185,0.0693,0.2632,0.6057,0.6043,0.0014,0.122,0.0162,0.0273,0.9834,0.0653,0.1224,0.851,1.0,0.9194,0.7314,0.8506,0.7308,0.9575,0.128,0.2253,0.0461,0.8118,0.0853,0.4906,0.0163,0.0315,0.7726,0.277,0.4056
3,rbf,0.1,0.001,balanced,2,0.3829,0.3786,0.2943,0.429,0.3829,0.212,0.0711,0.2666,0.6214,0.6171,0.0043,0.092,0.833,0.1653,1.0,0.0078,0.0155,0.1584,1.0,0.27,0.9637,0.5223,0.5996,0.9632,0.3167,0.4565,0.0,0.0,0.0,0.189,0.0631,0.0818,0.0655,0.3202,0.1075
7,poly,0.5,0.01,balanced,2,0.366,0.3692,0.4095,0.6062,0.366,0.3352,0.0714,0.2671,0.6308,0.634,-0.0033,0.0346,0.0091,0.0144,0.9876,0.0623,0.1171,0.8738,1.0,0.9319,0.5887,0.6969,0.5202,0.9707,0.1309,0.2296,0.1701,0.0274,0.0385,0.4887,0.5948,0.3104,0.7353,0.4065,0.5199
5,rbf,0.5,0.001,,3,0.3515,0.3486,0.678,0.3841,0.3515,0.3085,0.0447,0.2115,0.6514,0.6485,0.003,0.0,0.0,0.0,0.9947,0.062,0.1166,0.0,0.0,0.0,0.8269,0.9345,0.8774,0.7618,0.9785,0.8567,0.0,0.0,0.0,0.4892,0.8371,0.6175,0.0,0.0,0.0
2,rbf,1.0,0.001,,2,0.3487,0.3452,0.6719,0.3696,0.3487,0.3059,0.0509,0.2255,0.6548,0.6513,0.0035,0.0,0.0,0.0,0.9121,0.0738,0.1356,0.0,0.0,0.0,0.8726,0.9191,0.8952,0.6726,0.9489,0.7872,0.0,0.0,0.0,0.4996,0.8479,0.6288,0.0,0.0,0.0
2,poly,1.0,0.1,,2,0.3215,0.32,0.6181,0.3504,0.3215,0.2909,0.0653,0.2555,0.68,0.6785,0.0015,0.0,0.0,0.0,0.7991,0.0933,0.167,0.0,0.0,0.0,0.8122,0.8055,0.8088,0.762,0.7816,0.7715,0.0,0.0,0.0,0.4295,0.8919,0.5797,0.0,0.0,0.0
2,poly,100.0,0.01,,3,0.3159,0.3142,0.6048,0.3824,0.3159,0.2926,0.0537,0.2316,0.6858,0.6841,0.0017,0.0,0.0,0.0,0.843,0.0963,0.1726,0.0,0.0,0.0,0.9892,0.7362,0.8441,0.843,0.7117,0.7715,0.0,0.0,0.0,0.3843,0.9825,0.5525,0.0,0.0,0.0
8,rbf,0.1,0.001,,2,0.2735,0.2712,0.545,0.3394,0.2735,0.2334,0.0415,0.2037,0.7288,0.7265,0.0023,0.0,0.0,0.0,1.0,0.0135,0.0266,0.0,0.0,0.0,0.4848,0.9983,0.6525,0.8269,0.9024,0.8628,0.0,0.0,0.0,0.4038,0.2736,0.3251,0.0,0.0,0.0
9,rbf,0.1,0.001,,2,0.2735,0.2713,0.545,0.3394,0.2735,0.2333,0.0414,0.2036,0.7287,0.7265,0.0021,0.0,0.0,0.0,1.0,0.0135,0.0266,0.0,0.0,0.0,0.4849,0.9983,0.6526,0.8265,0.9019,0.8623,0.0,0.0,0.0,0.4036,0.2738,0.3251,0.0,0.0,0.0
7,poly,5.0,0.001,balanced,2,0.2344,0.2385,0.2462,0.396,0.2344,0.1736,0.0927,0.3045,0.7615,0.7656,-0.0041,0.0,0.0,0.0,1.0,0.0539,0.1021,1.0,0.8165,0.8968,0.0,0.0,0.0,0.9333,0.0048,0.0095,0.0,0.0,0.0,0.2349,1.0,0.3804,0.0,0.0,0.0
3,poly,25.0,0.001,,2,0.1406,0.1392,0.328,0.3237,0.1406,0.089,0.0602,0.2453,0.8608,0.8594,0.0014,0.0,0.0,0.0,1.0,0.0569,0.1076,0.0,0.0,0.0,0.3135,1.0,0.4773,0.9885,0.066,0.1236,0.0,0.0,0.0,0.2879,0.0016,0.0032,0.0,0.0,0.0
9,poly,0.1,0.01,,3,0.1323,0.1304,0.3153,0.286,0.1323,0.0728,0.0592,0.2432,0.8696,0.8677,0.0018,0.0,0.0,0.0,0.9957,0.0536,0.1016,0.0,0.0,0.0,0.3092,1.0,0.4724,0.9333,0.0043,0.0086,0.0,0.0,0.0,0.05,0.0002,0.0004,0.0,0.0,0.0
2,poly,0.1,0.01,balanced,2,0.1319,0.1301,0.0545,0.1808,0.1319,0.0241,0.0956,0.3091,0.8699,0.8681,0.0018,0.0464,1.0,0.0886,1.0,0.0539,0.1021,0.0,0.0,0.0,0.0,0.0,0.0,0.4,0.0012,0.0024,0.0,0.0,0.0,0.0,0.0,0.0,0.0,0.0,0.0
6,poly,5.0,0.001,balanced,3,0.1309,0.1295,0.2387,0.1541,0.1309,0.0585,0.0977,0.3125,0.8705,0.8691,0.0013,0.0,0.0,0.0,1.0,0.0473,0.09,0.0,0.0,0.0,0.0,0.0,0.0,0.0,0.0,0.0,0.0,0.0,0.0,0.2331,1.0,0.378,0.0,0.0,0.0
6,poly,1.0,0.001,balanced,3,0.1266,0.1261,0.2333,0.154,0.1266,0.0501,0.0985,0.3139,0.8739,0.8734,0.0005,0.0,0.0,0.0,1.0,0.0123,0.0243,0.0,0.0,0.0,0.0,0.0,0.0,0.0,0.0,0.0,0.0,0.0,0.0,0.2318,1.0,0.3764,0.0,0.0,0.0
3,poly,1.0,0.001,,3,0.1258,0.1256,0.3071,0.1633,0.1258,0.0602,0.0915,0.3023,0.8744,0.8742,0.0002,0.0,0.0,0.0,1.0,0.0063,0.0125,0.0,0.0,0.0,0.3064,1.0,0.4691,0.0,0.0,0.0,0.0,0.0,0.0,0.0,0.0,0.0,0.0,0.0,0.0
4,poly,1.0,0.001,balanced,3,0.1258,0.1256,0.2323,0.1539,0.1258,0.0485,0.0985,0.3139,0.8744,0.8742,0.0002,0.0,0.0,0.0,1.0,0.006,0.0119,0.0,0.0,0.0,0.0,0.0,0.0,0.0,0.0,0.0,0.0,0.0,0.0,0.2316,1.0,0.3761,0.0,0.0,0.0
4,poly,0.1,0.001,balanced,2,0.1253,0.125,0.0463,0.0808,0.1253,0.0116,0.0985,0.3139,0.875,0.8747,0.0003,0.0459,1.0,0.0879,0.6,0.0027,0.0054,0.0,0.0,0.0,0.0,0.0,0.0,0.0,0.0,0.0,0.0,0.0,0.0,0.0,0.0,0.0,0.0,0.0,0.0
