n_components,solver,shrinkage,tol,balanced_acc,train_balanced_acc,accuracy,precision_macro,recall_macro,f1_macro,brier_score,rmse_proba,E_train,E_test,E_train-E_test,precision_Scratch,recall_Scratch,f1_Scratch,precision_Loc,recall_Loc,f1_Loc,precision_Near-full,recall_Near-full,f1_Near-full,precision_Edge-Ring,recall_Edge-Ring,f1_Edge-Ring,precision_Center,recall_Center,f1_Center,precision_Donut,recall_Donut,f1_Donut,precision_Edge-Loc,recall_Edge-Loc,f1_Edge-Loc,precision_Random,recall_Random,f1_Random
8,eigen,,0.001,0.6965,0.6958,0.788,0.7163,0.6965,0.6843,0.0377,0.1942,0.3042,0.3035,0.0007,0.4147,0.084,0.1391,0.5979,0.5951,0.5963,0.8513,0.9931,0.9163,0.9518,0.9069,0.9288,0.8879,0.9407,0.9135,0.7183,0.4235,0.5319,0.6913,0.7955,0.7396,0.6172,0.8334,0.709
8,eigen,,0.0001,0.6965,0.6958,0.788,0.7163,0.6965,0.6843,0.0377,0.1942,0.3042,0.3035,0.0007,0.4147,0.084,0.1391,0.5979,0.5951,0.5963,0.8513,0.9931,0.9163,0.9518,0.9069,0.9288,0.8879,0.9407,0.9135,0.7183,0.4235,0.5319,0.6913,0.7955,0.7396,0.6172,0.8334,0.709
8,lsqr,,0.0001,0.6965,0.6958,0.788,0.7163,0.6965,0.6843,0.0377,0.1942,0.3042,0.3035,0.0007,0.4147,0.084,0.1391,0.5979,0.5951,0.5963,0.8513,0.9931,0.9163,0.9518,0.9069,0.9288,0.8879,0.9407,0.9135,0.7183,0.4235,0.5319,0.6913,0.7955,0.7396,0.6172,0.8334,0.709
8,lsqr,,0.01,0.6965,0.6958,0.788,0.7163,0.6965,0.6843,0.0377,0.1942,0.3042,0.3035,0.0007,0.4147,0.084,0.1391,0.5979,0.5951,0.5963,0.8513,0.9931,0.9163,0.9518,0.9069,0.9288,0.8879,0.9407,0.9135,0.7183,0.4235,0.5319,0.6913,0.7955,0.7396,0.6172,0.8334,0.709
8,eigen,,0.01,0.6965,0.6958,0.788,0.7163,0.6965,0.6843,0.0377,0.1942,0.3042,0.3035,0.0007,0.4147,0.084,0.1391,0.5979,0.5951,0.5963,0.8513,0.9931,0.9163,0.9518,0.9069,0.9288,0.8879,0.9407,0.9135,0.7183,0.4235,0.5319,0.6913,0.7955,0.7396,0.6172,0.8334,0.709
8,lsqr,,0.001,0.6965,0.6958,0.788,0.7163,0.6965,0.6843,0.0377,0.1942,0.3042,0.3035,0.0007,0.4147,0.084,0.1391,0.5979,0.5951,0.5963,0.8513,0.9931,0.9163,0.9518,0.9069,0.9288,0.8879,0.9407,0.9135,0.7183,0.4235,0.5319,0.6913,0.7955,0.7396,0.6172,0.8334,0.709
9,eigen,,0.01,0.6955,0.6953,0.7878,0.7112,0.6955,0.6823,0.0376,0.1938,0.3047,0.3045,0.0001,0.3968,0.083,0.1367,0.6062,0.5969,0.6013,0.8461,0.9931,0.9134,0.9513,0.904,0.9271,0.8931,0.9479,0.9197,0.7023,0.4216,0.5258,0.6861,0.7933,0.7357,0.6076,0.8238,0.699
9,eigen,,0.0001,0.6955,0.6953,0.7878,0.7112,0.6955,0.6823,0.0376,0.1938,0.3047,0.3045,0.0001,0.3968,0.083,0.1367,0.6062,0.5969,0.6013,0.8461,0.9931,0.9134,0.9513,0.904,0.9271,0.8931,0.9479,0.9197,0.7023,0.4216,0.5258,0.6861,0.7933,0.7357,0.6076,0.8238,0.699
9,lsqr,,0.001,0.6955,0.6953,0.7878,0.7112,0.6955,0.6823,0.0376,0.1938,0.3047,0.3045,0.0001,0.3968,0.083,0.1367,0.6062,0.5969,0.6013,0.8461,0.9931,0.9134,0.9513,0.904,0.9271,0.8931,0.9479,0.9197,0.7023,0.4216,0.5258,0.6861,0.7933,0.7357,0.6076,0.8238,0.699
8,eigen,auto,0.01,0.6932,0.6929,0.7861,0.7144,0.6932,0.6808,0.0378,0.1944,0.3071,0.3068,0.0003,0.4208,0.083,0.1381,0.5979,0.5801,0.5886,0.8461,0.9931,0.9134,0.9507,0.9061,0.9279,0.8858,0.9424,0.9132,0.7118,0.4098,0.519,0.6849,0.7987,0.7373,0.6172,0.8322,0.7086
8,eigen,auto,0.001,0.6932,0.6929,0.7861,0.7144,0.6932,0.6808,0.0378,0.1944,0.3071,0.3068,0.0003,0.4208,0.083,0.1381,0.5979,0.5801,0.5886,0.8461,0.9931,0.9134,0.9507,0.9061,0.9279,0.8858,0.9424,0.9132,0.7118,0.4098,0.519,0.6849,0.7987,0.7373,0.6172,0.8322,0.7086
8,lsqr,auto,0.001,0.6932,0.6929,0.7861,0.7144,0.6932,0.6808,0.0378,0.1944,0.3071,0.3068,0.0003,0.4208,0.083,0.1381,0.5979,0.5801,0.5886,0.8461,0.9931,0.9134,0.9507,0.9061,0.9279,0.8858,0.9424,0.9132,0.7118,0.4098,0.519,0.6849,0.7987,0.7373,0.6172,0.8322,0.7086
8,lsqr,auto,0.0001,0.6932,0.6929,0.7861,0.7144,0.6932,0.6808,0.0378,0.1944,0.3071,0.3068,0.0003,0.4208,0.083,0.1381,0.5979,0.5801,0.5886,0.8461,0.9931,0.9134,0.9507,0.9061,0.9279,0.8858,0.9424,0.9132,0.7118,0.4098,0.519,0.6849,0.7987,0.7373,0.6172,0.8322,0.7086
8,eigen,auto,0.0001,0.6932,0.6929,0.7861,0.7144,0.6932,0.6808,0.0378,0.1944,0.3071,0.3068,0.0003,0.4208,0.083,0.1381,0.5979,0.5801,0.5886,0.8461,0.9931,0.9134,0.9507,0.9061,0.9279,0.8858,0.9424,0.9132,0.7118,0.4098,0.519,0.6849,0.7987,0.7373,0.6172,0.8322,0.7086
8,lsqr,auto,0.01,0.6932,0.6929,0.7861,0.7144,0.6932,0.6808,0.0378,0.1944,0.3071,0.3068,0.0003,0.4208,0.083,0.1381,0.5979,0.5801,0.5886,0.8461,0.9931,0.9134,0.9507,0.9061,0.9279,0.8858,0.9424,0.9132,0.7118,0.4098,0.519,0.6849,0.7987,0.7373,0.6172,0.8322,0.7086
9,eigen,auto,0.01,0.693,0.6934,0.7865,0.7123,0.693,0.6809,0.0376,0.1939,0.3066,0.307,-0.0004,0.4058,0.084,0.1388,0.6036,0.5795,0.591,0.8513,0.9931,0.9163,0.9498,0.9048,0.9268,0.8899,0.9489,0.9185,0.702,0.4118,0.5172,0.6824,0.7983,0.7357,0.6135,0.8238,0.7029
9,lsqr,auto,0.0001,0.693,0.6934,0.7865,0.7123,0.693,0.6809,0.0376,0.1939,0.3066,0.307,-0.0004,0.4058,0.084,0.1388,0.6036,0.5795,0.591,0.8513,0.9931,0.9163,0.9498,0.9048,0.9268,0.8899,0.9489,0.9185,0.702,0.4118,0.5172,0.6824,0.7983,0.7357,0.6135,0.8238,0.7029
9,eigen,auto,0.001,0.693,0.6934,0.7865,0.7123,0.693,0.6809,0.0376,0.1939,0.3066,0.307,-0.0004,0.4058,0.084,0.1388,0.6036,0.5795,0.591,0.8513,0.9931,0.9163,0.9498,0.9048,0.9268,0.8899,0.9489,0.9185,0.702,0.4118,0.5172,0.6824,0.7983,0.7357,0.6135,0.8238,0.7029
9,lsqr,0.1,0.01,0.6781,0.6784,0.7833,0.7215,0.6781,0.6657,0.0381,0.1952,0.3216,0.3219,-0.0004,0.4269,0.0486,0.0867,0.6275,0.5394,0.5799,0.8715,0.9931,0.9279,0.9461,0.9059,0.9255,0.8818,0.9489,0.9141,0.7543,0.3313,0.4587,0.6575,0.823,0.7309,0.6061,0.8345,0.7021
9,eigen,0.1,0.01,0.6781,0.6784,0.7833,0.7215,0.6781,0.6657,0.0381,0.1952,0.3216,0.3219,-0.0004,0.4269,0.0486,0.0867,0.6275,0.5394,0.5799,0.8715,0.9931,0.9279,0.9461,0.9059,0.9255,0.8818,0.9489,0.9141,0.7543,0.3313,0.4587,0.6575,0.823,0.7309,0.6061,0.8345,0.7021
9,eigen,0.1,0.0001,0.6781,0.6784,0.7833,0.7215,0.6781,0.6657,0.0381,0.1952,0.3216,0.3219,-0.0004,0.4269,0.0486,0.0867,0.6275,0.5394,0.5799,0.8715,0.9931,0.9279,0.9461,0.9059,0.9255,0.8818,0.9489,0.9141,0.7543,0.3313,0.4587,0.6575,0.823,0.7309,0.6061,0.8345,0.7021
9,lsqr,0.1,0.001,0.6781,0.6784,0.7833,0.7215,0.6781,0.6657,0.0381,0.1952,0.3216,0.3219,-0.0004,0.4269,0.0486,0.0867,0.6275,0.5394,0.5799,0.8715,0.9931,0.9279,0.9461,0.9059,0.9255,0.8818,0.9489,0.9141,0.7543,0.3313,0.4587,0.6575,0.823,0.7309,0.6061,0.8345,0.7021
8,eigen,0.1,0.01,0.6741,0.6759,0.7825,0.7192,0.6741,0.6604,0.0383,0.1958,0.3241,0.3259,-0.0018,0.406,0.0354,0.0649,0.6297,0.5331,0.577,0.8715,0.9931,0.9279,0.9465,0.9066,0.9261,0.8775,0.9475,0.9111,0.7598,0.3117,0.4408,0.6549,0.8284,0.7314,0.6079,0.8369,0.704
8,eigen,0.1,0.0001,0.6741,0.6759,0.7825,0.7192,0.6741,0.6604,0.0383,0.1958,0.3241,0.3259,-0.0018,0.406,0.0354,0.0649,0.6297,0.5331,0.577,0.8715,0.9931,0.9279,0.9465,0.9066,0.9261,0.8775,0.9475,0.9111,0.7598,0.3117,0.4408,0.6549,0.8284,0.7314,0.6079,0.8369,0.704
8,lsqr,0.1,0.01,0.6741,0.6759,0.7825,0.7192,0.6741,0.6604,0.0383,0.1958,0.3241,0.3259,-0.0018,0.406,0.0354,0.0649,0.6297,0.5331,0.577,0.8715,0.9931,0.9279,0.9465,0.9066,0.9261,0.8775,0.9475,0.9111,0.7598,0.3117,0.4408,0.6549,0.8284,0.7314,0.6079,0.8369,0.704
8,lsqr,0.1,0.0001,0.6741,0.6759,0.7825,0.7192,0.6741,0.6604,0.0383,0.1958,0.3241,0.3259,-0.0018,0.406,0.0354,0.0649,0.6297,0.5331,0.577,0.8715,0.9931,0.9279,0.9465,0.9066,0.9261,0.8775,0.9475,0.9111,0.7598,0.3117,0.4408,0.6549,0.8284,0.7314,0.6079,0.8369,0.704
8,eigen,0.1,0.001,0.6741,0.6759,0.7825,0.7192,0.6741,0.6604,0.0383,0.1958,0.3241,0.3259,-0.0018,0.406,0.0354,0.0649,0.6297,0.5331,0.577,0.8715,0.9931,0.9279,0.9465,0.9066,0.9261,0.8775,0.9475,0.9111,0.7598,0.3117,0.4408,0.6549,0.8284,0.7314,0.6079,0.8369,0.704
7,lsqr,,0.0001,0.6568,0.6573,0.7776,0.7092,0.6568,0.6377,0.0393,0.1981,0.3427,0.3432,-0.0005,0.4823,0.0304,0.057,0.5864,0.6066,0.5962,0.8718,0.9931,0.928,0.9467,0.9077,0.9268,0.8846,0.9426,0.9127,0.6294,0.1667,0.2626,0.6632,0.7776,0.7158,0.6093,0.8298,0.7024
7,lsqr,,0.01,0.6568,0.6573,0.7776,0.7092,0.6568,0.6377,0.0393,0.1981,0.3427,0.3432,-0.0005,0.4823,0.0304,0.057,0.5864,0.6066,0.5962,0.8718,0.9931,0.928,0.9467,0.9077,0.9268,0.8846,0.9426,0.9127,0.6294,0.1667,0.2626,0.6632,0.7776,0.7158,0.6093,0.8298,0.7024
7,eigen,,0.001,0.6568,0.6573,0.7776,0.7092,0.6568,0.6377,0.0393,0.1981,0.3427,0.3432,-0.0005,0.4823,0.0304,0.057,0.5864,0.6066,0.5962,0.8718,0.9931,0.928,0.9467,0.9077,0.9268,0.8846,0.9426,0.9127,0.6294,0.1667,0.2626,0.6632,0.7776,0.7158,0.6093,0.8298,0.7024
7,lsqr,,0.001,0.6568,0.6573,0.7776,0.7092,0.6568,0.6377,0.0393,0.1981,0.3427,0.3432,-0.0005,0.4823,0.0304,0.057,0.5864,0.6066,0.5962,0.8718,0.9931,0.928,0.9467,0.9077,0.9268,0.8846,0.9426,0.9127,0.6294,0.1667,0.2626,0.6632,0.7776,0.7158,0.6093,0.8298,0.7024
7,eigen,,0.01,0.6568,0.6573,0.7776,0.7092,0.6568,0.6377,0.0393,0.1981,0.3427,0.3432,-0.0005,0.4823,0.0304,0.057,0.5864,0.6066,0.5962,0.8718,0.9931,0.928,0.9467,0.9077,0.9268,0.8846,0.9426,0.9127,0.6294,0.1667,0.2626,0.6632,0.7776,0.7158,0.6093,0.8298,0.7024
7,eigen,auto,0.01,0.6529,0.6532,0.7758,0.7065,0.6529,0.6322,0.0394,0.1984,0.3468,0.3471,-0.0003,0.4837,0.0304,0.057,0.5849,0.5933,0.5889,0.8666,0.9931,0.925,0.946,0.9072,0.9262,0.8826,0.9443,0.9124,0.6209,0.1432,0.2315,0.6587,0.7804,0.7143,0.6085,0.831,0.7023
7,lsqr,auto,0.001,0.6529,0.6532,0.7758,0.7065,0.6529,0.6322,0.0394,0.1984,0.3468,0.3471,-0.0003,0.4837,0.0304,0.057,0.5849,0.5933,0.5889,0.8666,0.9931,0.925,0.946,0.9072,0.9262,0.8826,0.9443,0.9124,0.6209,0.1432,0.2315,0.6587,0.7804,0.7143,0.6085,0.831,0.7023
7,lsqr,auto,0.0001,0.6529,0.6532,0.7758,0.7065,0.6529,0.6322,0.0394,0.1984,0.3468,0.3471,-0.0003,0.4837,0.0304,0.057,0.5849,0.5933,0.5889,0.8666,0.9931,0.925,0.946,0.9072,0.9262,0.8826,0.9443,0.9124,0.6209,0.1432,0.2315,0.6587,0.7804,0.7143,0.6085,0.831,0.7023
7,eigen,auto,0.0001,0.6529,0.6532,0.7758,0.7065,0.6529,0.6322,0.0394,0.1984,0.3468,0.3471,-0.0003,0.4837,0.0304,0.057,0.5849,0.5933,0.5889,0.8666,0.9931,0.925,0.946,0.9072,0.9262,0.8826,0.9443,0.9124,0.6209,0.1432,0.2315,0.6587,0.7804,0.7143,0.6085,0.831,0.7023
7,eigen,auto,0.001,0.6529,0.6532,0.7758,0.7065,0.6529,0.6322,0.0394,0.1984,0.3468,0.3471,-0.0003,0.4837,0.0304,0.057,0.5849,0.5933,0.5889,0.8666,0.9931,0.925,0.946,0.9072,0.9262,0.8826,0.9443,0.9124,0.6209,0.1432,0.2315,0.6587,0.7804,0.7143,0.6085,0.831,0.7023
9,lsqr,0.3,0.001,0.6495,0.6491,0.7638,0.7176,0.6495,0.6336,0.0402,0.2004,0.3509,0.3505,0.0004,0.4267,0.0132,0.0255,0.6369,0.4248,0.5094,0.9143,1.0,0.955,0.9266,0.9093,0.9179,0.8682,0.9518,0.908,0.7556,0.2294,0.3494,0.6057,0.8244,0.6983,0.6068,0.8429,0.7055
9,eigen,0.3,0.0001,0.6495,0.6491,0.7638,0.7176,0.6495,0.6336,0.0402,0.2004,0.3509,0.3505,0.0004,0.4267,0.0132,0.0255,0.6369,0.4248,0.5094,0.9143,1.0,0.955,0.9266,0.9093,0.9179,0.8682,0.9518,0.908,0.7556,0.2294,0.3494,0.6057,0.8244,0.6983,0.6068,0.8429,0.7055
9,lsqr,0.3,0.0001,0.6495,0.6491,0.7638,0.7176,0.6495,0.6336,0.0402,0.2004,0.3509,0.3505,0.0004,0.4267,0.0132,0.0255,0.6369,0.4248,0.5094,0.9143,1.0,0.955,0.9266,0.9093,0.9179,0.8682,0.9518,0.908,0.7556,0.2294,0.3494,0.6057,0.8244,0.6983,0.6068,0.8429,0.7055
9,eigen,0.3,0.001,0.6495,0.6491,0.7638,0.7176,0.6495,0.6336,0.0402,0.2004,0.3509,0.3505,0.0004,0.4267,0.0132,0.0255,0.6369,0.4248,0.5094,0.9143,1.0,0.955,0.9266,0.9093,0.9179,0.8682,0.9518,0.908,0.7556,0.2294,0.3494,0.6057,0.8244,0.6983,0.6068,0.8429,0.7055
8,lsqr,0.3,0.001,0.6435,0.6437,0.7598,0.7087,0.6435,0.6273,0.0405,0.2012,0.3563,0.3565,-0.0001,0.34,0.0061,0.0119,0.6311,0.4052,0.4932,0.9321,1.0,0.9645,0.9219,0.9094,0.9156,0.8652,0.9506,0.9058,0.7714,0.2079,0.3254,0.5988,0.8242,0.6936,0.6095,0.8453,0.7082
8,eigen,0.3,0.001,0.6435,0.6437,0.7598,0.7087,0.6435,0.6273,0.0405,0.2012,0.3563,0.3565,-0.0001,0.34,0.0061,0.0119,0.6311,0.4052,0.4932,0.9321,1.0,0.9645,0.9219,0.9094,0.9156,0.8652,0.9506,0.9058,0.7714,0.2079,0.3254,0.5988,0.8242,0.6936,0.6095,0.8453,0.7082
8,eigen,0.3,0.0001,0.6435,0.6437,0.7598,0.7087,0.6435,0.6273,0.0405,0.2012,0.3563,0.3565,-0.0001,0.34,0.0061,0.0119,0.6311,0.4052,0.4932,0.9321,1.0,0.9645,0.9219,0.9094,0.9156,0.8652,0.9506,0.9058,0.7714,0.2079,0.3254,0.5988,0.8242,0.6936,0.6095,0.8453,0.7082
7,lsqr,0.1,0.0001,0.6432,0.6437,0.7688,0.7086,0.6432,0.6209,0.0399,0.1997,0.3563,0.3568,-0.0005,0.4967,0.0091,0.0179,0.6043,0.5148,0.5558,0.8915,0.9931,0.9393,0.9426,0.9069,0.9244,0.8729,0.9479,0.9089,0.6315,0.1314,0.2155,0.627,0.8041,0.7045,0.6023,0.8381,0.7008
9,eigen,0.5,0.0001,0.6295,0.6314,0.7482,0.6967,0.6295,0.612,0.0418,0.2045,0.3686,0.3705,-0.0019,0.3,0.0051,0.0099,0.6352,0.3414,0.4438,0.9439,0.9798,0.9606,0.9079,0.9121,0.91,0.8562,0.9523,0.9017,0.7478,0.1785,0.2864,0.5765,0.8142,0.675,0.6063,0.8525,0.7084
9,eigen,0.5,0.001,0.6295,0.6314,0.7482,0.6967,0.6295,0.612,0.0418,0.2045,0.3686,0.3705,-0.0019,0.3,0.0051,0.0099,0.6352,0.3414,0.4438,0.9439,0.9798,0.9606,0.9079,0.9121,0.91,0.8562,0.9523,0.9017,0.7478,0.1785,0.2864,0.5765,0.8142,0.675,0.6063,0.8525,0.7084
9,lsqr,0.5,0.01,0.6295,0.6314,0.7482,0.6967,0.6295,0.612,0.0418,0.2045,0.3686,0.3705,-0.0019,0.3,0.0051,0.0099,0.6352,0.3414,0.4438,0.9439,0.9798,0.9606,0.9079,0.9121,0.91,0.8562,0.9523,0.9017,0.7478,0.1785,0.2864,0.5765,0.8142,0.675,0.6063,0.8525,0.7084
8,lsqr,0.5,0.0001,0.6256,0.626,0.7464,0.7404,0.6256,0.6078,0.0421,0.2052,0.374,0.3744,-0.0004,0.6,0.0031,0.0061,0.6385,0.329,0.4339,0.9508,0.9798,0.964,0.9054,0.9134,0.9094,0.8548,0.9516,0.9006,0.7912,0.1608,0.2653,0.5712,0.816,0.672,0.6108,0.8513,0.7111
8,eigen,0.5,0.001,0.6256,0.626,0.7464,0.7404,0.6256,0.6078,0.0421,0.2052,0.374,0.3744,-0.0004,0.6,0.0031,0.0061,0.6385,0.329,0.4339,0.9508,0.9798,0.964,0.9054,0.9134,0.9094,0.8548,0.9516,0.9006,0.7912,0.1608,0.2653,0.5712,0.816,0.672,0.6108,0.8513,0.7111
8,lsqr,0.5,0.001,0.6256,0.626,0.7464,0.7404,0.6256,0.6078,0.0421,0.2052,0.374,0.3744,-0.0004,0.6,0.0031,0.0061,0.6385,0.329,0.4339,0.9508,0.9798,0.964,0.9054,0.9134,0.9094,0.8548,0.9516,0.9006,0.7912,0.1608,0.2653,0.5712,0.816,0.672,0.6108,0.8513,0.7111
8,eigen,0.5,0.01,0.6256,0.626,0.7464,0.7404,0.6256,0.6078,0.0421,0.2052,0.374,0.3744,-0.0004,0.6,0.0031,0.0061,0.6385,0.329,0.4339,0.9508,0.9798,0.964,0.9054,0.9134,0.9094,0.8548,0.9516,0.9006,0.7912,0.1608,0.2653,0.5712,0.816,0.672,0.6108,0.8513,0.7111
8,lsqr,0.5,0.01,0.6256,0.626,0.7464,0.7404,0.6256,0.6078,0.0421,0.2052,0.374,0.3744,-0.0004,0.6,0.0031,0.0061,0.6385,0.329,0.4339,0.9508,0.9798,0.964,0.9054,0.9134,0.9094,0.8548,0.9516,0.9006,0.7912,0.1608,0.2653,0.5712,0.816,0.672,0.6108,0.8513,0.7111
7,eigen,0.3,0.001,0.6206,0.6227,0.7505,0.6655,0.6206,0.5973,0.0418,0.2045,0.3773,0.3794,-0.0021,0.2,0.001,0.002,0.6187,0.3883,0.477,0.9375,0.9798,0.9573,0.9212,0.9098,0.9154,0.8615,0.952,0.9045,0.5968,0.0804,0.1399,0.5782,0.808,0.6741,0.6097,0.8453,0.7082
7,lsqr,0.3,0.01,0.6206,0.6227,0.7505,0.6655,0.6206,0.5973,0.0418,0.2045,0.3773,0.3794,-0.0021,0.2,0.001,0.002,0.6187,0.3883,0.477,0.9375,0.9798,0.9573,0.9212,0.9098,0.9154,0.8615,0.952,0.9045,0.5968,0.0804,0.1399,0.5782,0.808,0.6741,0.6097,0.8453,0.7082
7,eigen,0.3,0.01,0.6206,0.6227,0.7505,0.6655,0.6206,0.5973,0.0418,0.2045,0.3773,0.3794,-0.0021,0.2,0.001,0.002,0.6187,0.3883,0.477,0.9375,0.9798,0.9573,0.9212,0.9098,0.9154,0.8615,0.952,0.9045,0.5968,0.0804,0.1399,0.5782,0.808,0.6741,0.6097,0.8453,0.7082
9,eigen,0.7,0.01,0.6184,0.6207,0.7372,0.6651,0.6184,0.598,0.0432,0.2079,0.3793,0.3816,-0.0023,0.1,0.001,0.002,0.6223,0.2872,0.3927,0.9507,0.9798,0.9639,0.8946,0.9148,0.9045,0.8499,0.9535,0.8987,0.7393,0.1549,0.2546,0.5578,0.8011,0.6576,0.6067,0.8549,0.7095
9,lsqr,0.7,0.01,0.6184,0.6207,0.7372,0.6651,0.6184,0.598,0.0432,0.2079,0.3793,0.3816,-0.0023,0.1,0.001,0.002,0.6223,0.2872,0.3927,0.9507,0.9798,0.9639,0.8946,0.9148,0.9045,0.8499,0.9535,0.8987,0.7393,0.1549,0.2546,0.5578,0.8011,0.6576,0.6067,0.8549,0.7095
9,eigen,0.7,0.001,0.6184,0.6207,0.7372,0.6651,0.6184,0.598,0.0432,0.2079,0.3793,0.3816,-0.0023,0.1,0.001,0.002,0.6223,0.2872,0.3927,0.9507,0.9798,0.9639,0.8946,0.9148,0.9045,0.8499,0.9535,0.8987,0.7393,0.1549,0.2546,0.5578,0.8011,0.6576,0.6067,0.8549,0.7095
9,eigen,0.9,0.01,0.6145,0.6148,0.7294,0.6649,0.6145,0.5947,0.0449,0.212,0.3852,0.3855,-0.0004,0.2,0.002,0.004,0.6115,0.2676,0.3722,0.9438,0.9731,0.9571,0.8787,0.9176,0.8977,0.8451,0.9518,0.8953,0.6764,0.1745,0.2744,0.5472,0.7764,0.642,0.6161,0.8525,0.715
9,eigen,0.9,0.0001,0.6145,0.6148,0.7294,0.6649,0.6145,0.5947,0.0449,0.212,0.3852,0.3855,-0.0004,0.2,0.002,0.004,0.6115,0.2676,0.3722,0.9438,0.9731,0.9571,0.8787,0.9176,0.8977,0.8451,0.9518,0.8953,0.6764,0.1745,0.2744,0.5472,0.7764,0.642,0.6161,0.8525,0.715
9,lsqr,0.9,0.01,0.6145,0.6148,0.7294,0.6649,0.6145,0.5947,0.0449,0.212,0.3852,0.3855,-0.0004,0.2,0.002,0.004,0.6115,0.2676,0.3722,0.9438,0.9731,0.9571,0.8787,0.9176,0.8977,0.8451,0.9518,0.8953,0.6764,0.1745,0.2744,0.5472,0.7764,0.642,0.6161,0.8525,0.715
8,eigen,0.7,0.0001,0.6135,0.6135,0.7352,0.663,0.6135,0.5922,0.0434,0.2084,0.3865,0.3865,-0.0,0.0,0.0,0.0,0.6277,0.2766,0.3837,0.9507,0.9798,0.9639,0.8909,0.9171,0.9038,0.8461,0.9528,0.8963,0.8212,0.1294,0.2216,0.5528,0.8001,0.6539,0.6149,0.8525,0.7142
8,lsqr,0.7,0.0001,0.6135,0.6135,0.7352,0.663,0.6135,0.5922,0.0434,0.2084,0.3865,0.3865,-0.0,0.0,0.0,0.0,0.6277,0.2766,0.3837,0.9507,0.9798,0.9639,0.8909,0.9171,0.9038,0.8461,0.9528,0.8963,0.8212,0.1294,0.2216,0.5528,0.8001,0.6539,0.6149,0.8525,0.7142
8,eigen,0.7,0.001,0.6135,0.6135,0.7352,0.663,0.6135,0.5922,0.0434,0.2084,0.3865,0.3865,-0.0,0.0,0.0,0.0,0.6277,0.2766,0.3837,0.9507,0.9798,0.9639,0.8909,0.9171,0.9038,0.8461,0.9528,0.8963,0.8212,0.1294,0.2216,0.5528,0.8001,0.6539,0.6149,0.8525,0.7142
7,lsqr,0.5,0.001,0.6087,0.6089,0.7384,0.6427,0.6087,0.5837,0.0432,0.2079,0.3911,0.3913,-0.0003,0.0,0.0,0.0,0.624,0.3112,0.4152,0.9507,0.9798,0.9639,0.9041,0.9148,0.9094,0.8511,0.9528,0.899,0.6443,0.0647,0.1163,0.5552,0.8019,0.6562,0.6121,0.8441,0.7094
7,eigen,0.5,0.001,0.6087,0.6089,0.7384,0.6427,0.6087,0.5837,0.0432,0.2079,0.3911,0.3913,-0.0003,0.0,0.0,0.0,0.624,0.3112,0.4152,0.9507,0.9798,0.9639,0.9041,0.9148,0.9094,0.8511,0.9528,0.899,0.6443,0.0647,0.1163,0.5552,0.8019,0.6562,0.6121,0.8441,0.7094
7,lsqr,0.5,0.01,0.6087,0.6089,0.7384,0.6427,0.6087,0.5837,0.0432,0.2079,0.3911,0.3913,-0.0003,0.0,0.0,0.0,0.624,0.3112,0.4152,0.9507,0.9798,0.9639,0.9041,0.9148,0.9094,0.8511,0.9528,0.899,0.6443,0.0647,0.1163,0.5552,0.8019,0.6562,0.6121,0.8441,0.7094
7,lsqr,0.5,0.0001,0.6087,0.6089,0.7384,0.6427,0.6087,0.5837,0.0432,0.2079,0.3911,0.3913,-0.0003,0.0,0.0,0.0,0.624,0.3112,0.4152,0.9507,0.9798,0.9639,0.9041,0.9148,0.9094,0.8511,0.9528,0.899,0.6443,0.0647,0.1163,0.5552,0.8019,0.6562,0.6121,0.8441,0.7094
8,eigen,0.9,0.01,0.6077,0.6087,0.728,0.6413,0.6077,0.5869,0.0449,0.2119,0.3913,0.3923,-0.001,0.0,0.0,0.0,0.61,0.2604,0.3648,0.9493,0.9731,0.9602,0.8764,0.9194,0.8973,0.8423,0.9525,0.894,0.6812,0.1314,0.2181,0.5445,0.7784,0.6407,0.6268,0.8465,0.7198
8,lsqr,0.9,0.001,0.6077,0.6087,0.728,0.6413,0.6077,0.5869,0.0449,0.2119,0.3913,0.3923,-0.001,0.0,0.0,0.0,0.61,0.2604,0.3648,0.9493,0.9731,0.9602,0.8764,0.9194,0.8973,0.8423,0.9525,0.894,0.6812,0.1314,0.2181,0.5445,0.7784,0.6407,0.6268,0.8465,0.7198
6,lsqr,,0.01,0.5993,0.5995,0.718,0.5978,0.5993,0.5728,0.0479,0.2189,0.4005,0.4007,-0.0002,0.0,0.0,0.0,0.5905,0.2556,0.3564,0.9311,0.9731,0.9508,0.8626,0.9054,0.8834,0.8636,0.9482,0.9039,0.4022,0.1019,0.159,0.5333,0.7636,0.6279,0.5995,0.8465,0.7015
6,eigen,,0.001,0.5993,0.5995,0.718,0.5978,0.5993,0.5728,0.0479,0.2189,0.4005,0.4007,-0.0002,0.0,0.0,0.0,0.5905,0.2556,0.3564,0.9311,0.9731,0.9508,0.8626,0.9054,0.8834,0.8636,0.9482,0.9039,0.4022,0.1019,0.159,0.5333,0.7636,0.6279,0.5995,0.8465,0.7015
6,eigen,,0.0001,0.5993,0.5995,0.718,0.5978,0.5993,0.5728,0.0479,0.2189,0.4005,0.4007,-0.0002,0.0,0.0,0.0,0.5905,0.2556,0.3564,0.9311,0.9731,0.9508,0.8626,0.9054,0.8834,0.8636,0.9482,0.9039,0.4022,0.1019,0.159,0.5333,0.7636,0.6279,0.5995,0.8465,0.7015
6,lsqr,,0.0001,0.5993,0.5995,0.718,0.5978,0.5993,0.5728,0.0479,0.2189,0.4005,0.4007,-0.0002,0.0,0.0,0.0,0.5905,0.2556,0.3564,0.9311,0.9731,0.9508,0.8626,0.9054,0.8834,0.8636,0.9482,0.9039,0.4022,0.1019,0.159,0.5333,0.7636,0.6279,0.5995,0.8465,0.7015
6,eigen,,0.01,0.5993,0.5995,0.718,0.5978,0.5993,0.5728,0.0479,0.2189,0.4005,0.4007,-0.0002,0.0,0.0,0.0,0.5905,0.2556,0.3564,0.9311,0.9731,0.9508,0.8626,0.9054,0.8834,0.8636,0.9482,0.9039,0.4022,0.1019,0.159,0.5333,0.7636,0.6279,0.5995,0.8465,0.7015
7,eigen,0.7,0.001,0.5992,0.601,0.7291,0.6282,0.5992,0.5735,0.0443,0.2105,0.399,0.4008,-0.0017,0.0,0.0,0.0,0.617,0.2667,0.3724,0.9504,0.9731,0.9603,0.8896,0.9185,0.9037,0.842,0.9528,0.8939,0.5641,0.0568,0.1028,0.5415,0.7891,0.6422,0.6211,0.8369,0.7126
7,lsqr,0.7,0.01,0.5992,0.601,0.7291,0.6282,0.5992,0.5735,0.0443,0.2105,0.399,0.4008,-0.0017,0.0,0.0,0.0,0.617,0.2667,0.3724,0.9504,0.9731,0.9603,0.8896,0.9185,0.9037,0.842,0.9528,0.8939,0.5641,0.0568,0.1028,0.5415,0.7891,0.6422,0.6211,0.8369,0.7126
7,eigen,0.7,0.0001,0.5992,0.601,0.7291,0.6282,0.5992,0.5735,0.0443,0.2105,0.399,0.4008,-0.0017,0.0,0.0,0.0,0.617,0.2667,0.3724,0.9504,0.9731,0.9603,0.8896,0.9185,0.9037,0.842,0.9528,0.8939,0.5641,0.0568,0.1028,0.5415,0.7891,0.6422,0.6211,0.8369,0.7126
7,lsqr,0.7,0.001,0.5992,0.601,0.7291,0.6282,0.5992,0.5735,0.0443,0.2105,0.399,0.4008,-0.0017,0.0,0.0,0.0,0.617,0.2667,0.3724,0.9504,0.9731,0.9603,0.8896,0.9185,0.9037,0.842,0.9528,0.8939,0.5641,0.0568,0.1028,0.5415,0.7891,0.6422,0.6211,0.8369,0.7126
7,lsqr,0.7,0.0001,0.5992,0.601,0.7291,0.6282,0.5992,0.5735,0.0443,0.2105,0.399,0.4008,-0.0017,0.0,0.0,0.0,0.617,0.2667,0.3724,0.9504,0.9731,0.9603,0.8896,0.9185,0.9037,0.842,0.9528,0.8939,0.5641,0.0568,0.1028,0.5415,0.7891,0.6422,0.6211,0.8369,0.7126
7,eigen,0.7,0.01,0.5992,0.601,0.7291,0.6282,0.5992,0.5735,0.0443,0.2105,0.399,0.4008,-0.0017,0.0,0.0,0.0,0.617,0.2667,0.3724,0.9504,0.9731,0.9603,0.8896,0.9185,0.9037,0.842,0.9528,0.8939,0.5641,0.0568,0.1028,0.5415,0.7891,0.6422,0.6211,0.8369,0.7126
6,eigen,auto,0.01,0.5976,0.5986,0.7181,0.5984,0.5976,0.5707,0.0478,0.2186,0.4014,0.4024,-0.001,0.0,0.0,0.0,0.5944,0.2541,0.3557,0.9311,0.9731,0.9508,0.8632,0.9055,0.8838,0.8631,0.9491,0.9041,0.404,0.0882,0.1424,0.5314,0.7652,0.6272,0.6001,0.8453,0.7015
6,eigen,auto,0.001,0.5976,0.5986,0.7181,0.5984,0.5976,0.5707,0.0478,0.2186,0.4014,0.4024,-0.001,0.0,0.0,0.0,0.5944,0.2541,0.3557,0.9311,0.9731,0.9508,0.8632,0.9055,0.8838,0.8631,0.9491,0.9041,0.404,0.0882,0.1424,0.5314,0.7652,0.6272,0.6001,0.8453,0.7015
6,lsqr,auto,0.001,0.5976,0.5986,0.7181,0.5984,0.5976,0.5707,0.0478,0.2186,0.4014,0.4024,-0.001,0.0,0.0,0.0,0.5944,0.2541,0.3557,0.9311,0.9731,0.9508,0.8632,0.9055,0.8838,0.8631,0.9491,0.9041,0.404,0.0882,0.1424,0.5314,0.7652,0.6272,0.6001,0.8453,0.7015
7,lsqr,0.9,0.001,0.5965,0.5959,0.724,0.6201,0.5965,0.572,0.0454,0.2132,0.4041,0.4035,0.0006,0.0,0.0,0.0,0.601,0.2526,0.3556,0.9608,0.9731,0.9664,0.8745,0.9223,0.8977,0.8396,0.9523,0.8924,0.5112,0.0608,0.1069,0.5366,0.7708,0.6327,0.6372,0.8405,0.7243
7,eigen,0.9,0.001,0.5965,0.5959,0.724,0.6201,0.5965,0.572,0.0454,0.2132,0.4041,0.4035,0.0006,0.0,0.0,0.0,0.601,0.2526,0.3556,0.9608,0.9731,0.9664,0.8745,0.9223,0.8977,0.8396,0.9523,0.8924,0.5112,0.0608,0.1069,0.5366,0.7708,0.6327,0.6372,0.8405,0.7243
7,eigen,0.9,0.0001,0.5965,0.5959,0.724,0.6201,0.5965,0.572,0.0454,0.2132,0.4041,0.4035,0.0006,0.0,0.0,0.0,0.601,0.2526,0.3556,0.9608,0.9731,0.9664,0.8745,0.9223,0.8977,0.8396,0.9523,0.8924,0.5112,0.0608,0.1069,0.5366,0.7708,0.6327,0.6372,0.8405,0.7243
7,lsqr,0.9,0.0001,0.5965,0.5959,0.724,0.6201,0.5965,0.572,0.0454,0.2132,0.4041,0.4035,0.0006,0.0,0.0,0.0,0.601,0.2526,0.3556,0.9608,0.9731,0.9664,0.8745,0.9223,0.8977,0.8396,0.9523,0.8924,0.5112,0.0608,0.1069,0.5366,0.7708,0.6327,0.6372,0.8405,0.7243
7,eigen,0.9,0.01,0.5965,0.5959,0.724,0.6201,0.5965,0.572,0.0454,0.2132,0.4041,0.4035,0.0006,0.0,0.0,0.0,0.601,0.2526,0.3556,0.9608,0.9731,0.9664,0.8745,0.9223,0.8977,0.8396,0.9523,0.8924,0.5112,0.0608,0.1069,0.5366,0.7708,0.6327,0.6372,0.8405,0.7243
6,lsqr,0.1,0.0001,0.596,0.5969,0.7176,0.5975,0.596,0.5689,0.0477,0.2184,0.4031,0.404,-0.0009,0.0,0.0,0.0,0.6029,0.2505,0.3536,0.9376,0.9731,0.9541,0.8618,0.9069,0.8837,0.8598,0.9496,0.9024,0.3854,0.0784,0.1283,0.5297,0.7642,0.6256,0.6026,0.8453,0.7033
6,eigen,0.1,0.001,0.596,0.5969,0.7176,0.5975,0.596,0.5689,0.0477,0.2184,0.4031,0.404,-0.0009,0.0,0.0,0.0,0.6029,0.2505,0.3536,0.9376,0.9731,0.9541,0.8618,0.9069,0.8837,0.8598,0.9496,0.9024,0.3854,0.0784,0.1283,0.5297,0.7642,0.6256,0.6026,0.8453,0.7033
6,lsqr,0.1,0.01,0.596,0.5969,0.7176,0.5975,0.596,0.5689,0.0477,0.2184,0.4031,0.404,-0.0009,0.0,0.0,0.0,0.6029,0.2505,0.3536,0.9376,0.9731,0.9541,0.8618,0.9069,0.8837,0.8598,0.9496,0.9024,0.3854,0.0784,0.1283,0.5297,0.7642,0.6256,0.6026,0.8453,0.7033
6,lsqr,0.3,0.01,0.5908,0.5898,0.7171,0.6051,0.5908,0.5631,0.0474,0.2177,0.4102,0.4092,0.0009,0.0,0.0,0.0,0.6179,0.2315,0.3366,0.9608,0.9662,0.9628,0.8595,0.9107,0.8843,0.8521,0.9511,0.8989,0.411,0.049,0.0862,0.5274,0.7722,0.6267,0.612,0.8453,0.7097
6,eigen,0.3,0.01,0.5908,0.5898,0.7171,0.6051,0.5908,0.5631,0.0474,0.2177,0.4102,0.4092,0.0009,0.0,0.0,0.0,0.6179,0.2315,0.3366,0.9608,0.9662,0.9628,0.8595,0.9107,0.8843,0.8521,0.9511,0.8989,0.411,0.049,0.0862,0.5274,0.7722,0.6267,0.612,0.8453,0.7097
5,lsqr,,0.001,0.5891,0.5906,0.7107,0.5721,0.5891,0.5564,0.0486,0.2205,0.4094,0.4109,-0.0015,0.0,0.0,0.0,0.5819,0.2583,0.3573,0.9244,0.9731,0.9475,0.8503,0.9031,0.8759,0.8504,0.9487,0.8968,0.255,0.0353,0.0618,0.5274,0.7379,0.615,0.5877,0.8561,0.6967
5,eigen,,0.01,0.5891,0.5906,0.7107,0.5721,0.5891,0.5564,0.0486,0.2205,0.4094,0.4109,-0.0015,0.0,0.0,0.0,0.5819,0.2583,0.3573,0.9244,0.9731,0.9475,0.8503,0.9031,0.8759,0.8504,0.9487,0.8968,0.255,0.0353,0.0618,0.5274,0.7379,0.615,0.5877,0.8561,0.6967
5,lsqr,,0.01,0.5891,0.5906,0.7107,0.5721,0.5891,0.5564,0.0486,0.2205,0.4094,0.4109,-0.0015,0.0,0.0,0.0,0.5819,0.2583,0.3573,0.9244,0.9731,0.9475,0.8503,0.9031,0.8759,0.8504,0.9487,0.8968,0.255,0.0353,0.0618,0.5274,0.7379,0.615,0.5877,0.8561,0.6967
5,eigen,,0.001,0.5891,0.5906,0.7107,0.5721,0.5891,0.5564,0.0486,0.2205,0.4094,0.4109,-0.0015,0.0,0.0,0.0,0.5819,0.2583,0.3573,0.9244,0.9731,0.9475,0.8503,0.9031,0.8759,0.8504,0.9487,0.8968,0.255,0.0353,0.0618,0.5274,0.7379,0.615,0.5877,0.8561,0.6967
5,lsqr,,0.0001,0.5891,0.5906,0.7107,0.5721,0.5891,0.5564,0.0486,0.2205,0.4094,0.4109,-0.0015,0.0,0.0,0.0,0.5819,0.2583,0.3573,0.9244,0.9731,0.9475,0.8503,0.9031,0.8759,0.8504,0.9487,0.8968,0.255,0.0353,0.0618,0.5274,0.7379,0.615,0.5877,0.8561,0.6967
5,eigen,auto,0.0001,0.5887,0.589,0.7115,0.5741,0.5887,0.5556,0.0486,0.2204,0.411,0.4113,-0.0003,0.0,0.0,0.0,0.5919,0.2562,0.3572,0.9244,0.9731,0.9475,0.85,0.9045,0.8763,0.8492,0.9496,0.8966,0.2598,0.0294,0.0526,0.5265,0.7405,0.6154,0.5909,0.8561,0.699
5,lsqr,auto,0.0001,0.5887,0.589,0.7115,0.5741,0.5887,0.5556,0.0486,0.2204,0.411,0.4113,-0.0003,0.0,0.0,0.0,0.5919,0.2562,0.3572,0.9244,0.9731,0.9475,0.85,0.9045,0.8763,0.8492,0.9496,0.8966,0.2598,0.0294,0.0526,0.5265,0.7405,0.6154,0.5909,0.8561,0.699
5,eigen,auto,0.01,0.5887,0.589,0.7115,0.5741,0.5887,0.5556,0.0486,0.2204,0.411,0.4113,-0.0003,0.0,0.0,0.0,0.5919,0.2562,0.3572,0.9244,0.9731,0.9475,0.85,0.9045,0.8763,0.8492,0.9496,0.8966,0.2598,0.0294,0.0526,0.5265,0.7405,0.6154,0.5909,0.8561,0.699
5,lsqr,auto,0.001,0.5887,0.589,0.7115,0.5741,0.5887,0.5556,0.0486,0.2204,0.411,0.4113,-0.0003,0.0,0.0,0.0,0.5919,0.2562,0.3572,0.9244,0.9731,0.9475,0.85,0.9045,0.8763,0.8492,0.9496,0.8966,0.2598,0.0294,0.0526,0.5265,0.7405,0.6154,0.5909,0.8561,0.699
5,eigen,0.1,0.0001,0.5875,0.5881,0.7128,0.5673,0.5875,0.5538,0.0483,0.2198,0.4119,0.4125,-0.0006,0.0,0.0,0.0,0.602,0.2483,0.3512,0.9366,0.9731,0.9539,0.8519,0.9068,0.8784,0.8466,0.9503,0.8954,0.1767,0.0157,0.0287,0.5275,0.7495,0.6192,0.5975,0.8561,0.7035
5,eigen,0.1,0.01,0.5875,0.5881,0.7128,0.5673,0.5875,0.5538,0.0483,0.2198,0.4119,0.4125,-0.0006,0.0,0.0,0.0,0.602,0.2483,0.3512,0.9366,0.9731,0.9539,0.8519,0.9068,0.8784,0.8466,0.9503,0.8954,0.1767,0.0157,0.0287,0.5275,0.7495,0.6192,0.5975,0.8561,0.7035
5,eigen,0.3,0.01,0.5851,0.5858,0.7136,0.5919,0.5851,0.5536,0.0479,0.2188,0.4142,0.4149,-0.0008,0.0,0.0,0.0,0.6081,0.2306,0.3341,0.9668,0.9662,0.966,0.8521,0.9124,0.8811,0.8423,0.952,0.8938,0.3333,0.0137,0.0262,0.5261,0.7578,0.621,0.6062,0.8477,0.7067
5,lsqr,0.3,0.01,0.5851,0.5858,0.7136,0.5919,0.5851,0.5536,0.0479,0.2188,0.4142,0.4149,-0.0008,0.0,0.0,0.0,0.6081,0.2306,0.3341,0.9668,0.9662,0.966,0.8521,0.9124,0.8811,0.8423,0.952,0.8938,0.3333,0.0137,0.0262,0.5261,0.7578,0.621,0.6062,0.8477,0.7067
5,lsqr,0.3,0.001,0.5851,0.5858,0.7136,0.5919,0.5851,0.5536,0.0479,0.2188,0.4142,0.4149,-0.0008,0.0,0.0,0.0,0.6081,0.2306,0.3341,0.9668,0.9662,0.966,0.8521,0.9124,0.8811,0.8423,0.952,0.8938,0.3333,0.0137,0.0262,0.5261,0.7578,0.621,0.6062,0.8477,0.7067
5,lsqr,0.3,0.0001,0.5851,0.5858,0.7136,0.5919,0.5851,0.5536,0.0479,0.2188,0.4142,0.4149,-0.0008,0.0,0.0,0.0,0.6081,0.2306,0.3341,0.9668,0.9662,0.966,0.8521,0.9124,0.8811,0.8423,0.952,0.8938,0.3333,0.0137,0.0262,0.5261,0.7578,0.621,0.6062,0.8477,0.7067
6,eigen,0.5,0.001,0.5825,0.5836,0.7154,0.602,0.5825,0.5571,0.0473,0.2175,0.4164,0.4175,-0.0011,0.0,0.0,0.0,0.6179,0.2224,0.3268,0.9721,0.9255,0.9481,0.8553,0.9136,0.8834,0.8466,0.9523,0.8963,0.3792,0.0353,0.0644,0.5248,0.769,0.6238,0.6202,0.8417,0.7138
6,lsqr,0.5,0.001,0.5825,0.5836,0.7154,0.602,0.5825,0.5571,0.0473,0.2175,0.4164,0.4175,-0.0011,0.0,0.0,0.0,0.6179,0.2224,0.3268,0.9721,0.9255,0.9481,0.8553,0.9136,0.8834,0.8466,0.9523,0.8963,0.3792,0.0353,0.0644,0.5248,0.769,0.6238,0.6202,0.8417,0.7138
6,lsqr,0.5,0.01,0.5825,0.5836,0.7154,0.602,0.5825,0.5571,0.0473,0.2175,0.4164,0.4175,-0.0011,0.0,0.0,0.0,0.6179,0.2224,0.3268,0.9721,0.9255,0.9481,0.8553,0.9136,0.8834,0.8466,0.9523,0.8963,0.3792,0.0353,0.0644,0.5248,0.769,0.6238,0.6202,0.8417,0.7138
5,eigen,0.5,0.001,0.5781,0.5797,0.7137,0.5891,0.5781,0.5494,0.0477,0.2185,0.4203,0.4219,-0.0016,0.0,0.0,0.0,0.6017,0.2252,0.3274,0.9722,0.926,0.9481,0.8501,0.9166,0.882,0.8386,0.9518,0.8916,0.3,0.0039,0.0077,0.5263,0.7593,0.6217,0.624,0.8417,0.7163
5,lsqr,0.5,0.0001,0.5781,0.5797,0.7137,0.5891,0.5781,0.5494,0.0477,0.2185,0.4203,0.4219,-0.0016,0.0,0.0,0.0,0.6017,0.2252,0.3274,0.9722,0.926,0.9481,0.8501,0.9166,0.882,0.8386,0.9518,0.8916,0.3,0.0039,0.0077,0.5263,0.7593,0.6217,0.624,0.8417,0.7163
5,lsqr,0.5,0.01,0.5781,0.5797,0.7137,0.5891,0.5781,0.5494,0.0477,0.2185,0.4203,0.4219,-0.0016,0.0,0.0,0.0,0.6017,0.2252,0.3274,0.9722,0.926,0.9481,0.8501,0.9166,0.882,0.8386,0.9518,0.8916,0.3,0.0039,0.0077,0.5263,0.7593,0.6217,0.624,0.8417,0.7163
6,lsqr,0.7,0.001,0.5732,0.5758,0.714,0.5994,0.5732,0.5505,0.0474,0.2178,0.4242,0.4268,-0.0026,0.0,0.0,0.0,0.5956,0.2218,0.3231,0.9705,0.8713,0.9175,0.8532,0.9179,0.8843,0.8411,0.9518,0.893,0.3805,0.0255,0.0473,0.5251,0.7616,0.6216,0.6292,0.8357,0.7174
6,lsqr,0.7,0.0001,0.5732,0.5758,0.714,0.5994,0.5732,0.5505,0.0474,0.2178,0.4242,0.4268,-0.0026,0.0,0.0,0.0,0.5956,0.2218,0.3231,0.9705,0.8713,0.9175,0.8532,0.9179,0.8843,0.8411,0.9518,0.893,0.3805,0.0255,0.0473,0.5251,0.7616,0.6216,0.6292,0.8357,0.7174
6,lsqr,0.7,0.01,0.5732,0.5758,0.714,0.5994,0.5732,0.5505,0.0474,0.2178,0.4242,0.4268,-0.0026,0.0,0.0,0.0,0.5956,0.2218,0.3231,0.9705,0.8713,0.9175,0.8532,0.9179,0.8843,0.8411,0.9518,0.893,0.3805,0.0255,0.0473,0.5251,0.7616,0.6216,0.6292,0.8357,0.7174
6,eigen,0.7,0.01,0.5732,0.5758,0.714,0.5994,0.5732,0.5505,0.0474,0.2178,0.4242,0.4268,-0.0026,0.0,0.0,0.0,0.5956,0.2218,0.3231,0.9705,0.8713,0.9175,0.8532,0.9179,0.8843,0.8411,0.9518,0.893,0.3805,0.0255,0.0473,0.5251,0.7616,0.6216,0.6292,0.8357,0.7174
5,lsqr,0.7,0.0001,0.5708,0.5714,0.7134,0.5849,0.5708,0.5464,0.0477,0.2185,0.4286,0.4292,-0.0005,0.0,0.0,0.0,0.586,0.2231,0.323,0.9779,0.8782,0.9246,0.8464,0.9245,0.8837,0.8365,0.953,0.8909,0.2667,0.0039,0.0077,0.5269,0.7509,0.6192,0.6384,0.8333,0.7225
5,eigen,0.7,0.01,0.5708,0.5714,0.7134,0.5849,0.5708,0.5464,0.0477,0.2185,0.4286,0.4292,-0.0005,0.0,0.0,0.0,0.586,0.2231,0.323,0.9779,0.8782,0.9246,0.8464,0.9245,0.8837,0.8365,0.953,0.8909,0.2667,0.0039,0.0077,0.5269,0.7509,0.6192,0.6384,0.8333,0.7225
5,lsqr,0.7,0.01,0.5708,0.5714,0.7134,0.5849,0.5708,0.5464,0.0477,0.2185,0.4286,0.4292,-0.0005,0.0,0.0,0.0,0.586,0.2231,0.323,0.9779,0.8782,0.9246,0.8464,0.9245,0.8837,0.8365,0.953,0.8909,0.2667,0.0039,0.0077,0.5269,0.7509,0.6192,0.6384,0.8333,0.7225
5,lsqr,0.7,0.001,0.5708,0.5714,0.7134,0.5849,0.5708,0.5464,0.0477,0.2185,0.4286,0.4292,-0.0005,0.0,0.0,0.0,0.586,0.2231,0.323,0.9779,0.8782,0.9246,0.8464,0.9245,0.8837,0.8365,0.953,0.8909,0.2667,0.0039,0.0077,0.5269,0.7509,0.6192,0.6384,0.8333,0.7225
5,eigen,0.7,0.001,0.5708,0.5714,0.7134,0.5849,0.5708,0.5464,0.0477,0.2185,0.4286,0.4292,-0.0005,0.0,0.0,0.0,0.586,0.2231,0.323,0.9779,0.8782,0.9246,0.8464,0.9245,0.8837,0.8365,0.953,0.8909,0.2667,0.0039,0.0077,0.5269,0.7509,0.6192,0.6384,0.8333,0.7225
6,eigen,0.9,0.001,0.5688,0.5709,0.7118,0.5873,0.5688,0.5485,0.0477,0.2185,0.4291,0.4312,-0.0021,0.0,0.0,0.0,0.569,0.2291,0.3265,0.9705,0.8577,0.9095,0.8486,0.9226,0.884,0.838,0.9511,0.891,0.305,0.0216,0.0394,0.5243,0.7447,0.6153,0.6432,0.8237,0.722
6,eigen,0.9,0.0001,0.5688,0.5709,0.7118,0.5873,0.5688,0.5485,0.0477,0.2185,0.4291,0.4312,-0.0021,0.0,0.0,0.0,0.569,0.2291,0.3265,0.9705,0.8577,0.9095,0.8486,0.9226,0.884,0.838,0.9511,0.891,0.305,0.0216,0.0394,0.5243,0.7447,0.6153,0.6432,0.8237,0.722
6,lsqr,0.9,0.0001,0.5688,0.5709,0.7118,0.5873,0.5688,0.5485,0.0477,0.2185,0.4291,0.4312,-0.0021,0.0,0.0,0.0,0.569,0.2291,0.3265,0.9705,0.8577,0.9095,0.8486,0.9226,0.884,0.838,0.9511,0.891,0.305,0.0216,0.0394,0.5243,0.7447,0.6153,0.6432,0.8237,0.722
6,lsqr,0.9,0.01,0.5688,0.5709,0.7118,0.5873,0.5688,0.5485,0.0477,0.2185,0.4291,0.4312,-0.0021,0.0,0.0,0.0,0.569,0.2291,0.3265,0.9705,0.8577,0.9095,0.8486,0.9226,0.884,0.838,0.9511,0.891,0.305,0.0216,0.0394,0.5243,0.7447,0.6153,0.6432,0.8237,0.722
5,eigen,0.9,0.01,0.5654,0.5665,0.7114,0.5864,0.5654,0.5446,0.0479,0.2189,0.4335,0.4346,-0.0011,0.0,0.0,0.0,0.5578,0.2315,0.3271,0.9773,0.851,0.9086,0.8407,0.9287,0.8824,0.8354,0.9518,0.8898,0.3,0.0039,0.0077,0.5269,0.735,0.6138,0.6532,0.8213,0.7273
5,lsqr,0.9,0.001,0.5654,0.5665,0.7114,0.5864,0.5654,0.5446,0.0479,0.2189,0.4335,0.4346,-0.0011,0.0,0.0,0.0,0.5578,0.2315,0.3271,0.9773,0.851,0.9086,0.8407,0.9287,0.8824,0.8354,0.9518,0.8898,0.3,0.0039,0.0077,0.5269,0.735,0.6138,0.6532,0.8213,0.7273
5,eigen,0.9,0.001,0.5654,0.5665,0.7114,0.5864,0.5654,0.5446,0.0479,0.2189,0.4335,0.4346,-0.0011,0.0,0.0,0.0,0.5578,0.2315,0.3271,0.9773,0.851,0.9086,0.8407,0.9287,0.8824,0.8354,0.9518,0.8898,0.3,0.0039,0.0077,0.5269,0.735,0.6138,0.6532,0.8213,0.7273
4,eigen,auto,0.01,0.5629,0.5644,0.7146,0.5177,0.5629,0.5281,0.0485,0.2202,0.4356,0.4371,-0.0015,0.0,0.0,0.0,0.5271,0.242,0.3315,0.7641,0.8099,0.7838,0.8746,0.9268,0.8999,0.8446,0.9479,0.8932,0.0,0.0,0.0,0.5286,0.7477,0.6193,0.6027,0.8285,0.6973
4,eigen,auto,0.0001,0.5629,0.5644,0.7146,0.5177,0.5629,0.5281,0.0485,0.2202,0.4356,0.4371,-0.0015,0.0,0.0,0.0,0.5271,0.242,0.3315,0.7641,0.8099,0.7838,0.8746,0.9268,0.8999,0.8446,0.9479,0.8932,0.0,0.0,0.0,0.5286,0.7477,0.6193,0.6027,0.8285,0.6973
4,eigen,auto,0.001,0.5629,0.5644,0.7146,0.5177,0.5629,0.5281,0.0485,0.2202,0.4356,0.4371,-0.0015,0.0,0.0,0.0,0.5271,0.242,0.3315,0.7641,0.8099,0.7838,0.8746,0.9268,0.8999,0.8446,0.9479,0.8932,0.0,0.0,0.0,0.5286,0.7477,0.6193,0.6027,0.8285,0.6973
4,eigen,,0.01,0.5629,0.5651,0.7146,0.5159,0.5629,0.5278,0.0483,0.2199,0.4349,0.4371,-0.0023,0.0,0.0,0.0,0.5202,0.2471,0.3349,0.753,0.8099,0.7782,0.8757,0.9259,0.9001,0.8455,0.9467,0.8932,0.0,0.0,0.0,0.5301,0.7469,0.62,0.6026,0.8261,0.6963
4,lsqr,auto,0.0001,0.5629,0.5644,0.7146,0.5177,0.5629,0.5281,0.0485,0.2202,0.4356,0.4371,-0.0015,0.0,0.0,0.0,0.5271,0.242,0.3315,0.7641,0.8099,0.7838,0.8746,0.9268,0.8999,0.8446,0.9479,0.8932,0.0,0.0,0.0,0.5286,0.7477,0.6193,0.6027,0.8285,0.6973
4,eigen,0.1,0.0001,0.5621,0.5625,0.7147,0.5193,0.5621,0.5287,0.0483,0.2198,0.4375,0.4379,-0.0004,0.0,0.0,0.0,0.5197,0.2342,0.3227,0.7721,0.8099,0.7885,0.8753,0.9282,0.901,0.8441,0.9487,0.8933,0.0,0.0,0.0,0.5277,0.7519,0.6201,0.6151,0.8237,0.7038
4,eigen,0.1,0.001,0.5621,0.5625,0.7147,0.5193,0.5621,0.5287,0.0483,0.2198,0.4375,0.4379,-0.0004,0.0,0.0,0.0,0.5197,0.2342,0.3227,0.7721,0.8099,0.7885,0.8753,0.9282,0.901,0.8441,0.9487,0.8933,0.0,0.0,0.0,0.5277,0.7519,0.6201,0.6151,0.8237,0.7038
4,lsqr,0.1,0.01,0.5621,0.5625,0.7147,0.5193,0.5621,0.5287,0.0483,0.2198,0.4375,0.4379,-0.0004,0.0,0.0,0.0,0.5197,0.2342,0.3227,0.7721,0.8099,0.7885,0.8753,0.9282,0.901,0.8441,0.9487,0.8933,0.0,0.0,0.0,0.5277,0.7519,0.6201,0.6151,0.8237,0.7038
4,eigen,0.3,0.01,0.5586,0.559,0.7145,0.5233,0.5586,0.5282,0.0484,0.2199,0.441,0.4414,-0.0004,0.0,0.0,0.0,0.5277,0.2207,0.311,0.7874,0.7963,0.7897,0.8708,0.9315,0.9001,0.8388,0.9506,0.8912,0.0,0.0,0.0,0.526,0.7561,0.6204,0.6355,0.8141,0.713
4,lsqr,0.3,0.01,0.5586,0.559,0.7145,0.5233,0.5586,0.5282,0.0484,0.2199,0.441,0.4414,-0.0004,0.0,0.0,0.0,0.5277,0.2207,0.311,0.7874,0.7963,0.7897,0.8708,0.9315,0.9001,0.8388,0.9506,0.8912,0.0,0.0,0.0,0.526,0.7561,0.6204,0.6355,0.8141,0.713
4,eigen,0.3,0.0001,0.5586,0.559,0.7145,0.5233,0.5586,0.5282,0.0484,0.2199,0.441,0.4414,-0.0004,0.0,0.0,0.0,0.5277,0.2207,0.311,0.7874,0.7963,0.7897,0.8708,0.9315,0.9001,0.8388,0.9506,0.8912,0.0,0.0,0.0,0.526,0.7561,0.6204,0.6355,0.8141,0.713
3,lsqr,,0.0001,0.5585,0.5598,0.7062,0.5175,0.5585,0.5263,0.05,0.2235,0.4402,0.4415,-0.0013,0.0,0.0,0.0,0.5221,0.2466,0.3347,0.802,0.8099,0.8037,0.8634,0.9151,0.8885,0.8416,0.9433,0.8895,0.0,0.0,0.0,0.5179,0.7282,0.6053,0.5928,0.8249,0.6891
3,lsqr,,0.01,0.5585,0.5598,0.7062,0.5175,0.5585,0.5263,0.05,0.2235,0.4402,0.4415,-0.0013,0.0,0.0,0.0,0.5221,0.2466,0.3347,0.802,0.8099,0.8037,0.8634,0.9151,0.8885,0.8416,0.9433,0.8895,0.0,0.0,0.0,0.5179,0.7282,0.6053,0.5928,0.8249,0.6891
3,eigen,,0.0001,0.5585,0.5598,0.7062,0.5175,0.5585,0.5263,0.05,0.2235,0.4402,0.4415,-0.0013,0.0,0.0,0.0,0.5221,0.2466,0.3347,0.802,0.8099,0.8037,0.8634,0.9151,0.8885,0.8416,0.9433,0.8895,0.0,0.0,0.0,0.5179,0.7282,0.6053,0.5928,0.8249,0.6891
3,eigen,,0.001,0.5585,0.5598,0.7062,0.5175,0.5585,0.5263,0.05,0.2235,0.4402,0.4415,-0.0013,0.0,0.0,0.0,0.5221,0.2466,0.3347,0.802,0.8099,0.8037,0.8634,0.9151,0.8885,0.8416,0.9433,0.8895,0.0,0.0,0.0,0.5179,0.7282,0.6053,0.5928,0.8249,0.6891
3,lsqr,auto,0.01,0.5582,0.5599,0.7059,0.5174,0.5582,0.5257,0.05,0.2236,0.4401,0.4418,-0.0016,0.0,0.0,0.0,0.5245,0.2408,0.3299,0.802,0.8099,0.8037,0.8623,0.9157,0.8882,0.8415,0.9441,0.8898,0.0,0.0,0.0,0.517,0.7294,0.6051,0.5921,0.8261,0.689
3,eigen,auto,0.01,0.5582,0.5599,0.7059,0.5174,0.5582,0.5257,0.05,0.2236,0.4401,0.4418,-0.0016,0.0,0.0,0.0,0.5245,0.2408,0.3299,0.802,0.8099,0.8037,0.8623,0.9157,0.8882,0.8415,0.9441,0.8898,0.0,0.0,0.0,0.517,0.7294,0.6051,0.5921,0.8261,0.689
3,eigen,auto,0.001,0.5582,0.5599,0.7059,0.5174,0.5582,0.5257,0.05,0.2236,0.4401,0.4418,-0.0016,0.0,0.0,0.0,0.5245,0.2408,0.3299,0.802,0.8099,0.8037,0.8623,0.9157,0.8882,0.8415,0.9441,0.8898,0.0,0.0,0.0,0.517,0.7294,0.6051,0.5921,0.8261,0.689
3,lsqr,auto,0.0001,0.5582,0.5599,0.7059,0.5174,0.5582,0.5257,0.05,0.2236,0.4401,0.4418,-0.0016,0.0,0.0,0.0,0.5245,0.2408,0.3299,0.802,0.8099,0.8037,0.8623,0.9157,0.8882,0.8415,0.9441,0.8898,0.0,0.0,0.0,0.517,0.7294,0.6051,0.5921,0.8261,0.689
3,lsqr,0.1,0.01,0.5573,0.5578,0.7075,0.5184,0.5573,0.5254,0.0499,0.2234,0.4422,0.4427,-0.0006,0.0,0.0,0.0,0.5219,0.2285,0.3176,0.802,0.8099,0.8037,0.8645,0.9229,0.8927,0.8396,0.9438,0.8887,0.0,0.0,0.0,0.518,0.7366,0.6082,0.6012,0.8165,0.6918
3,lsqr,0.1,0.001,0.5573,0.5578,0.7075,0.5184,0.5573,0.5254,0.0499,0.2234,0.4422,0.4427,-0.0006,0.0,0.0,0.0,0.5219,0.2285,0.3176,0.802,0.8099,0.8037,0.8645,0.9229,0.8927,0.8396,0.9438,0.8887,0.0,0.0,0.0,0.518,0.7366,0.6082,0.6012,0.8165,0.6918
3,eigen,0.1,0.01,0.5573,0.5578,0.7075,0.5184,0.5573,0.5254,0.0499,0.2234,0.4422,0.4427,-0.0006,0.0,0.0,0.0,0.5219,0.2285,0.3176,0.802,0.8099,0.8037,0.8645,0.9229,0.8927,0.8396,0.9438,0.8887,0.0,0.0,0.0,0.518,0.7366,0.6082,0.6012,0.8165,0.6918
4,eigen,0.5,0.01,0.5539,0.5552,0.7139,0.5256,0.5539,0.527,0.0485,0.2202,0.4448,0.4461,-0.0013,0.0,0.0,0.0,0.5302,0.2191,0.31,0.7966,0.7694,0.7801,0.8655,0.9341,0.8985,0.8359,0.9511,0.8897,0.0,0.0,0.0,0.5252,0.7529,0.6188,0.6511,0.8045,0.719
4,lsqr,0.5,0.001,0.5539,0.5552,0.7139,0.5256,0.5539,0.527,0.0485,0.2202,0.4448,0.4461,-0.0013,0.0,0.0,0.0,0.5302,0.2191,0.31,0.7966,0.7694,0.7801,0.8655,0.9341,0.8985,0.8359,0.9511,0.8897,0.0,0.0,0.0,0.5252,0.7529,0.6188,0.6511,0.8045,0.719
4,eigen,0.5,0.0001,0.5539,0.5552,0.7139,0.5256,0.5539,0.527,0.0485,0.2202,0.4448,0.4461,-0.0013,0.0,0.0,0.0,0.5302,0.2191,0.31,0.7966,0.7694,0.7801,0.8655,0.9341,0.8985,0.8359,0.9511,0.8897,0.0,0.0,0.0,0.5252,0.7529,0.6188,0.6511,0.8045,0.719
4,lsqr,0.5,0.01,0.5539,0.5552,0.7139,0.5256,0.5539,0.527,0.0485,0.2202,0.4448,0.4461,-0.0013,0.0,0.0,0.0,0.5302,0.2191,0.31,0.7966,0.7694,0.7801,0.8655,0.9341,0.8985,0.8359,0.9511,0.8897,0.0,0.0,0.0,0.5252,0.7529,0.6188,0.6511,0.8045,0.719
3,lsqr,0.3,0.001,0.5535,0.5551,0.7089,0.5221,0.5535,0.5245,0.0498,0.2233,0.4449,0.4465,-0.0016,0.0,0.0,0.0,0.5261,0.2107,0.3008,0.8032,0.7897,0.7937,0.8629,0.931,0.8957,0.833,0.9472,0.8864,0.0,0.0,0.0,0.5176,0.7435,0.6103,0.6338,0.8057,0.7088
3,lsqr,0.3,0.0001,0.5535,0.5551,0.7089,0.5221,0.5535,0.5245,0.0498,0.2233,0.4449,0.4465,-0.0016,0.0,0.0,0.0,0.5261,0.2107,0.3008,0.8032,0.7897,0.7937,0.8629,0.931,0.8957,0.833,0.9472,0.8864,0.0,0.0,0.0,0.5176,0.7435,0.6103,0.6338,0.8057,0.7088
4,eigen,0.7,0.001,0.5477,0.5502,0.7114,0.5306,0.5477,0.5264,0.0486,0.2204,0.4498,0.4523,-0.0025,0.0,0.0,0.0,0.5283,0.2216,0.3121,0.8459,0.7421,0.7856,0.8557,0.9379,0.8949,0.8327,0.9523,0.8885,0.0,0.0,0.0,0.5227,0.7379,0.6119,0.66,0.7902,0.7185
4,lsqr,0.7,0.01,0.5477,0.5502,0.7114,0.5306,0.5477,0.5264,0.0486,0.2204,0.4498,0.4523,-0.0025,0.0,0.0,0.0,0.5283,0.2216,0.3121,0.8459,0.7421,0.7856,0.8557,0.9379,0.8949,0.8327,0.9523,0.8885,0.0,0.0,0.0,0.5227,0.7379,0.6119,0.66,0.7902,0.7185
3,lsqr,0.5,0.0001,0.5456,0.5485,0.7092,0.5222,0.5456,0.5205,0.0499,0.2233,0.4515,0.4544,-0.0029,0.0,0.0,0.0,0.5261,0.2098,0.2999,0.7957,0.7352,0.7599,0.8569,0.9361,0.8947,0.8325,0.9496,0.8872,0.0,0.0,0.0,0.5189,0.7403,0.6101,0.6472,0.7938,0.7124
3,eigen,0.5,0.001,0.5456,0.5485,0.7092,0.5222,0.5456,0.5205,0.0499,0.2233,0.4515,0.4544,-0.0029,0.0,0.0,0.0,0.5261,0.2098,0.2999,0.7957,0.7352,0.7599,0.8569,0.9361,0.8947,0.8325,0.9496,0.8872,0.0,0.0,0.0,0.5189,0.7403,0.6101,0.6472,0.7938,0.7124
3,eigen,0.5,0.0001,0.5456,0.5485,0.7092,0.5222,0.5456,0.5205,0.0499,0.2233,0.4515,0.4544,-0.0029,0.0,0.0,0.0,0.5261,0.2098,0.2999,0.7957,0.7352,0.7599,0.8569,0.9361,0.8947,0.8325,0.9496,0.8872,0.0,0.0,0.0,0.5189,0.7403,0.6101,0.6472,0.7938,0.7124
3,lsqr,0.5,0.01,0.5456,0.5485,0.7092,0.5222,0.5456,0.5205,0.0499,0.2233,0.4515,0.4544,-0.0029,0.0,0.0,0.0,0.5261,0.2098,0.2999,0.7957,0.7352,0.7599,0.8569,0.9361,0.8947,0.8325,0.9496,0.8872,0.0,0.0,0.0,0.5189,0.7403,0.6101,0.6472,0.7938,0.7124
4,lsqr,0.9,0.0001,0.544,0.5454,0.7101,0.5366,0.544,0.5279,0.0488,0.2209,0.4546,0.456,-0.0015,0.0,0.0,0.0,0.5115,0.23,0.3172,0.902,0.7216,0.7941,0.8482,0.9424,0.8928,0.832,0.9525,0.8882,0.0,0.0,0.0,0.5238,0.7222,0.6071,0.675,0.783,0.7242
4,eigen,0.9,0.01,0.544,0.5454,0.7101,0.5366,0.544,0.5279,0.0488,0.2209,0.4546,0.456,-0.0015,0.0,0.0,0.0,0.5115,0.23,0.3172,0.902,0.7216,0.7941,0.8482,0.9424,0.8928,0.832,0.9525,0.8882,0.0,0.0,0.0,0.5238,0.7222,0.6071,0.675,0.783,0.7242
4,eigen,0.9,0.001,0.544,0.5454,0.7101,0.5366,0.544,0.5279,0.0488,0.2209,0.4546,0.456,-0.0015,0.0,0.0,0.0,0.5115,0.23,0.3172,0.902,0.7216,0.7941,0.8482,0.9424,0.8928,0.832,0.9525,0.8882,0.0,0.0,0.0,0.5238,0.7222,0.6071,0.675,0.783,0.7242
3,lsqr,0.7,0.0001,0.5407,0.5425,0.7084,0.5226,0.5407,0.5187,0.0499,0.2235,0.4575,0.4593,-0.0018,0.0,0.0,0.0,0.5251,0.2168,0.3067,0.7958,0.708,0.7429,0.8504,0.9394,0.8927,0.8304,0.9508,0.8865,0.0,0.0,0.0,0.5193,0.7298,0.6068,0.6595,0.7806,0.7142
3,eigen,0.7,0.01,0.5407,0.5425,0.7084,0.5226,0.5407,0.5187,0.0499,0.2235,0.4575,0.4593,-0.0018,0.0,0.0,0.0,0.5251,0.2168,0.3067,0.7958,0.708,0.7429,0.8504,0.9394,0.8927,0.8304,0.9508,0.8865,0.0,0.0,0.0,0.5193,0.7298,0.6068,0.6595,0.7806,0.7142
3,eigen,0.7,0.001,0.5407,0.5425,0.7084,0.5226,0.5407,0.5187,0.0499,0.2235,0.4575,0.4593,-0.0018,0.0,0.0,0.0,0.5251,0.2168,0.3067,0.7958,0.708,0.7429,0.8504,0.9394,0.8927,0.8304,0.9508,0.8865,0.0,0.0,0.0,0.5193,0.7298,0.6068,0.6595,0.7806,0.7142
3,eigen,0.7,0.0001,0.5407,0.5425,0.7084,0.5226,0.5407,0.5187,0.0499,0.2235,0.4575,0.4593,-0.0018,0.0,0.0,0.0,0.5251,0.2168,0.3067,0.7958,0.708,0.7429,0.8504,0.9394,0.8927,0.8304,0.9508,0.8865,0.0,0.0,0.0,0.5193,0.7298,0.6068,0.6595,0.7806,0.7142
3,eigen,0.9,0.0001,0.5371,0.5362,0.7072,0.5281,0.5371,0.5207,0.05,0.2236,0.4638,0.4629,0.0009,0.0,0.0,0.0,0.5105,0.2243,0.3115,0.8414,0.7014,0.7574,0.8431,0.9438,0.8906,0.8277,0.9518,0.8854,0.0,0.0,0.0,0.5205,0.7168,0.603,0.6813,0.759,0.7174
3,eigen,0.9,0.001,0.5371,0.5362,0.7072,0.5281,0.5371,0.5207,0.05,0.2236,0.4638,0.4629,0.0009,0.0,0.0,0.0,0.5105,0.2243,0.3115,0.8414,0.7014,0.7574,0.8431,0.9438,0.8906,0.8277,0.9518,0.8854,0.0,0.0,0.0,0.5205,0.7168,0.603,0.6813,0.759,0.7174
3,eigen,0.9,0.01,0.5371,0.5362,0.7072,0.5281,0.5371,0.5207,0.05,0.2236,0.4638,0.4629,0.0009,0.0,0.0,0.0,0.5105,0.2243,0.3115,0.8414,0.7014,0.7574,0.8431,0.9438,0.8906,0.8277,0.9518,0.8854,0.0,0.0,0.0,0.5205,0.7168,0.603,0.6813,0.759,0.7174
3,lsqr,0.9,0.001,0.5371,0.5362,0.7072,0.5281,0.5371,0.5207,0.05,0.2236,0.4638,0.4629,0.0009,0.0,0.0,0.0,0.5105,0.2243,0.3115,0.8414,0.7014,0.7574,0.8431,0.9438,0.8906,0.8277,0.9518,0.8854,0.0,0.0,0.0,0.5205,0.7168,0.603,0.6813,0.759,0.7174
2,lsqr,auto,0.001,0.3591,0.359,0.6694,0.4141,0.3591,0.3371,0.0549,0.2343,0.641,0.6409,0.0002,0.0,0.0,0.0,0.4916,0.2514,0.3324,0.0,0.0,0.0,0.8572,0.9113,0.8834,0.7133,0.9335,0.8087,0.0,0.0,0.0,0.4985,0.7348,0.594,0.752,0.0419,0.0785
2,lsqr,auto,0.0001,0.3591,0.359,0.6694,0.4141,0.3591,0.3371,0.0549,0.2343,0.641,0.6409,0.0002,0.0,0.0,0.0,0.4916,0.2514,0.3324,0.0,0.0,0.0,0.8572,0.9113,0.8834,0.7133,0.9335,0.8087,0.0,0.0,0.0,0.4985,0.7348,0.594,0.752,0.0419,0.0785
2,eigen,,0.01,0.3588,0.3592,0.6692,0.4125,0.3588,0.3366,0.0549,0.2343,0.6408,0.6412,-0.0004,0.0,0.0,0.0,0.4906,0.2523,0.333,0.0,0.0,0.0,0.8577,0.9107,0.8834,0.7132,0.933,0.8084,0.0,0.0,0.0,0.4983,0.7348,0.5939,0.7397,0.0396,0.0741
2,eigen,,0.0001,0.3588,0.3592,0.6692,0.4125,0.3588,0.3366,0.0549,0.2343,0.6408,0.6412,-0.0004,0.0,0.0,0.0,0.4906,0.2523,0.333,0.0,0.0,0.0,0.8577,0.9107,0.8834,0.7132,0.933,0.8084,0.0,0.0,0.0,0.4983,0.7348,0.5939,0.7397,0.0396,0.0741
2,eigen,,0.001,0.3588,0.3592,0.6692,0.4125,0.3588,0.3366,0.0549,0.2343,0.6408,0.6412,-0.0004,0.0,0.0,0.0,0.4906,0.2523,0.333,0.0,0.0,0.0,0.8577,0.9107,0.8834,0.7132,0.933,0.8084,0.0,0.0,0.0,0.4983,0.7348,0.5939,0.7397,0.0396,0.0741
2,lsqr,,0.01,0.3588,0.3592,0.6692,0.4125,0.3588,0.3366,0.0549,0.2343,0.6408,0.6412,-0.0004,0.0,0.0,0.0,0.4906,0.2523,0.333,0.0,0.0,0.0,0.8577,0.9107,0.8834,0.7132,0.933,0.8084,0.0,0.0,0.0,0.4983,0.7348,0.5939,0.7397,0.0396,0.0741
2,lsqr,,0.0001,0.3588,0.3592,0.6692,0.4125,0.3588,0.3366,0.0549,0.2343,0.6408,0.6412,-0.0004,0.0,0.0,0.0,0.4906,0.2523,0.333,0.0,0.0,0.0,0.8577,0.9107,0.8834,0.7132,0.933,0.8084,0.0,0.0,0.0,0.4983,0.7348,0.5939,0.7397,0.0396,0.0741
2,eigen,0.1,0.001,0.3563,0.3564,0.6713,0.3792,0.3563,0.33,0.0548,0.2341,0.6436,0.6437,-0.0001,0.0,0.0,0.0,0.5129,0.2366,0.3236,0.0,0.0,0.0,0.8591,0.9177,0.8874,0.7104,0.9381,0.8085,0.0,0.0,0.0,0.498,0.7457,0.5972,0.4533,0.012,0.0234
2,eigen,0.1,0.0001,0.3563,0.3564,0.6713,0.3792,0.3563,0.33,0.0548,0.2341,0.6436,0.6437,-0.0001,0.0,0.0,0.0,0.5129,0.2366,0.3236,0.0,0.0,0.0,0.8591,0.9177,0.8874,0.7104,0.9381,0.8085,0.0,0.0,0.0,0.498,0.7457,0.5972,0.4533,0.012,0.0234
2,eigen,0.1,0.01,0.3563,0.3564,0.6713,0.3792,0.3563,0.33,0.0548,0.2341,0.6436,0.6437,-0.0001,0.0,0.0,0.0,0.5129,0.2366,0.3236,0.0,0.0,0.0,0.8591,0.9177,0.8874,0.7104,0.9381,0.8085,0.0,0.0,0.0,0.498,0.7457,0.5972,0.4533,0.012,0.0234
2,eigen,0.3,0.01,0.3555,0.3556,0.6745,0.3241,0.3555,0.3265,0.0549,0.2343,0.6444,0.6445,-0.0001,0.0,0.0,0.0,0.529,0.2207,0.3113,0.0,0.0,0.0,0.8559,0.932,0.8923,0.705,0.9414,0.8062,0.0,0.0,0.0,0.5034,0.7501,0.6024,0.0,0.0,0.0
2,lsqr,0.5,0.01,0.3554,0.3555,0.6754,0.3242,0.3554,0.3256,0.0552,0.2349,0.6445,0.6446,-0.0,0.0,0.0,0.0,0.5373,0.2116,0.3034,0.0,0.0,0.0,0.8454,0.9394,0.8899,0.7005,0.9436,0.8041,0.0,0.0,0.0,0.5106,0.7487,0.6071,0.0,0.0,0.0
2,lsqr,0.5,0.0001,0.3554,0.3555,0.6754,0.3242,0.3554,0.3256,0.0552,0.2349,0.6445,0.6446,-0.0,0.0,0.0,0.0,0.5373,0.2116,0.3034,0.0,0.0,0.0,0.8454,0.9394,0.8899,0.7005,0.9436,0.8041,0.0,0.0,0.0,0.5106,0.7487,0.6071,0.0,0.0,0.0
2,lsqr,0.5,0.001,0.3554,0.3555,0.6754,0.3242,0.3554,0.3256,0.0552,0.2349,0.6445,0.6446,-0.0,0.0,0.0,0.0,0.5373,0.2116,0.3034,0.0,0.0,0.0,0.8454,0.9394,0.8899,0.7005,0.9436,0.8041,0.0,0.0,0.0,0.5106,0.7487,0.6071,0.0,0.0,0.0
2,eigen,0.5,0.01,0.3554,0.3555,0.6754,0.3242,0.3554,0.3256,0.0552,0.2349,0.6445,0.6446,-0.0,0.0,0.0,0.0,0.5373,0.2116,0.3034,0.0,0.0,0.0,0.8454,0.9394,0.8899,0.7005,0.9436,0.8041,0.0,0.0,0.0,0.5106,0.7487,0.6071,0.0,0.0,0.0
2,lsqr,0.7,0.001,0.3547,0.3547,0.6745,0.3224,0.3547,0.3248,0.0555,0.2356,0.6453,0.6453,-0.0,0.0,0.0,0.0,0.5308,0.2113,0.3021,0.0,0.0,0.0,0.8327,0.9444,0.885,0.7009,0.9436,0.8043,0.0,0.0,0.0,0.515,0.7383,0.6067,0.0,0.0,0.0
2,eigen,0.7,0.0001,0.3547,0.3547,0.6745,0.3224,0.3547,0.3248,0.0555,0.2356,0.6453,0.6453,-0.0,0.0,0.0,0.0,0.5308,0.2113,0.3021,0.0,0.0,0.0,0.8327,0.9444,0.885,0.7009,0.9436,0.8043,0.0,0.0,0.0,0.515,0.7383,0.6067,0.0,0.0,0.0
2,lsqr,0.7,0.0001,0.3547,0.3547,0.6745,0.3224,0.3547,0.3248,0.0555,0.2356,0.6453,0.6453,-0.0,0.0,0.0,0.0,0.5308,0.2113,0.3021,0.0,0.0,0.0,0.8327,0.9444,0.885,0.7009,0.9436,0.8043,0.0,0.0,0.0,0.515,0.7383,0.6067,0.0,0.0,0.0
2,lsqr,0.7,0.01,0.3547,0.3547,0.6745,0.3224,0.3547,0.3248,0.0555,0.2356,0.6453,0.6453,-0.0,0.0,0.0,0.0,0.5308,0.2113,0.3021,0.0,0.0,0.0,0.8327,0.9444,0.885,0.7009,0.9436,0.8043,0.0,0.0,0.0,0.515,0.7383,0.6067,0.0,0.0,0.0
2,eigen,0.9,0.01,0.3545,0.3545,0.6742,0.321,0.3545,0.3247,0.0558,0.2363,0.6455,0.6455,-0.0,0.0,0.0,0.0,0.5243,0.2149,0.3047,0.0,0.0,0.0,0.8219,0.9496,0.8811,0.7015,0.9439,0.8048,0.0,0.0,0.0,0.5203,0.7274,0.6066,0.0,0.0,0.0
2,lsqr,0.9,0.01,0.3545,0.3545,0.6742,0.321,0.3545,0.3247,0.0558,0.2363,0.6455,0.6455,-0.0,0.0,0.0,0.0,0.5243,0.2149,0.3047,0.0,0.0,0.0,0.8219,0.9496,0.8811,0.7015,0.9439,0.8048,0.0,0.0,0.0,0.5203,0.7274,0.6066,0.0,0.0,0.0
2,eigen,0.9,0.001,0.3545,0.3545,0.6742,0.321,0.3545,0.3247,0.0558,0.2363,0.6455,0.6455,-0.0,0.0,0.0,0.0,0.5243,0.2149,0.3047,0.0,0.0,0.0,0.8219,0.9496,0.8811,0.7015,0.9439,0.8048,0.0,0.0,0.0,0.5203,0.7274,0.6066,0.0,0.0,0.0
2,eigen,0.9,0.0001,0.3545,0.3545,0.6742,0.321,0.3545,0.3247,0.0558,0.2363,0.6455,0.6455,-0.0,0.0,0.0,0.0,0.5243,0.2149,0.3047,0.0,0.0,0.0,0.8219,0.9496,0.8811,0.7015,0.9439,0.8048,0.0,0.0,0.0,0.5203,0.7274,0.6066,0.0,0.0,0.0
