n_components,n_estimators,max_features,max_depth,class_weight,balanced_acc,train_balanced_acc,accuracy,precision_macro,recall_macro,f1_macro,brier_score,rmse_proba,E_train,E_test,E_train-E_test,precision_Scratch,recall_Scratch,f1_Scratch,precision_Loc,recall_Loc,f1_Loc,precision_Near-full,recall_Near-full,f1_Near-full,precision_Edge-Ring,recall_Edge-Ring,f1_Edge-Ring,precision_Center,recall_Center,f1_Center,precision_Donut,recall_Donut,f1_Donut,precision_Edge-Loc,recall_Edge-Loc,f1_Edge-Loc,precision_Random,recall_Random,f1_Random
9,500,log2,10.0,balanced,0.7891,0.8789,0.7964,0.75,0.7891,0.7592,0.0353,0.1879,0.1211,0.2109,-0.0897,0.2871,0.5729,0.3825,0.6805,0.4639,0.5514,0.9673,0.9664,0.9665,0.9731,0.9086,0.9397,0.9225,0.9578,0.9398,0.6575,0.8019,0.7221,0.7431,0.7599,0.7513,0.769,0.8814,0.8205
9,100,sqrt,10.0,balanced,0.789,0.8768,0.7964,0.7502,0.789,0.7594,0.0354,0.1882,0.1232,0.211,-0.0878,0.2868,0.5709,0.3817,0.6832,0.4699,0.5566,0.9614,0.9662,0.963,0.9743,0.9063,0.939,0.9222,0.959,0.9402,0.6662,0.8,0.7265,0.7409,0.7583,0.7494,0.7663,0.8814,0.8187
9,100,log2,10.0,balanced,0.789,0.8768,0.7964,0.7502,0.789,0.7594,0.0354,0.1882,0.1232,0.211,-0.0878,0.2868,0.5709,0.3817,0.6832,0.4699,0.5566,0.9614,0.9662,0.963,0.9743,0.9063,0.939,0.9222,0.959,0.9402,0.6662,0.8,0.7265,0.7409,0.7583,0.7494,0.7663,0.8814,0.8187
8,300,log2,10.0,balanced,0.7874,0.8752,0.7947,0.7475,0.7874,0.757,0.0352,0.1878,0.1248,0.2126,-0.0878,0.2868,0.5749,0.3825,0.6776,0.4615,0.5488,0.9556,0.9662,0.96,0.9729,0.9084,0.9395,0.9185,0.9527,0.9353,0.6618,0.798,0.723,0.7426,0.7589,0.7505,0.7641,0.879,0.8165
9,300,log2,10.0,balanced,0.7872,0.8782,0.796,0.7497,0.7872,0.7584,0.0353,0.188,0.1218,0.2128,-0.091,0.2854,0.5658,0.3793,0.6789,0.4657,0.5521,0.9673,0.9595,0.9628,0.9742,0.908,0.9399,0.9224,0.9585,0.9401,0.6644,0.8,0.7251,0.7408,0.759,0.7497,0.7646,0.8814,0.8181
8,100,log2,10.0,balanced,0.7861,0.8741,0.7947,0.7475,0.7861,0.7567,0.0353,0.1879,0.1259,0.2139,-0.0881,0.2859,0.5688,0.3805,0.6742,0.4666,0.5513,0.9614,0.9595,0.9598,0.9719,0.9083,0.939,0.921,0.9518,0.9361,0.6617,0.8,0.7238,0.7441,0.7583,0.751,0.7599,0.8753,0.8124
8,500,sqrt,10.0,balanced,0.7859,0.8763,0.7929,0.7458,0.7859,0.7549,0.0362,0.1903,0.1237,0.2141,-0.0904,0.2819,0.5678,0.3767,0.6793,0.4506,0.5416,0.9614,0.9595,0.9598,0.9702,0.9091,0.9386,0.9149,0.9554,0.9347,0.6567,0.8078,0.724,0.7417,0.7555,0.7485,0.7606,0.8813,0.8156
8,100,sqrt,10.0,balanced,0.7856,0.8752,0.7921,0.744,0.7856,0.7538,0.0363,0.1906,0.1248,0.2144,-0.0896,0.2827,0.5648,0.3767,0.6765,0.4518,0.5415,0.9614,0.9595,0.9598,0.9698,0.9083,0.938,0.914,0.9537,0.9334,0.646,0.8059,0.7162,0.7412,0.7535,0.7473,0.7604,0.8873,0.8177
8,300,sqrt,10.0,balanced,0.7846,0.8758,0.7927,0.7455,0.7846,0.7542,0.0363,0.1904,0.1242,0.2154,-0.0912,0.281,0.5638,0.375,0.6785,0.4509,0.5414,0.9614,0.9595,0.9598,0.97,0.9089,0.9384,0.9164,0.9547,0.9351,0.6523,0.8019,0.7187,0.7408,0.7569,0.7486,0.7636,0.8801,0.8167
7,100,log2,10.0,balanced,0.7768,0.8694,0.7875,0.7266,0.7768,0.7378,0.037,0.1925,0.1306,0.2232,-0.0925,0.2942,0.6023,0.3952,0.6717,0.4235,0.5192,0.9614,0.9595,0.9598,0.9708,0.9119,0.9404,0.9121,0.9549,0.933,0.5044,0.7392,0.5994,0.7446,0.7479,0.7462,0.753,0.8753,0.8089
7,100,sqrt,10.0,balanced,0.7768,0.8694,0.7875,0.7266,0.7768,0.7378,0.037,0.1925,0.1306,0.2232,-0.0925,0.2942,0.6023,0.3952,0.6717,0.4235,0.5192,0.9614,0.9595,0.9598,0.9708,0.9119,0.9404,0.9121,0.9549,0.933,0.5044,0.7392,0.5994,0.7446,0.7479,0.7462,0.753,0.8753,0.8089
7,500,log2,10.0,balanced,0.7755,0.8706,0.7868,0.7257,0.7755,0.737,0.037,0.1924,0.1294,0.2245,-0.0952,0.2904,0.5931,0.3897,0.6685,0.4232,0.5181,0.9614,0.9595,0.9598,0.9702,0.9121,0.9402,0.9111,0.9554,0.9327,0.5095,0.7353,0.6019,0.7453,0.7463,0.7457,0.7491,0.8789,0.8082
7,300,sqrt,10.0,balanced,0.7748,0.8701,0.786,0.7247,0.7748,0.7361,0.0371,0.1926,0.1299,0.2252,-0.0953,0.2903,0.5942,0.39,0.6669,0.4214,0.5163,0.9614,0.9595,0.9598,0.9702,0.9119,0.9401,0.9102,0.9539,0.9315,0.5081,0.7353,0.6009,0.7447,0.7455,0.745,0.7456,0.8765,0.8051
9,300,log2,,balanced,0.7593,0.9999,0.8378,0.7993,0.7593,0.7668,0.0291,0.1706,0.0001,0.2407,-0.2406,0.4333,0.1205,0.1884,0.6491,0.6906,0.669,0.9671,0.9664,0.9662,0.9608,0.9484,0.9545,0.9287,0.9704,0.949,0.8169,0.7059,0.7555,0.7545,0.8308,0.7907,0.8837,0.8418,0.8611
9,300,sqrt,,balanced,0.7593,0.9999,0.8378,0.7993,0.7593,0.7668,0.0291,0.1706,0.0001,0.2407,-0.2406,0.4333,0.1205,0.1884,0.6491,0.6906,0.669,0.9671,0.9664,0.9662,0.9608,0.9484,0.9545,0.9287,0.9704,0.949,0.8169,0.7059,0.7555,0.7545,0.8308,0.7907,0.8837,0.8418,0.8611
9,100,sqrt,,balanced,0.7588,0.9999,0.8374,0.7988,0.7588,0.7665,0.0292,0.1709,0.0001,0.2412,-0.2412,0.4374,0.1255,0.1941,0.6485,0.6872,0.6671,0.9673,0.9662,0.9662,0.9608,0.9485,0.9546,0.9281,0.9694,0.9483,0.8093,0.698,0.7483,0.7552,0.8313,0.7913,0.8839,0.8441,0.8625
9,100,log2,,balanced,0.7588,0.9999,0.8374,0.7988,0.7588,0.7665,0.0292,0.1709,0.0001,0.2412,-0.2412,0.4374,0.1255,0.1941,0.6485,0.6872,0.6671,0.9673,0.9662,0.9662,0.9608,0.9485,0.9546,0.9281,0.9694,0.9483,0.8093,0.698,0.7483,0.7552,0.8313,0.7913,0.8839,0.8441,0.8625
8,500,log2,,balanced,0.7577,0.9999,0.8343,0.7941,0.7577,0.7651,0.0294,0.1714,0.0001,0.2423,-0.2423,0.4239,0.1336,0.2025,0.6399,0.6782,0.6584,0.9614,0.9731,0.9668,0.96,0.9488,0.9544,0.9252,0.9646,0.9445,0.8048,0.6961,0.7453,0.7537,0.8263,0.7881,0.8845,0.8406,0.8609
8,300,log2,,balanced,0.7574,0.9999,0.8343,0.796,0.7574,0.7651,0.0294,0.1715,0.0001,0.2426,-0.2425,0.435,0.1306,0.2003,0.6389,0.6785,0.6579,0.9614,0.9731,0.9668,0.961,0.9485,0.9547,0.9244,0.9646,0.944,0.8118,0.702,0.7518,0.7526,0.8276,0.7882,0.8833,0.8346,0.8574
9,500,log2,,balanced,0.7568,0.9999,0.837,0.7958,0.7568,0.7643,0.029,0.1704,0.0001,0.2432,-0.2431,0.4205,0.1174,0.1834,0.6462,0.686,0.6653,0.9614,0.9595,0.9598,0.9614,0.9482,0.9547,0.9289,0.9706,0.9492,0.8102,0.7039,0.7519,0.7538,0.832,0.7909,0.884,0.837,0.8589
8,100,log2,,balanced,0.7524,0.9999,0.832,0.7903,0.7524,0.761,0.0297,0.1723,0.0001,0.2476,-0.2475,0.3888,0.1225,0.1858,0.6358,0.6722,0.6533,0.9612,0.9595,0.9595,0.9606,0.9475,0.954,0.9244,0.9636,0.9436,0.8172,0.6902,0.7465,0.7491,0.827,0.786,0.8849,0.837,0.8594
8,500,sqrt,,balanced,0.7517,0.9999,0.8338,0.7912,0.7517,0.7588,0.0296,0.172,0.0001,0.2483,-0.2483,0.395,0.0992,0.1583,0.6384,0.6806,0.6587,0.9614,0.9595,0.9598,0.9599,0.9476,0.9537,0.9214,0.9672,0.9437,0.8155,0.6863,0.7441,0.7521,0.8301,0.789,0.8858,0.8429,0.8629
8,500,log2,,,0.751,0.9999,0.8337,0.7946,0.751,0.7605,0.0295,0.1718,0.0001,0.249,-0.2489,0.4125,0.1174,0.1828,0.6388,0.6818,0.6595,0.962,0.9591,0.9588,0.9594,0.9491,0.9542,0.9258,0.9641,0.9446,0.8269,0.6686,0.7373,0.7502,0.8276,0.7869,0.8817,0.8405,0.8599
8,300,sqrt,,,0.7507,0.9999,0.8349,0.8008,0.7507,0.761,0.0297,0.1722,0.0001,0.2493,-0.2492,0.4588,0.1185,0.1881,0.6437,0.6809,0.6616,0.962,0.9591,0.9588,0.9604,0.9486,0.9545,0.9219,0.9653,0.9431,0.8269,0.6588,0.7322,0.7494,0.8341,0.7893,0.8831,0.8405,0.8605
9,500,sqrt,,,0.7506,0.9999,0.8383,0.7984,0.7506,0.76,0.0291,0.1705,0.0001,0.2494,-0.2493,0.432,0.1093,0.1743,0.6483,0.6933,0.6698,0.9562,0.9522,0.9516,0.9629,0.949,0.9559,0.9288,0.9701,0.949,0.823,0.653,0.7264,0.7547,0.8389,0.7943,0.8818,0.8393,0.8591
8,100,sqrt,,balanced,0.7497,0.9999,0.8328,0.7928,0.7497,0.7588,0.0298,0.1727,0.0001,0.2503,-0.2502,0.4085,0.1104,0.1735,0.6382,0.674,0.6555,0.9614,0.9527,0.956,0.9604,0.9466,0.9534,0.9212,0.9668,0.9434,0.8206,0.6804,0.7428,0.7483,0.8317,0.7876,0.8836,0.8358,0.858
6,300,sqrt,10.0,balanced,0.7471,0.8519,0.7561,0.7019,0.7471,0.7096,0.0422,0.2055,0.1481,0.2529,-0.1048,0.2374,0.5102,0.3237,0.6556,0.379,0.4801,0.9612,0.9527,0.9557,0.95,0.8989,0.9237,0.9047,0.9602,0.9316,0.4931,0.7118,0.5811,0.6804,0.6736,0.6768,0.733,0.8909,0.8036
6,300,log2,10.0,balanced,0.7471,0.8519,0.7561,0.7019,0.7471,0.7096,0.0422,0.2055,0.1481,0.2529,-0.1048,0.2374,0.5102,0.3237,0.6556,0.379,0.4801,0.9612,0.9527,0.9557,0.95,0.8989,0.9237,0.9047,0.9602,0.9316,0.4931,0.7118,0.5811,0.6804,0.6736,0.6768,0.733,0.8909,0.8036
6,500,sqrt,10.0,balanced,0.7452,0.8513,0.7544,0.7004,0.7452,0.7076,0.0423,0.2056,0.1487,0.2548,-0.106,0.2321,0.5122,0.3192,0.6503,0.3759,0.4763,0.9612,0.9527,0.9557,0.9506,0.8995,0.9243,0.905,0.9588,0.9311,0.4901,0.7039,0.5766,0.6824,0.6693,0.6757,0.7315,0.8897,0.8021
6,100,log2,10.0,balanced,0.7446,0.8502,0.754,0.6991,0.7446,0.7068,0.0423,0.2056,0.1498,0.2554,-0.1056,0.2317,0.5081,0.3178,0.6487,0.3775,0.4772,0.9612,0.9595,0.9595,0.951,0.9002,0.9249,0.9048,0.959,0.9311,0.4807,0.6981,0.568,0.6815,0.6669,0.6739,0.7329,0.8873,0.8023
6,100,sqrt,10.0,balanced,0.7446,0.8502,0.754,0.6991,0.7446,0.7068,0.0423,0.2056,0.1498,0.2554,-0.1056,0.2317,0.5081,0.3178,0.6487,0.3775,0.4772,0.9612,0.9595,0.9595,0.951,0.9002,0.9249,0.9048,0.959,0.9311,0.4807,0.6981,0.568,0.6815,0.6669,0.6739,0.7329,0.8873,0.8023
8,500,sqrt,5.0,balanced,0.7375,0.7548,0.6963,0.6579,0.7375,0.6363,0.0514,0.2268,0.2452,0.2625,-0.0174,0.2036,0.6528,0.3104,0.7312,0.1246,0.2128,0.9182,0.9598,0.9374,0.9518,0.8605,0.9038,0.8549,0.9241,0.8881,0.3297,0.8784,0.4792,0.6736,0.623,0.6472,0.5997,0.8765,0.7119
8,500,log2,5.0,balanced,0.7367,0.7535,0.6963,0.6533,0.7367,0.6392,0.0499,0.2234,0.2465,0.2633,-0.0168,0.2027,0.6508,0.309,0.677,0.1397,0.2311,0.9294,0.9529,0.94,0.9541,0.8579,0.9034,0.8604,0.9178,0.8882,0.3393,0.8725,0.4886,0.6737,0.6221,0.6468,0.5903,0.8801,0.7063
8,100,sqrt,5.0,balanced,0.7363,0.7558,0.6955,0.6574,0.7363,0.637,0.0517,0.2274,0.2442,0.2637,-0.0195,0.2008,0.6538,0.3072,0.714,0.1346,0.2264,0.9292,0.9531,0.9401,0.9497,0.8591,0.9021,0.8615,0.9248,0.892,0.3199,0.8784,0.4688,0.6795,0.6147,0.6454,0.6047,0.8717,0.7138
8,300,log2,5.0,balanced,0.7359,0.7546,0.6974,0.6511,0.7359,0.6392,0.05,0.2236,0.2454,0.2641,-0.0186,0.2047,0.6437,0.3106,0.6599,0.1421,0.2335,0.9289,0.946,0.9363,0.9551,0.857,0.9034,0.8605,0.9188,0.8887,0.34,0.8765,0.4897,0.6738,0.6271,0.6496,0.5859,0.8765,0.702
9,500,sqrt,5.0,balanced,0.7352,0.7533,0.695,0.6524,0.7352,0.6359,0.0503,0.2242,0.2467,0.2648,-0.0181,0.2001,0.6427,0.3052,0.6906,0.1328,0.2223,0.9182,0.9598,0.9374,0.9529,0.8589,0.9034,0.8561,0.9214,0.8875,0.3251,0.8726,0.4737,0.6758,0.6189,0.646,0.6007,0.8741,0.7118
8,100,log2,5.0,balanced,0.7344,0.7524,0.694,0.6551,0.7344,0.6371,0.0499,0.2234,0.2476,0.2656,-0.018,0.2006,0.6488,0.3063,0.6943,0.1355,0.2262,0.9415,0.9529,0.9463,0.9524,0.8584,0.9029,0.8593,0.9181,0.8877,0.3341,0.8745,0.4833,0.6706,0.6155,0.6417,0.5881,0.8717,0.702
9,300,log2,5.0,balanced,0.7341,0.7523,0.6934,0.6526,0.7341,0.6342,0.0505,0.2246,0.2477,0.2659,-0.0182,0.2006,0.6417,0.3055,0.6997,0.1313,0.2208,0.9249,0.9598,0.9407,0.9526,0.8576,0.9026,0.8548,0.9231,0.8876,0.3166,0.8726,0.4645,0.6729,0.6139,0.6419,0.5987,0.8729,0.7098
9,300,sqrt,5.0,balanced,0.7341,0.7523,0.6934,0.6526,0.7341,0.6342,0.0505,0.2246,0.2477,0.2659,-0.0182,0.2006,0.6417,0.3055,0.6997,0.1313,0.2208,0.9249,0.9598,0.9407,0.9526,0.8576,0.9026,0.8548,0.9231,0.8876,0.3166,0.8726,0.4645,0.6729,0.6139,0.6419,0.5987,0.8729,0.7098
7,300,sqrt,,balanced,0.7314,0.9999,0.8252,0.7781,0.7314,0.7417,0.0307,0.1753,0.0001,0.2686,-0.2685,0.3748,0.1103,0.17,0.6219,0.6704,0.645,0.9614,0.9731,0.9668,0.9601,0.9467,0.9534,0.9171,0.9631,0.9395,0.8009,0.5412,0.6442,0.7454,0.8192,0.7804,0.8432,0.8273,0.8345
7,300,log2,,balanced,0.7314,0.9999,0.8252,0.7781,0.7314,0.7417,0.0307,0.1753,0.0001,0.2686,-0.2685,0.3748,0.1103,0.17,0.6219,0.6704,0.645,0.9614,0.9731,0.9668,0.9601,0.9467,0.9534,0.9171,0.9631,0.9395,0.8009,0.5412,0.6442,0.7454,0.8192,0.7804,0.8432,0.8273,0.8345
7,500,sqrt,,balanced,0.7304,0.9999,0.8261,0.7815,0.7304,0.7414,0.0307,0.1752,0.0001,0.2696,-0.2695,0.3994,0.1113,0.1735,0.6216,0.6752,0.6471,0.9614,0.9731,0.9668,0.9597,0.9478,0.9537,0.9189,0.9629,0.9404,0.7968,0.5274,0.6328,0.7461,0.8198,0.781,0.848,0.8262,0.8363
7,100,log2,,balanced,0.73,0.9999,0.8249,0.7759,0.73,0.7398,0.031,0.1761,0.0001,0.27,-0.2699,0.3862,0.1134,0.1747,0.6234,0.6686,0.645,0.9556,0.9731,0.9636,0.9593,0.9462,0.9527,0.9195,0.9648,0.9416,0.7729,0.5314,0.6274,0.7427,0.819,0.7788,0.848,0.8238,0.8346
7,100,sqrt,,balanced,0.73,0.9999,0.8249,0.7759,0.73,0.7398,0.031,0.1761,0.0001,0.27,-0.2699,0.3862,0.1134,0.1747,0.6234,0.6686,0.645,0.9556,0.9731,0.9636,0.9593,0.9462,0.9527,0.9195,0.9648,0.9416,0.7729,0.5314,0.6274,0.7427,0.819,0.7788,0.848,0.8238,0.8346
7,300,sqrt,,,0.7271,0.9999,0.8257,0.7821,0.7271,0.7381,0.0308,0.1756,0.0001,0.2729,-0.2728,0.4126,0.1103,0.174,0.621,0.6707,0.6447,0.9497,0.9729,0.9602,0.9599,0.9482,0.954,0.9171,0.9636,0.9397,0.798,0.5,0.6108,0.7431,0.8226,0.7806,0.8557,0.8286,0.8412
7,100,sqrt,,,0.727,0.9999,0.8253,0.7763,0.727,0.7378,0.031,0.1762,0.0001,0.273,-0.273,0.3747,0.1093,0.1692,0.6225,0.6647,0.6428,0.9562,0.9729,0.9633,0.9612,0.9478,0.9545,0.9172,0.9626,0.9394,0.7783,0.5039,0.6091,0.7426,0.8262,0.782,0.858,0.8286,0.8423
8,300,log2,10.0,,0.7243,0.8121,0.8248,0.7945,0.7243,0.7302,0.031,0.1761,0.1879,0.2757,-0.0878,0.4389,0.0172,0.033,0.6272,0.6695,0.6474,0.962,0.9524,0.9555,0.965,0.9315,0.948,0.9199,0.9646,0.9417,0.8439,0.5745,0.6817,0.7142,0.8514,0.7766,0.8849,0.8333,0.8578
9,500,sqrt,10.0,,0.7229,0.8096,0.8258,0.8119,0.7229,0.7288,0.031,0.176,0.1904,0.2771,-0.0867,0.5714,0.0122,0.0235,0.6337,0.6722,0.6521,0.9618,0.9524,0.9553,0.9655,0.9305,0.9476,0.9227,0.9706,0.946,0.8454,0.5706,0.6795,0.7106,0.854,0.7756,0.8842,0.8213,0.8507
9,300,log2,10.0,,0.7222,0.8087,0.8259,0.7985,0.7222,0.7284,0.031,0.1761,0.1913,0.2778,-0.0865,0.4607,0.0122,0.0235,0.6342,0.6734,0.6529,0.962,0.9524,0.9555,0.9661,0.9301,0.9478,0.9235,0.9704,0.9463,0.8454,0.5608,0.6725,0.7099,0.8546,0.7754,0.8866,0.8237,0.8532
9,300,sqrt,10.0,,0.7222,0.8087,0.8259,0.7985,0.7222,0.7284,0.031,0.1761,0.1913,0.2778,-0.0865,0.4607,0.0122,0.0235,0.6342,0.6734,0.6529,0.962,0.9524,0.9555,0.9661,0.9301,0.9478,0.9235,0.9704,0.9463,0.8454,0.5608,0.6725,0.7099,0.8546,0.7754,0.8866,0.8237,0.8532
5,100,log2,10.0,balanced,0.7213,0.8227,0.7273,0.6663,0.7213,0.6722,0.0446,0.2112,0.1773,0.2787,-0.1014,0.2098,0.4879,0.2933,0.6257,0.3498,0.4486,0.9612,0.9664,0.9631,0.9492,0.9002,0.924,0.904,0.9595,0.9309,0.2909,0.6431,0.4003,0.6519,0.5797,0.6135,0.7377,0.8837,0.8033
5,100,sqrt,10.0,balanced,0.7213,0.8227,0.7273,0.6663,0.7213,0.6722,0.0446,0.2112,0.1773,0.2787,-0.1014,0.2098,0.4879,0.2933,0.6257,0.3498,0.4486,0.9612,0.9664,0.9631,0.9492,0.9002,0.924,0.904,0.9595,0.9309,0.2909,0.6431,0.4003,0.6519,0.5797,0.6135,0.7377,0.8837,0.8033
9,100,log2,10.0,,0.719,0.8057,0.8245,0.7901,0.719,0.7266,0.0311,0.1763,0.1943,0.281,-0.0867,0.4014,0.0162,0.0308,0.6327,0.6716,0.6513,0.9556,0.9455,0.9482,0.9656,0.9298,0.9474,0.9247,0.9687,0.9461,0.8437,0.551,0.6652,0.707,0.8536,0.7732,0.8905,0.8153,0.8503
5,500,sqrt,10.0,balanced,0.7179,0.8247,0.7266,0.6656,0.7179,0.6699,0.0445,0.2109,0.1753,0.2821,-0.1068,0.2063,0.4828,0.2889,0.6241,0.3477,0.4465,0.9612,0.9527,0.9557,0.9496,0.9007,0.9245,0.9038,0.9576,0.9299,0.2825,0.6333,0.3905,0.6545,0.5808,0.6153,0.743,0.8874,0.8081
5,300,log2,10.0,balanced,0.7179,0.8238,0.7267,0.6656,0.7179,0.67,0.0445,0.211,0.1762,0.2821,-0.106,0.2082,0.4849,0.2912,0.6242,0.3453,0.4445,0.9612,0.9527,0.9557,0.9492,0.8996,0.9238,0.9034,0.9581,0.9299,0.2838,0.6314,0.3914,0.6531,0.5838,0.6164,0.7413,0.8874,0.8072
5,500,log2,10.0,balanced,0.7179,0.8247,0.7266,0.6656,0.7179,0.6699,0.0445,0.2109,0.1753,0.2821,-0.1068,0.2063,0.4828,0.2889,0.6241,0.3477,0.4465,0.9612,0.9527,0.9557,0.9496,0.9007,0.9245,0.9038,0.9576,0.9299,0.2825,0.6333,0.3905,0.6545,0.5808,0.6153,0.743,0.8874,0.8081
8,100,sqrt,10.0,,0.7167,0.8023,0.8213,0.8091,0.7167,0.7234,0.0319,0.1786,0.1977,0.2833,-0.0856,0.5683,0.0101,0.0198,0.6273,0.6589,0.6424,0.9562,0.9457,0.9488,0.9621,0.9291,0.9453,0.9145,0.9663,0.9396,0.8526,0.5549,0.6702,0.7058,0.8515,0.7717,0.8863,0.8165,0.8492
7,500,sqrt,5.0,balanced,0.7156,0.7293,0.6825,0.6503,0.7156,0.6165,0.0516,0.2272,0.2707,0.2844,-0.0137,0.2042,0.6599,0.3117,0.741,0.1102,0.1909,0.931,0.9598,0.9439,0.9503,0.8652,0.9057,0.8561,0.9289,0.891,0.2249,0.7706,0.348,0.67,0.5758,0.6191,0.6249,0.8549,0.7217
8,500,sqrt,10.0,,0.7156,0.8002,0.8223,0.8041,0.7156,0.7223,0.0318,0.1783,0.1998,0.2844,-0.0846,0.52,0.0071,0.0139,0.63,0.6629,0.6458,0.9562,0.9457,0.9488,0.9638,0.9297,0.9465,0.9138,0.9655,0.939,0.8513,0.5431,0.6604,0.7063,0.8552,0.7735,0.8912,0.8154,0.8506
7,500,log2,5.0,balanced,0.7156,0.7293,0.6825,0.6503,0.7156,0.6165,0.0516,0.2272,0.2707,0.2844,-0.0137,0.2042,0.6599,0.3117,0.741,0.1102,0.1909,0.931,0.9598,0.9439,0.9503,0.8652,0.9057,0.8561,0.9289,0.891,0.2249,0.7706,0.348,0.67,0.5758,0.6191,0.6249,0.8549,0.7217
7,300,sqrt,5.0,balanced,0.7147,0.7282,0.6819,0.6493,0.7147,0.6152,0.0517,0.2273,0.2718,0.2853,-0.0135,0.2032,0.6569,0.3102,0.7423,0.1086,0.1887,0.9244,0.9598,0.9406,0.9509,0.8647,0.9057,0.8567,0.9306,0.8921,0.2218,0.7667,0.3439,0.6692,0.5739,0.6176,0.6258,0.8561,0.7228
7,100,sqrt,5.0,balanced,0.713,0.7276,0.681,0.6506,0.713,0.6131,0.0515,0.2271,0.2724,0.287,-0.0146,0.2016,0.6458,0.307,0.7641,0.1029,0.1807,0.9244,0.9598,0.9406,0.9514,0.8638,0.9054,0.8591,0.9284,0.8924,0.2182,0.7627,0.3391,0.6653,0.5785,0.6184,0.6209,0.8621,0.7216
6,500,sqrt,,balanced,0.7114,0.9999,0.806,0.7726,0.7114,0.7231,0.0342,0.1848,0.0001,0.2886,-0.2886,0.405,0.082,0.1361,0.6253,0.5831,0.6032,0.9614,0.9593,0.9594,0.9446,0.9344,0.9395,0.9098,0.9684,0.9382,0.8128,0.5176,0.6315,0.6774,0.814,0.7392,0.8448,0.8321,0.8376
6,500,log2,,balanced,0.7114,0.9999,0.806,0.7726,0.7114,0.7231,0.0342,0.1848,0.0001,0.2886,-0.2886,0.405,0.082,0.1361,0.6253,0.5831,0.6032,0.9614,0.9593,0.9594,0.9446,0.9344,0.9395,0.9098,0.9684,0.9382,0.8128,0.5176,0.6315,0.6774,0.814,0.7392,0.8448,0.8321,0.8376
6,300,sqrt,,balanced,0.7113,0.9999,0.8053,0.7729,0.7113,0.7238,0.0342,0.1849,0.0001,0.2887,-0.2886,0.4043,0.0871,0.1432,0.6246,0.578,0.6001,0.9614,0.9593,0.9594,0.9433,0.9344,0.9388,0.9096,0.9687,0.9382,0.8167,0.5216,0.6355,0.6758,0.8132,0.738,0.8471,0.8286,0.8371
6,300,log2,,balanced,0.7113,0.9999,0.8053,0.7729,0.7113,0.7238,0.0342,0.1849,0.0001,0.2887,-0.2886,0.4043,0.0871,0.1432,0.6246,0.578,0.6001,0.9614,0.9593,0.9594,0.9433,0.9344,0.9388,0.9096,0.9687,0.9382,0.8167,0.5216,0.6355,0.6758,0.8132,0.738,0.8471,0.8286,0.8371
6,100,log2,,balanced,0.7097,0.9999,0.8028,0.7647,0.7097,0.721,0.0345,0.1856,0.0001,0.2903,-0.2902,0.3734,0.0881,0.1419,0.6154,0.5729,0.5932,0.9614,0.9593,0.9594,0.9444,0.9334,0.9388,0.9098,0.9677,0.9378,0.7985,0.5176,0.6273,0.6753,0.8078,0.7355,0.8391,0.8309,0.8341
6,300,log2,,,0.709,0.9999,0.8044,0.77,0.709,0.7202,0.0342,0.1848,0.0001,0.291,-0.2909,0.4189,0.087,0.1436,0.6183,0.5855,0.6012,0.9556,0.966,0.9596,0.9422,0.9334,0.9378,0.9128,0.9672,0.9392,0.7967,0.4941,0.6092,0.6784,0.8094,0.7379,0.8375,0.8297,0.8329
6,500,log2,,,0.7086,0.9999,0.8044,0.7678,0.7086,0.7186,0.0341,0.1846,0.0001,0.2914,-0.2914,0.3883,0.0739,0.123,0.6149,0.584,0.5988,0.9556,0.966,0.9596,0.9436,0.9341,0.9388,0.9124,0.9677,0.9392,0.8119,0.498,0.6161,0.6792,0.8104,0.7387,0.8367,0.8346,0.8348
6,500,sqrt,,,0.7086,0.9999,0.8044,0.7678,0.7086,0.7186,0.0341,0.1846,0.0001,0.2914,-0.2914,0.3883,0.0739,0.123,0.6149,0.584,0.5988,0.9556,0.966,0.9596,0.9436,0.9341,0.9388,0.9124,0.9677,0.9392,0.8119,0.498,0.6161,0.6792,0.8104,0.7387,0.8367,0.8346,0.8348
6,100,sqrt,,,0.7066,0.9999,0.8025,0.7669,0.7066,0.7186,0.0344,0.1855,0.0001,0.2934,-0.2933,0.3976,0.087,0.1424,0.6119,0.578,0.5943,0.9556,0.9522,0.9516,0.9419,0.9334,0.9376,0.9111,0.9675,0.9384,0.8019,0.5059,0.6191,0.6765,0.8062,0.7355,0.8388,0.8226,0.8297
6,100,log2,,,0.7066,0.9999,0.8025,0.7669,0.7066,0.7186,0.0344,0.1855,0.0001,0.2934,-0.2933,0.3976,0.087,0.1424,0.6119,0.578,0.5943,0.9556,0.9522,0.9516,0.9419,0.9334,0.9376,0.9111,0.9675,0.9384,0.8019,0.5059,0.6191,0.6765,0.8062,0.7355,0.8388,0.8226,0.8297
4,300,sqrt,10.0,balanced,0.6939,0.808,0.713,0.6402,0.6939,0.6491,0.0466,0.2158,0.192,0.3061,-0.1142,0.1891,0.3978,0.2562,0.5712,0.3498,0.4334,0.9092,0.9184,0.912,0.9388,0.8886,0.9129,0.9044,0.9557,0.9293,0.2758,0.6196,0.3814,0.6262,0.5627,0.5926,0.7069,0.8585,0.7748
4,300,log2,10.0,balanced,0.6939,0.808,0.713,0.6402,0.6939,0.6491,0.0466,0.2158,0.192,0.3061,-0.1142,0.1891,0.3978,0.2562,0.5712,0.3498,0.4334,0.9092,0.9184,0.912,0.9388,0.8886,0.9129,0.9044,0.9557,0.9293,0.2758,0.6196,0.3814,0.6262,0.5627,0.5926,0.7069,0.8585,0.7748
6,500,log2,5.0,balanced,0.6919,0.7075,0.6598,0.6364,0.6919,0.6003,0.0546,0.2337,0.2925,0.3081,-0.0156,0.173,0.5628,0.2645,0.7479,0.124,0.2124,0.9247,0.9595,0.9404,0.9412,0.8577,0.8975,0.8563,0.9212,0.8875,0.2085,0.7627,0.3274,0.6085,0.5068,0.5525,0.6308,0.8405,0.72
6,300,sqrt,5.0,balanced,0.6888,0.706,0.6612,0.6344,0.6888,0.6003,0.0546,0.2337,0.294,0.3112,-0.0172,0.1709,0.5354,0.259,0.7346,0.1267,0.216,0.93,0.9527,0.9397,0.9405,0.8588,0.8978,0.8562,0.9217,0.8877,0.2078,0.7588,0.3263,0.6064,0.5157,0.5569,0.629,0.8405,0.719
6,300,log2,5.0,balanced,0.6888,0.706,0.6612,0.6344,0.6888,0.6003,0.0546,0.2337,0.294,0.3112,-0.0172,0.1709,0.5354,0.259,0.7346,0.1267,0.216,0.93,0.9527,0.9397,0.9405,0.8588,0.8978,0.8562,0.9217,0.8877,0.2078,0.7588,0.3263,0.6064,0.5157,0.5569,0.629,0.8405,0.719
6,100,log2,5.0,balanced,0.6884,0.7065,0.6578,0.6341,0.6884,0.5991,0.0546,0.2336,0.2935,0.3116,-0.0181,0.1698,0.5466,0.259,0.7405,0.1297,0.2204,0.9247,0.9595,0.9404,0.9401,0.8568,0.8965,0.857,0.9224,0.8885,0.2033,0.7549,0.3201,0.6038,0.4992,0.5464,0.6336,0.8382,0.721
6,100,sqrt,5.0,balanced,0.6884,0.7065,0.6578,0.6341,0.6884,0.5991,0.0546,0.2336,0.2935,0.3116,-0.0181,0.1698,0.5466,0.259,0.7405,0.1297,0.2204,0.9247,0.9595,0.9404,0.9401,0.8568,0.8965,0.857,0.9224,0.8885,0.2033,0.7549,0.3201,0.6038,0.4992,0.5464,0.6336,0.8382,0.721
4,100,sqrt,10.0,balanced,0.6876,0.8081,0.7115,0.6394,0.6876,0.646,0.0466,0.2159,0.1919,0.3124,-0.1205,0.1848,0.3907,0.2508,0.5706,0.3534,0.4359,0.9198,0.9048,0.9103,0.9394,0.888,0.9129,0.9045,0.9544,0.9288,0.2647,0.598,0.3669,0.6259,0.561,0.5916,0.7055,0.8501,0.7708
7,500,log2,10.0,,0.6872,0.7815,0.8141,0.7972,0.6872,0.6951,0.0326,0.1805,0.2185,0.3128,-0.0943,0.5321,0.0111,0.0216,0.6077,0.6611,0.6331,0.962,0.9524,0.9555,0.963,0.9308,0.9466,0.9086,0.9641,0.9355,0.8453,0.3294,0.4727,0.7033,0.8431,0.7667,0.8553,0.8058,0.8291
7,300,sqrt,10.0,,0.686,0.7803,0.8137,0.7835,0.686,0.6929,0.0326,0.1806,0.2197,0.314,-0.0943,0.4333,0.0071,0.0138,0.6082,0.662,0.6337,0.9562,0.9524,0.9523,0.9622,0.9303,0.946,0.9095,0.9633,0.9357,0.8404,0.3255,0.4675,0.7021,0.8435,0.7662,0.8562,0.8034,0.8282
5,500,sqrt,5.0,balanced,0.6803,0.6952,0.6479,0.6318,0.6803,0.5925,0.0547,0.2339,0.3048,0.3197,-0.0149,0.1561,0.5313,0.2412,0.7387,0.1249,0.2131,0.9302,0.9595,0.9435,0.9446,0.8541,0.897,0.8578,0.9231,0.8892,0.1922,0.7412,0.3051,0.5866,0.4665,0.5194,0.648,0.8418,0.7316
5,500,log2,5.0,balanced,0.6803,0.6952,0.6479,0.6318,0.6803,0.5925,0.0547,0.2339,0.3048,0.3197,-0.0149,0.1561,0.5313,0.2412,0.7387,0.1249,0.2131,0.9302,0.9595,0.9435,0.9446,0.8541,0.897,0.8578,0.9231,0.8892,0.1922,0.7412,0.3051,0.5866,0.4665,0.5194,0.648,0.8418,0.7316
5,300,log2,5.0,balanced,0.6792,0.6947,0.6495,0.6323,0.6792,0.5928,0.0547,0.2339,0.3053,0.3208,-0.0155,0.1572,0.5232,0.2417,0.7407,0.1231,0.2106,0.9302,0.9595,0.9435,0.9454,0.8539,0.8973,0.8582,0.9219,0.8889,0.1888,0.7314,0.3,0.5885,0.4787,0.5277,0.649,0.8418,0.7323
5,100,log2,5.0,balanced,0.6777,0.6949,0.6523,0.6279,0.6777,0.5935,0.0545,0.2335,0.3051,0.3223,-0.0172,0.1561,0.4949,0.2373,0.7005,0.1195,0.2034,0.9319,0.9595,0.9438,0.9465,0.8539,0.8978,0.8554,0.9221,0.8875,0.1908,0.7294,0.3025,0.5887,0.4984,0.5397,0.6534,0.8442,0.736
5,100,sqrt,5.0,balanced,0.6777,0.6949,0.6523,0.6279,0.6777,0.5935,0.0545,0.2335,0.3051,0.3223,-0.0172,0.1561,0.4949,0.2373,0.7005,0.1195,0.2034,0.9319,0.9595,0.9438,0.9465,0.8539,0.8978,0.8554,0.9221,0.8875,0.1908,0.7294,0.3025,0.5887,0.4984,0.5397,0.6534,0.8442,0.736
3,500,sqrt,10.0,balanced,0.6771,0.7766,0.69,0.6295,0.6771,0.6283,0.0492,0.2218,0.2234,0.3229,-0.0995,0.1748,0.4251,0.2476,0.5731,0.3082,0.4006,0.915,0.9115,0.9109,0.9392,0.8755,0.9062,0.8933,0.9581,0.9245,0.2152,0.6098,0.3181,0.6039,0.5084,0.5519,0.7215,0.8201,0.7672
3,500,log2,10.0,balanced,0.6771,0.7766,0.69,0.6295,0.6771,0.6283,0.0492,0.2218,0.2234,0.3229,-0.0995,0.1748,0.4251,0.2476,0.5731,0.3082,0.4006,0.915,0.9115,0.9109,0.9392,0.8755,0.9062,0.8933,0.9581,0.9245,0.2152,0.6098,0.3181,0.6039,0.5084,0.5519,0.7215,0.8201,0.7672
3,300,sqrt,10.0,balanced,0.6767,0.7757,0.6905,0.6313,0.6767,0.6293,0.0492,0.2219,0.2243,0.3233,-0.0991,0.1725,0.417,0.244,0.5715,0.3104,0.402,0.9295,0.9115,0.9172,0.9405,0.8753,0.9067,0.8941,0.9581,0.925,0.2154,0.6098,0.3183,0.605,0.511,0.5539,0.7215,0.8201,0.7673
3,300,log2,10.0,balanced,0.6767,0.7757,0.6905,0.6313,0.6767,0.6293,0.0492,0.2219,0.2243,0.3233,-0.0991,0.1725,0.417,0.244,0.5715,0.3104,0.402,0.9295,0.9115,0.9172,0.9405,0.8753,0.9067,0.8941,0.9581,0.925,0.2154,0.6098,0.3183,0.605,0.511,0.5539,0.7215,0.8201,0.7673
3,100,sqrt,10.0,balanced,0.6762,0.7752,0.689,0.6306,0.6762,0.629,0.0493,0.222,0.2248,0.3238,-0.0989,0.1748,0.423,0.2473,0.5631,0.314,0.403,0.9349,0.9115,0.9202,0.9393,0.8755,0.9062,0.8949,0.9554,0.9241,0.2139,0.6098,0.3166,0.6019,0.503,0.5479,0.7223,0.8177,0.7666
3,100,log2,10.0,balanced,0.6762,0.7752,0.689,0.6306,0.6762,0.629,0.0493,0.222,0.2248,0.3238,-0.0989,0.1748,0.423,0.2473,0.5631,0.314,0.403,0.9349,0.9115,0.9202,0.9393,0.8755,0.9062,0.8949,0.9554,0.9241,0.2139,0.6098,0.3166,0.6019,0.503,0.5479,0.7223,0.8177,0.7666
6,300,log2,10.0,,0.6691,0.754,0.7868,0.7518,0.6691,0.677,0.0369,0.1921,0.246,0.3309,-0.0849,0.28,0.0031,0.006,0.6181,0.4955,0.5497,0.9556,0.9593,0.9562,0.9364,0.9203,0.9282,0.901,0.9687,0.9336,0.85,0.351,0.496,0.6235,0.8443,0.7172,0.8499,0.8106,0.8288
6,300,sqrt,10.0,,0.6691,0.754,0.7868,0.7518,0.6691,0.677,0.0369,0.1921,0.246,0.3309,-0.0849,0.28,0.0031,0.006,0.6181,0.4955,0.5497,0.9556,0.9593,0.9562,0.9364,0.9203,0.9282,0.901,0.9687,0.9336,0.85,0.351,0.496,0.6235,0.8443,0.7172,0.8499,0.8106,0.8288
6,500,log2,10.0,,0.669,0.7551,0.7876,0.7434,0.669,0.6775,0.0369,0.1921,0.2449,0.331,-0.0861,0.2,0.0041,0.0079,0.6187,0.4979,0.5514,0.9556,0.9524,0.9523,0.9369,0.9212,0.9289,0.9011,0.9677,0.9332,0.8593,0.351,0.4972,0.625,0.8451,0.7184,0.8502,0.8129,0.8304
6,100,log2,10.0,,0.6688,0.7527,0.786,0.7337,0.6688,0.6776,0.037,0.1923,0.2473,0.3312,-0.0839,0.14,0.0041,0.0079,0.6205,0.4967,0.5515,0.9551,0.9458,0.9487,0.9364,0.919,0.9276,0.8983,0.9682,0.9319,0.848,0.3647,0.5095,0.6217,0.8405,0.7146,0.8498,0.8118,0.8294
6,100,sqrt,10.0,,0.6688,0.7527,0.786,0.7337,0.6688,0.6776,0.037,0.1923,0.2473,0.3312,-0.0839,0.14,0.0041,0.0079,0.6205,0.4967,0.5515,0.9551,0.9458,0.9487,0.9364,0.919,0.9276,0.8983,0.9682,0.9319,0.848,0.3647,0.5095,0.6217,0.8405,0.7146,0.8498,0.8118,0.8294
4,100,sqrt,5.0,balanced,0.6669,0.6872,0.6487,0.6178,0.6669,0.5845,0.0546,0.2337,0.3128,0.3331,-0.0203,0.1487,0.4737,0.226,0.7114,0.1312,0.2206,0.863,0.9253,0.8903,0.9502,0.8482,0.8962,0.863,0.9267,0.8937,0.1895,0.7157,0.2996,0.5722,0.4883,0.5259,0.6448,0.8262,0.7232
4,100,log2,5.0,balanced,0.6669,0.6872,0.6487,0.6178,0.6669,0.5845,0.0546,0.2337,0.3128,0.3331,-0.0203,0.1487,0.4737,0.226,0.7114,0.1312,0.2206,0.863,0.9253,0.8903,0.9502,0.8482,0.8962,0.863,0.9267,0.8937,0.1895,0.7157,0.2996,0.5722,0.4883,0.5259,0.6448,0.8262,0.7232
5,500,log2,,balanced,0.6665,0.9999,0.7794,0.715,0.6665,0.6733,0.0375,0.1938,0.0001,0.3335,-0.3334,0.3459,0.0709,0.1173,0.5789,0.5244,0.5501,0.9612,0.9527,0.9557,0.9394,0.9288,0.934,0.9078,0.9651,0.9355,0.5226,0.2823,0.3656,0.6308,0.7746,0.6952,0.8335,0.8333,0.8325
4,300,log2,5.0,balanced,0.6661,0.6848,0.6491,0.6197,0.6661,0.5846,0.0546,0.2337,0.3152,0.3339,-0.0188,0.148,0.4736,0.2254,0.7147,0.1297,0.2189,0.8733,0.9253,0.896,0.9486,0.8503,0.8967,0.8627,0.9233,0.892,0.1861,0.7137,0.2951,0.5804,0.4924,0.5323,0.6437,0.8202,0.7203
4,500,sqrt,5.0,balanced,0.6656,0.6854,0.6518,0.6197,0.6656,0.5855,0.0546,0.2337,0.3146,0.3344,-0.0198,0.1468,0.4493,0.2213,0.7139,0.1291,0.218,0.8692,0.9253,0.8935,0.9488,0.8491,0.8961,0.8616,0.9245,0.892,0.1883,0.7196,0.2985,0.5784,0.5092,0.5413,0.6502,0.819,0.7239
5,300,log2,,balanced,0.6656,0.9999,0.7798,0.718,0.6656,0.6734,0.0376,0.1939,0.0001,0.3344,-0.3344,0.3741,0.079,0.1296,0.5794,0.5241,0.5502,0.9612,0.9527,0.9557,0.9401,0.9288,0.9344,0.9092,0.9651,0.9363,0.5105,0.2725,0.3543,0.6303,0.7774,0.6961,0.8388,0.825,0.8309
5,100,log2,,balanced,0.6654,0.9999,0.7773,0.7118,0.6654,0.6724,0.0379,0.1947,0.0001,0.3346,-0.3345,0.3259,0.0739,0.1197,0.5751,0.5157,0.5435,0.9612,0.9595,0.9595,0.94,0.9274,0.9337,0.9067,0.9658,0.9353,0.5211,0.2804,0.3635,0.6272,0.7728,0.6924,0.8371,0.8274,0.8315
5,100,sqrt,,balanced,0.6654,0.9999,0.7773,0.7118,0.6654,0.6724,0.0379,0.1947,0.0001,0.3346,-0.3345,0.3259,0.0739,0.1197,0.5751,0.5157,0.5435,0.9612,0.9595,0.9595,0.94,0.9274,0.9337,0.9067,0.9658,0.9353,0.5211,0.2804,0.3635,0.6272,0.7728,0.6924,0.8371,0.8274,0.8315
5,300,log2,,,0.6634,0.9999,0.7787,0.7133,0.6634,0.6691,0.0376,0.1939,0.0001,0.3366,-0.3366,0.3528,0.0709,0.1176,0.567,0.5289,0.5471,0.9496,0.9591,0.9526,0.9395,0.9309,0.9352,0.9105,0.9634,0.9362,0.5176,0.249,0.3349,0.6321,0.7704,0.6943,0.8375,0.8345,0.8351
5,100,sqrt,,,0.6625,0.9999,0.7778,0.712,0.6625,0.6692,0.0378,0.1945,0.0001,0.3375,-0.3374,0.3474,0.0769,0.1253,0.5699,0.5298,0.5489,0.9496,0.9455,0.9452,0.9398,0.9283,0.934,0.9083,0.9636,0.9351,0.5187,0.2627,0.3449,0.6305,0.7682,0.6925,0.8324,0.8249,0.8279
3,300,log2,5.0,balanced,0.6578,0.6777,0.6183,0.6193,0.6578,0.567,0.0572,0.2392,0.3223,0.3422,-0.0199,0.1369,0.6124,0.2237,0.7526,0.1231,0.2112,0.8491,0.932,0.8872,0.9498,0.8497,0.8969,0.872,0.9296,0.8999,0.1699,0.6843,0.2721,0.5583,0.3389,0.4214,0.6659,0.7926,0.7234
3,500,log2,5.0,balanced,0.6577,0.6788,0.6198,0.6178,0.6577,0.5677,0.0571,0.239,0.3212,0.3423,-0.0211,0.1377,0.6073,0.2244,0.7452,0.1273,0.2171,0.8491,0.932,0.8872,0.9497,0.8506,0.8974,0.8717,0.9289,0.8994,0.17,0.6804,0.2719,0.5585,0.3435,0.425,0.6604,0.7914,0.7196
3,500,sqrt,5.0,balanced,0.6577,0.6788,0.6198,0.6178,0.6577,0.5677,0.0571,0.239,0.3212,0.3423,-0.0211,0.1377,0.6073,0.2244,0.7452,0.1273,0.2171,0.8491,0.932,0.8872,0.9497,0.8506,0.8974,0.8717,0.9289,0.8994,0.17,0.6804,0.2719,0.5585,0.3435,0.425,0.6604,0.7914,0.7196
3,100,sqrt,5.0,balanced,0.6568,0.6762,0.6211,0.6128,0.6568,0.5662,0.0574,0.2395,0.3238,0.3432,-0.0194,0.1407,0.5911,0.2272,0.7391,0.127,0.2164,0.8394,0.9253,0.8786,0.9517,0.846,0.8957,0.8756,0.9217,0.898,0.1678,0.6843,0.2693,0.5551,0.3642,0.4396,0.6333,0.795,0.7044
3,100,log2,5.0,balanced,0.6568,0.6762,0.6211,0.6128,0.6568,0.5662,0.0574,0.2395,0.3238,0.3432,-0.0194,0.1407,0.5911,0.2272,0.7391,0.127,0.2164,0.8394,0.9253,0.8786,0.9517,0.846,0.8957,0.8756,0.9217,0.898,0.1678,0.6843,0.2693,0.5551,0.3642,0.4396,0.6333,0.795,0.7044
4,500,log2,,,0.6511,0.9999,0.7649,0.6932,0.6511,0.6577,0.0404,0.2011,0.0001,0.3489,-0.3488,0.3377,0.082,0.1315,0.5536,0.4952,0.5227,0.9487,0.9184,0.9302,0.9175,0.9218,0.9196,0.9015,0.9602,0.9299,0.4634,0.2745,0.3445,0.6238,0.7487,0.6805,0.7993,0.8082,0.8031
4,500,sqrt,,,0.6511,0.9999,0.7649,0.6932,0.6511,0.6577,0.0404,0.2011,0.0001,0.3489,-0.3488,0.3377,0.082,0.1315,0.5536,0.4952,0.5227,0.9487,0.9184,0.9302,0.9175,0.9218,0.9196,0.9015,0.9602,0.9299,0.4634,0.2745,0.3445,0.6238,0.7487,0.6805,0.7993,0.8082,0.8031
4,300,log2,,,0.6507,0.9999,0.7644,0.6937,0.6507,0.6577,0.0405,0.2012,0.0001,0.3493,-0.3492,0.3362,0.081,0.1302,0.5526,0.4922,0.5205,0.9487,0.9184,0.9302,0.9162,0.9215,0.9189,0.9013,0.9602,0.9298,0.4682,0.2765,0.3474,0.6227,0.7489,0.6799,0.8036,0.807,0.8047
4,100,log2,,,0.6495,0.9999,0.7628,0.6916,0.6495,0.6568,0.0407,0.2018,0.0001,0.3505,-0.3505,0.3294,0.083,0.1322,0.5522,0.4901,0.5192,0.948,0.9115,0.9266,0.9157,0.9203,0.918,0.9011,0.9607,0.9299,0.4636,0.2804,0.3492,0.6191,0.7441,0.6757,0.8035,0.8058,0.804
4,500,sqrt,,balanced,0.6486,0.9999,0.7632,0.6836,0.6486,0.6526,0.0406,0.2015,0.0001,0.3514,-0.3514,0.3082,0.076,0.1211,0.5507,0.4825,0.5144,0.9092,0.9117,0.9085,0.9166,0.923,0.9198,0.8999,0.9597,0.9289,0.4603,0.2745,0.3427,0.6208,0.7491,0.6789,0.8026,0.8118,0.8066
4,500,log2,,balanced,0.6486,0.9999,0.7632,0.6836,0.6486,0.6526,0.0406,0.2015,0.0001,0.3514,-0.3514,0.3082,0.076,0.1211,0.5507,0.4825,0.5144,0.9092,0.9117,0.9085,0.9166,0.923,0.9198,0.8999,0.9597,0.9289,0.4603,0.2745,0.3427,0.6208,0.7491,0.6789,0.8026,0.8118,0.8066
4,100,sqrt,,balanced,0.6473,0.9999,0.7616,0.6864,0.6473,0.6528,0.0409,0.2022,0.0001,0.3527,-0.3527,0.3299,0.078,0.1257,0.5493,0.4792,0.5118,0.9274,0.9117,0.918,0.9137,0.9212,0.9174,0.8977,0.959,0.9273,0.458,0.2804,0.3473,0.6197,0.7487,0.6781,0.7957,0.7998,0.797
4,300,sqrt,,balanced,0.646,0.9999,0.7621,0.6828,0.646,0.6508,0.0407,0.2016,0.0001,0.354,-0.3539,0.3104,0.076,0.1216,0.5501,0.4774,0.5112,0.9146,0.9051,0.9078,0.9157,0.9219,0.9188,0.8992,0.9605,0.9288,0.4589,0.2725,0.3409,0.6194,0.7503,0.6785,0.7944,0.8046,0.7989
4,300,log2,,balanced,0.646,0.9999,0.7621,0.6828,0.646,0.6508,0.0407,0.2016,0.0001,0.354,-0.3539,0.3104,0.076,0.1216,0.5501,0.4774,0.5112,0.9146,0.9051,0.9078,0.9157,0.9219,0.9188,0.8992,0.9605,0.9288,0.4589,0.2725,0.3409,0.6194,0.7503,0.6785,0.7944,0.8046,0.7989
5,100,log2,10.0,,0.6365,0.7182,0.7745,0.7276,0.6365,0.6342,0.0386,0.1964,0.2818,0.3635,-0.0817,0.4571,0.0122,0.0237,0.5886,0.4853,0.5317,0.9496,0.9593,0.9531,0.9389,0.9218,0.9303,0.9033,0.9672,0.9341,0.5413,0.1078,0.1773,0.6017,0.8186,0.6935,0.8403,0.8202,0.8295
5,300,sqrt,10.0,,0.6354,0.718,0.774,0.7298,0.6354,0.6328,0.0385,0.1963,0.282,0.3646,-0.0826,0.4767,0.0122,0.0237,0.5879,0.4862,0.5319,0.9556,0.9593,0.9562,0.9379,0.9216,0.9297,0.9037,0.967,0.9342,0.5377,0.1,0.1663,0.6014,0.817,0.6927,0.8372,0.8202,0.8281
5,300,log2,10.0,,0.6354,0.718,0.774,0.7298,0.6354,0.6328,0.0385,0.1963,0.282,0.3646,-0.0826,0.4767,0.0122,0.0237,0.5879,0.4862,0.5319,0.9556,0.9593,0.9562,0.9379,0.9216,0.9297,0.9037,0.967,0.9342,0.5377,0.1,0.1663,0.6014,0.817,0.6927,0.8372,0.8202,0.8281
5,500,log2,10.0,,0.6353,0.7179,0.7741,0.7226,0.6353,0.6332,0.0385,0.1962,0.2821,0.3647,-0.0826,0.4155,0.0122,0.0236,0.5873,0.4816,0.5289,0.9556,0.9593,0.9562,0.9386,0.9218,0.9301,0.9031,0.9672,0.934,0.5386,0.1019,0.1697,0.6011,0.8198,0.6936,0.841,0.8189,0.8294
5,500,sqrt,10.0,,0.6353,0.7179,0.7741,0.7226,0.6353,0.6332,0.0385,0.1962,0.2821,0.3647,-0.0826,0.4155,0.0122,0.0236,0.5873,0.4816,0.5289,0.9556,0.9593,0.9562,0.9386,0.9218,0.9301,0.9031,0.9672,0.934,0.5386,0.1019,0.1697,0.6011,0.8198,0.6936,0.841,0.8189,0.8294
4,500,sqrt,10.0,,0.6267,0.7109,0.7586,0.6963,0.6267,0.6281,0.0409,0.2021,0.2891,0.3733,-0.0842,0.3726,0.0173,0.0328,0.5563,0.435,0.4881,0.9537,0.9182,0.9332,0.9146,0.9158,0.9152,0.8981,0.9597,0.9279,0.4827,0.1667,0.2462,0.5919,0.7939,0.6782,0.8006,0.807,0.8031
4,500,log2,10.0,,0.6267,0.7109,0.7586,0.6963,0.6267,0.6281,0.0409,0.2021,0.2891,0.3733,-0.0842,0.3726,0.0173,0.0328,0.5563,0.435,0.4881,0.9537,0.9182,0.9332,0.9146,0.9158,0.9152,0.8981,0.9597,0.9279,0.4827,0.1667,0.2462,0.5919,0.7939,0.6782,0.8006,0.807,0.8031
4,100,sqrt,10.0,,0.624,0.7101,0.7574,0.6962,0.624,0.6261,0.041,0.2025,0.2899,0.376,-0.0861,0.3994,0.0203,0.0384,0.5537,0.4332,0.486,0.9537,0.9115,0.9297,0.9131,0.9157,0.9144,0.8984,0.9583,0.9274,0.4602,0.1589,0.2355,0.591,0.7923,0.677,0.7997,0.8022,0.8004
4,100,log2,10.0,,0.624,0.7101,0.7574,0.6962,0.624,0.6261,0.041,0.2025,0.2899,0.376,-0.0861,0.3994,0.0203,0.0384,0.5537,0.4332,0.486,0.9537,0.9115,0.9297,0.9131,0.9157,0.9144,0.8984,0.9583,0.9274,0.4602,0.1589,0.2355,0.591,0.7923,0.677,0.7997,0.8022,0.8004
8,500,log2,5.0,,0.6202,0.633,0.7776,0.727,0.6202,0.627,0.0404,0.2011,0.367,0.3798,-0.0128,0.0,0.0,0.0,0.5703,0.5653,0.5676,0.9861,0.8506,0.9106,0.9384,0.9083,0.9231,0.8697,0.9549,0.9103,0.9692,0.1039,0.1873,0.6452,0.8234,0.7234,0.8369,0.7554,0.7937
8,100,log2,5.0,,0.618,0.6329,0.776,0.7263,0.618,0.6258,0.0406,0.2015,0.3671,0.382,-0.0148,0.0,0.0,0.0,0.57,0.5584,0.5639,0.9861,0.8439,0.9064,0.94,0.9054,0.9224,0.8689,0.953,0.909,0.9692,0.1078,0.1933,0.6405,0.8276,0.722,0.8354,0.7482,0.7891
8,300,log2,5.0,,0.6177,0.6327,0.777,0.7277,0.6177,0.6247,0.0404,0.201,0.3673,0.3823,-0.015,0.0,0.0,0.0,0.5701,0.5641,0.5669,0.9856,0.8372,0.9034,0.9388,0.908,0.9231,0.8692,0.9559,0.9105,0.9833,0.1,0.1813,0.6435,0.822,0.7218,0.8312,0.7542,0.7904
3,100,sqrt,,balanced,0.6173,0.9999,0.7363,0.6586,0.6173,0.6204,0.0448,0.2115,0.0001,0.3827,-0.3826,0.335,0.0688,0.1138,0.5065,0.4148,0.456,0.9493,0.9251,0.9345,0.8977,0.9095,0.9035,0.888,0.9597,0.9224,0.3449,0.1608,0.2184,0.5726,0.7129,0.6351,0.7754,0.7866,0.7796
3,300,sqrt,,,0.6163,0.9999,0.737,0.6551,0.6163,0.6199,0.0445,0.211,0.0001,0.3837,-0.3836,0.326,0.079,0.1269,0.5092,0.4238,0.4625,0.9493,0.9182,0.9303,0.897,0.9119,0.9044,0.8906,0.9607,0.9243,0.3222,0.1471,0.2015,0.5752,0.7057,0.6337,0.771,0.7842,0.776
3,500,log2,,,0.6157,0.9999,0.7361,0.6557,0.6157,0.6195,0.0445,0.2109,0.0001,0.3843,-0.3842,0.3245,0.0759,0.1229,0.5081,0.4235,0.4619,0.9493,0.9113,0.9259,0.8962,0.9119,0.904,0.8904,0.9602,0.924,0.3346,0.153,0.2095,0.573,0.7023,0.6309,0.7692,0.7878,0.7771
3,500,sqrt,,balanced,0.6156,0.9999,0.7365,0.6554,0.6156,0.6181,0.0443,0.2105,0.0001,0.3844,-0.3844,0.3416,0.0709,0.1169,0.506,0.4166,0.4568,0.9435,0.9251,0.9315,0.8989,0.9121,0.9054,0.8887,0.96,0.923,0.3253,0.151,0.2059,0.5728,0.7107,0.6342,0.7663,0.7782,0.7709
9,300,sqrt,5.0,,0.6155,0.6259,0.7764,0.7281,0.6155,0.6185,0.0407,0.2018,0.3741,0.3845,-0.0104,0.0,0.0,0.0,0.5727,0.5644,0.5683,0.9861,0.8572,0.9147,0.9395,0.9051,0.922,0.8697,0.9583,0.9118,0.9818,0.0647,0.1206,0.6407,0.825,0.7212,0.8342,0.7494,0.7893
9,300,log2,5.0,,0.6155,0.6259,0.7764,0.7281,0.6155,0.6185,0.0407,0.2018,0.3741,0.3845,-0.0104,0.0,0.0,0.0,0.5727,0.5644,0.5683,0.9861,0.8572,0.9147,0.9395,0.9051,0.922,0.8697,0.9583,0.9118,0.9818,0.0647,0.1206,0.6407,0.825,0.7212,0.8342,0.7494,0.7893
3,300,log2,,balanced,0.6155,0.9999,0.7367,0.6548,0.6155,0.6183,0.0444,0.2107,0.0001,0.3845,-0.3845,0.3365,0.0719,0.1181,0.5059,0.4163,0.4567,0.9435,0.9182,0.9272,0.9006,0.9113,0.9059,0.8897,0.9597,0.9234,0.3205,0.153,0.2065,0.5729,0.7127,0.6352,0.7686,0.7806,0.7732
9,500,sqrt,5.0,,0.6153,0.629,0.7765,0.7278,0.6153,0.6197,0.0408,0.2019,0.371,0.3847,-0.0136,0.0,0.0,0.0,0.5731,0.5608,0.5667,0.9855,0.8439,0.9068,0.9385,0.9051,0.9215,0.8702,0.9607,0.9132,0.9818,0.0745,0.138,0.6404,0.8246,0.7209,0.8331,0.753,0.7906
3,100,log2,,,0.6145,0.9999,0.7329,0.6488,0.6145,0.6178,0.0448,0.2116,0.0001,0.3855,-0.3854,0.2985,0.0739,0.1182,0.4973,0.4193,0.4549,0.9493,0.9182,0.9303,0.8987,0.9063,0.9025,0.89,0.9585,0.923,0.3091,0.1529,0.2044,0.5703,0.7005,0.6286,0.7775,0.7866,0.7804
8,100,sqrt,5.0,,0.6143,0.6292,0.7744,0.7235,0.6143,0.6222,0.0417,0.2043,0.3708,0.3857,-0.0149,0.0,0.0,0.0,0.5861,0.5316,0.5574,0.977,0.8372,0.9002,0.9335,0.9015,0.9172,0.8588,0.9598,0.9064,0.956,0.1059,0.1874,0.6351,0.8405,0.7234,0.8418,0.7374,0.7859
9,100,log2,5.0,,0.6128,0.6238,0.7749,0.7292,0.6128,0.6152,0.0408,0.2021,0.3762,0.3872,-0.011,0.0,0.0,0.0,0.5694,0.5554,0.562,0.9778,0.8508,0.9074,0.9398,0.9045,0.9218,0.8709,0.9585,0.9126,1.0,0.0568,0.1065,0.6362,0.826,0.7188,0.8394,0.7506,0.7921
9,100,sqrt,5.0,,0.6128,0.6238,0.7749,0.7292,0.6128,0.6152,0.0408,0.2021,0.3762,0.3872,-0.011,0.0,0.0,0.0,0.5694,0.5554,0.562,0.9778,0.8508,0.9074,0.9398,0.9045,0.9218,0.8709,0.9585,0.9126,1.0,0.0568,0.1065,0.6362,0.826,0.7188,0.8394,0.7506,0.7921
8,300,sqrt,5.0,,0.6117,0.6257,0.7758,0.7293,0.6117,0.6181,0.0418,0.2044,0.3743,0.3883,-0.014,0.0,0.0,0.0,0.5886,0.5301,0.5576,0.9771,0.8237,0.8923,0.937,0.9028,0.9196,0.8598,0.9619,0.908,1.0,0.0843,0.1537,0.6355,0.8451,0.7254,0.8361,0.7458,0.7881
7,100,sqrt,5.0,,0.6014,0.6103,0.7723,0.6021,0.6014,0.5983,0.0419,0.2047,0.3897,0.3986,-0.0089,0.0,0.0,0.0,0.5732,0.5476,0.5599,0.978,0.8306,0.8962,0.9378,0.9034,0.9203,0.8648,0.9569,0.9085,0.0,0.0,0.0,0.633,0.8306,0.7184,0.8298,0.7422,0.7834
7,100,log2,5.0,,0.6014,0.6103,0.7723,0.6021,0.6014,0.5983,0.0419,0.2047,0.3897,0.3986,-0.0089,0.0,0.0,0.0,0.5732,0.5476,0.5599,0.978,0.8306,0.8962,0.9378,0.9034,0.9203,0.8648,0.9569,0.9085,0.0,0.0,0.0,0.633,0.8306,0.7184,0.8298,0.7422,0.7834
7,500,sqrt,5.0,,0.6013,0.6121,0.773,0.6022,0.6013,0.5982,0.0419,0.2047,0.3879,0.3987,-0.0108,0.0,0.0,0.0,0.5775,0.5403,0.5581,0.9717,0.8306,0.893,0.9366,0.9065,0.9213,0.8604,0.9593,0.9071,0.0,0.0,0.0,0.634,0.8329,0.7199,0.8376,0.7411,0.7861
7,500,log2,5.0,,0.6013,0.6121,0.773,0.6022,0.6013,0.5982,0.0419,0.2047,0.3879,0.3987,-0.0108,0.0,0.0,0.0,0.5775,0.5403,0.5581,0.9717,0.8306,0.893,0.9366,0.9065,0.9213,0.8604,0.9593,0.9071,0.0,0.0,0.0,0.634,0.8329,0.7199,0.8376,0.7411,0.7861
3,500,log2,10.0,,0.5945,0.6599,0.7427,0.6691,0.5945,0.5875,0.043,0.2074,0.3401,0.4055,-0.0654,0.3686,0.0081,0.0158,0.5547,0.3657,0.4402,0.9609,0.8979,0.9249,0.9042,0.9044,0.9042,0.879,0.9694,0.922,0.3487,0.0314,0.0573,0.5594,0.7993,0.6581,0.7769,0.7794,0.7775
3,300,log2,10.0,,0.5942,0.6587,0.7415,0.6709,0.5942,0.5867,0.043,0.2075,0.3413,0.4058,-0.0645,0.3667,0.0081,0.0158,0.5514,0.3633,0.4376,0.9609,0.9046,0.9285,0.9033,0.9036,0.9034,0.8786,0.9689,0.9215,0.3719,0.0294,0.0538,0.5581,0.7973,0.6565,0.7768,0.7782,0.7768
3,300,sqrt,10.0,,0.5942,0.6587,0.7415,0.6709,0.5942,0.5867,0.043,0.2075,0.3413,0.4058,-0.0645,0.3667,0.0081,0.0158,0.5514,0.3633,0.4376,0.9609,0.9046,0.9285,0.9033,0.9036,0.9034,0.8786,0.9689,0.9215,0.3719,0.0294,0.0538,0.5581,0.7973,0.6565,0.7768,0.7782,0.7768
3,100,log2,10.0,,0.5939,0.6586,0.7422,0.6385,0.5939,0.5855,0.0431,0.2076,0.3414,0.4061,-0.0647,0.125,0.0031,0.0059,0.5502,0.3627,0.4366,0.9609,0.9046,0.9285,0.9043,0.9036,0.9038,0.8812,0.9684,0.9228,0.3467,0.0255,0.0473,0.5592,0.8019,0.6589,0.7802,0.7818,0.7804
3,100,sqrt,10.0,,0.5939,0.6586,0.7422,0.6385,0.5939,0.5855,0.0431,0.2076,0.3414,0.4061,-0.0647,0.125,0.0031,0.0059,0.5502,0.3627,0.4366,0.9609,0.9046,0.9285,0.9043,0.9036,0.9038,0.8812,0.9684,0.9228,0.3467,0.0255,0.0473,0.5592,0.8019,0.6589,0.7802,0.7818,0.7804
5,500,log2,5.0,,0.5779,0.5885,0.743,0.5893,0.5779,0.5721,0.045,0.2122,0.4115,0.4221,-0.0106,0.0,0.0,0.0,0.6023,0.3109,0.4099,0.9773,0.8308,0.8961,0.9156,0.9024,0.9089,0.8606,0.9609,0.908,0.0,0.0,0.0,0.5493,0.8566,0.6693,0.8092,0.7614,0.7842
5,500,sqrt,5.0,,0.5779,0.5885,0.743,0.5893,0.5779,0.5721,0.045,0.2122,0.4115,0.4221,-0.0106,0.0,0.0,0.0,0.6023,0.3109,0.4099,0.9773,0.8308,0.8961,0.9156,0.9024,0.9089,0.8606,0.9609,0.908,0.0,0.0,0.0,0.5493,0.8566,0.6693,0.8092,0.7614,0.7842
5,100,sqrt,5.0,,0.5766,0.588,0.742,0.5877,0.5766,0.5707,0.045,0.2122,0.412,0.4234,-0.0114,0.0,0.0,0.0,0.6027,0.3122,0.4107,0.9693,0.8239,0.8887,0.9133,0.9019,0.9076,0.8585,0.9643,0.9083,0.0,0.0,0.0,0.5483,0.85,0.6666,0.8096,0.7602,0.7838
5,100,log2,5.0,,0.5766,0.588,0.742,0.5877,0.5766,0.5707,0.045,0.2122,0.412,0.4234,-0.0114,0.0,0.0,0.0,0.6027,0.3122,0.4107,0.9693,0.8239,0.8887,0.9133,0.9019,0.9076,0.8585,0.9643,0.9083,0.0,0.0,0.0,0.5483,0.85,0.6666,0.8096,0.7602,0.7838
6,100,sqrt,5.0,,0.5723,0.5816,0.7392,0.6105,0.5723,0.5666,0.0454,0.2131,0.4184,0.4277,-0.0094,0.0,0.0,0.0,0.5957,0.2899,0.3898,0.9693,0.817,0.8842,0.9114,0.9009,0.9061,0.8516,0.959,0.9021,0.2,0.002,0.0039,0.548,0.86,0.6694,0.8078,0.7494,0.7771
6,500,log2,5.0,,0.5717,0.5809,0.7392,0.5868,0.5717,0.5649,0.0453,0.2129,0.4191,0.4283,-0.0093,0.0,0.0,0.0,0.6104,0.2736,0.3777,0.9693,0.817,0.8842,0.911,0.9037,0.9073,0.8499,0.9602,0.9017,0.0,0.0,0.0,0.5455,0.8656,0.6693,0.8078,0.753,0.7789
6,500,sqrt,5.0,,0.5717,0.5809,0.7392,0.5868,0.5717,0.5649,0.0453,0.2129,0.4191,0.4283,-0.0093,0.0,0.0,0.0,0.6104,0.2736,0.3777,0.9693,0.817,0.8842,0.911,0.9037,0.9073,0.8499,0.9602,0.9017,0.0,0.0,0.0,0.5455,0.8656,0.6693,0.8078,0.753,0.7789
6,300,sqrt,5.0,,0.571,0.5794,0.7376,0.5859,0.571,0.5642,0.0454,0.2131,0.4206,0.429,-0.0084,0.0,0.0,0.0,0.6034,0.2712,0.3741,0.9693,0.817,0.8842,0.91,0.9006,0.9052,0.8505,0.9593,0.9016,0.0,0.0,0.0,0.544,0.8654,0.668,0.8097,0.7542,0.7805
6,300,log2,5.0,,0.571,0.5794,0.7376,0.5859,0.571,0.5642,0.0454,0.2131,0.4206,0.429,-0.0084,0.0,0.0,0.0,0.6034,0.2712,0.3741,0.9693,0.817,0.8842,0.91,0.9006,0.9052,0.8505,0.9593,0.9016,0.0,0.0,0.0,0.544,0.8654,0.668,0.8097,0.7542,0.7805
4,300,log2,5.0,,0.5661,0.5753,0.7351,0.5795,0.5661,0.5624,0.0457,0.2137,0.4247,0.4339,-0.0092,0.0,0.0,0.0,0.5457,0.3173,0.4006,0.9613,0.769,0.8468,0.913,0.8977,0.9053,0.8695,0.9547,0.9101,0.0,0.0,0.0,0.5423,0.8323,0.6566,0.804,0.7578,0.7799
4,300,sqrt,5.0,,0.5661,0.5753,0.7351,0.5795,0.5661,0.5624,0.0457,0.2137,0.4247,0.4339,-0.0092,0.0,0.0,0.0,0.5457,0.3173,0.4006,0.9613,0.769,0.8468,0.913,0.8977,0.9053,0.8695,0.9547,0.9101,0.0,0.0,0.0,0.5423,0.8323,0.6566,0.804,0.7578,0.7799
4,500,sqrt,5.0,,0.564,0.576,0.7347,0.5788,0.564,0.5609,0.0456,0.2136,0.424,0.436,-0.0121,0.0,0.0,0.0,0.5437,0.3173,0.4003,0.9613,0.7556,0.8379,0.9123,0.8987,0.9054,0.8686,0.9554,0.9099,0.0,0.0,0.0,0.5421,0.8293,0.6555,0.8024,0.7554,0.778
4,100,log2,5.0,,0.5638,0.5752,0.7348,0.5785,0.5638,0.561,0.0456,0.2136,0.4248,0.4362,-0.0114,0.0,0.0,0.0,0.5386,0.3215,0.4021,0.9613,0.7556,0.8379,0.9128,0.8986,0.9056,0.8693,0.9547,0.91,0.0,0.0,0.0,0.5435,0.8282,0.6563,0.8027,0.7518,0.7762
4,100,sqrt,5.0,,0.5638,0.5752,0.7348,0.5785,0.5638,0.561,0.0456,0.2136,0.4248,0.4362,-0.0114,0.0,0.0,0.0,0.5386,0.3215,0.4021,0.9613,0.7556,0.8379,0.9128,0.8986,0.9056,0.8693,0.9547,0.91,0.0,0.0,0.0,0.5435,0.8282,0.6563,0.8027,0.7518,0.7762
3,300,log2,5.0,,0.5439,0.5503,0.7183,0.5922,0.5439,0.5293,0.0481,0.2193,0.4497,0.4561,-0.0064,0.0,0.0,0.0,0.734,0.1165,0.2003,0.9585,0.7287,0.8201,0.918,0.8854,0.9014,0.8371,0.973,0.9,0.0,0.0,0.0,0.5017,0.8971,0.6435,0.7884,0.7506,0.769
3,500,sqrt,5.0,,0.5431,0.5513,0.7186,0.5916,0.5431,0.5297,0.048,0.2191,0.4487,0.4569,-0.0082,0.0,0.0,0.0,0.7235,0.1213,0.207,0.9583,0.7221,0.8166,0.9199,0.8829,0.901,0.8366,0.9732,0.8998,0.0,0.0,0.0,0.5025,0.8992,0.6447,0.7923,0.7458,0.7682
3,500,log2,5.0,,0.5431,0.5513,0.7186,0.5916,0.5431,0.5297,0.048,0.2191,0.4487,0.4569,-0.0082,0.0,0.0,0.0,0.7235,0.1213,0.207,0.9583,0.7221,0.8166,0.9199,0.8829,0.901,0.8366,0.9732,0.8998,0.0,0.0,0.0,0.5025,0.8992,0.6447,0.7923,0.7458,0.7682
3,100,sqrt,5.0,,0.5427,0.5468,0.7197,0.592,0.5427,0.532,0.0481,0.2193,0.4532,0.4573,-0.0041,0.0,0.0,0.0,0.7034,0.1337,0.2241,0.9665,0.7221,0.8186,0.9204,0.8828,0.9012,0.8345,0.973,0.8984,0.0,0.0,0.0,0.505,0.8986,0.6466,0.8064,0.7315,0.7669
3,100,log2,5.0,,0.5427,0.5468,0.7197,0.592,0.5427,0.532,0.0481,0.2193,0.4532,0.4573,-0.0041,0.0,0.0,0.0,0.7034,0.1337,0.2241,0.9665,0.7221,0.8186,0.9204,0.8828,0.9012,0.8345,0.973,0.8984,0.0,0.0,0.0,0.505,0.8986,0.6466,0.8064,0.7315,0.7669
2,100,sqrt,5.0,balanced,0.5409,0.5627,0.6206,0.5106,0.5409,0.4527,0.0618,0.2486,0.4373,0.4591,-0.0218,0.0965,0.1123,0.0993,0.8447,0.0906,0.1636,0.2933,0.6811,0.408,0.9435,0.8536,0.8963,0.8589,0.7419,0.796,0.09,0.5039,0.1526,0.5746,0.6663,0.6165,0.3834,0.6775,0.4896
2,100,log2,5.0,balanced,0.5409,0.5627,0.6206,0.5106,0.5409,0.4527,0.0618,0.2486,0.4373,0.4591,-0.0218,0.0965,0.1123,0.0993,0.8447,0.0906,0.1636,0.2933,0.6811,0.408,0.9435,0.8536,0.8963,0.8589,0.7419,0.796,0.09,0.5039,0.1526,0.5746,0.6663,0.6165,0.3834,0.6775,0.4896
2,300,log2,5.0,balanced,0.5408,0.5631,0.6194,0.5126,0.5408,0.4518,0.0617,0.2483,0.4369,0.4592,-0.0223,0.0987,0.1093,0.0989,0.8585,0.0876,0.1589,0.2911,0.6809,0.4058,0.944,0.8513,0.8952,0.8605,0.7375,0.7941,0.0886,0.5059,0.1507,0.5722,0.6689,0.6163,0.3867,0.6846,0.4941
2,300,sqrt,5.0,balanced,0.5408,0.5631,0.6194,0.5126,0.5408,0.4518,0.0617,0.2483,0.4369,0.4592,-0.0223,0.0987,0.1093,0.0989,0.8585,0.0876,0.1589,0.2911,0.6809,0.4058,0.944,0.8513,0.8952,0.8605,0.7375,0.7941,0.0886,0.5059,0.1507,0.5722,0.6689,0.6163,0.3867,0.6846,0.4941
2,100,log2,10.0,balanced,0.5359,0.6986,0.6448,0.5182,0.5359,0.5037,0.0568,0.2383,0.3014,0.4641,-0.1626,0.103,0.1255,0.1125,0.501,0.2399,0.3232,0.6697,0.5795,0.6113,0.9332,0.8711,0.9011,0.8584,0.7956,0.8257,0.1025,0.3843,0.1615,0.5934,0.6165,0.6044,0.3844,0.6751,0.4893
2,300,sqrt,10.0,balanced,0.5359,0.6991,0.6443,0.5169,0.5359,0.5023,0.0567,0.2381,0.3009,0.4641,-0.1632,0.1036,0.1275,0.1136,0.5029,0.2303,0.3146,0.6563,0.5795,0.6061,0.9334,0.8728,0.902,0.8591,0.7944,0.8254,0.1025,0.3902,0.162,0.5928,0.6189,0.6052,0.385,0.6739,0.4895
2,500,sqrt,10.0,balanced,0.5344,0.6995,0.6445,0.5151,0.5344,0.5015,0.0567,0.2381,0.3005,0.4656,-0.1651,0.103,0.1265,0.1129,0.5002,0.2345,0.3178,0.6484,0.5795,0.6019,0.9325,0.8734,0.9019,0.8578,0.7944,0.8248,0.1017,0.3823,0.1603,0.5937,0.6181,0.6052,0.384,0.6667,0.4868
2,100,log2,10.0,,0.4772,0.5425,0.6993,0.5448,0.4772,0.4818,0.0499,0.2234,0.4575,0.5228,-0.0653,0.0,0.0,0.0,0.4554,0.3471,0.3936,0.8548,0.4717,0.593,0.9076,0.896,0.9017,0.7817,0.8956,0.8348,0.2667,0.0039,0.0077,0.5527,0.772,0.644,0.54,0.4316,0.4793
2,300,sqrt,10.0,,0.4768,0.5434,0.6995,0.5737,0.4768,0.4812,0.0499,0.2233,0.4566,0.5232,-0.0666,0.2,0.001,0.002,0.4575,0.345,0.3931,0.848,0.465,0.5845,0.908,0.8954,0.9016,0.7828,0.8939,0.8347,0.3,0.0039,0.0077,0.5514,0.776,0.6445,0.5419,0.434,0.4816
2,300,log2,10.0,,0.4768,0.5434,0.6995,0.5737,0.4768,0.4812,0.0499,0.2233,0.4566,0.5232,-0.0666,0.2,0.001,0.002,0.4575,0.345,0.3931,0.848,0.465,0.5845,0.908,0.8954,0.9016,0.7828,0.8939,0.8347,0.3,0.0039,0.0077,0.5514,0.776,0.6445,0.5419,0.434,0.4816
2,500,log2,10.0,,0.4755,0.5432,0.6993,0.5476,0.4755,0.4797,0.0498,0.2232,0.4568,0.5245,-0.0676,0.2,0.001,0.002,0.4577,0.3441,0.3925,0.8421,0.4584,0.5786,0.9075,0.8955,0.9014,0.7817,0.8949,0.8345,0.1,0.002,0.0038,0.5517,0.7756,0.6446,0.5398,0.4328,0.48
2,500,sqrt,10.0,,0.4755,0.5432,0.6993,0.5476,0.4755,0.4797,0.0498,0.2232,0.4568,0.5245,-0.0676,0.2,0.001,0.002,0.4577,0.3441,0.3925,0.8421,0.4584,0.5786,0.9075,0.8955,0.9014,0.7817,0.8949,0.8345,0.1,0.002,0.0038,0.5517,0.7756,0.6446,0.5398,0.4328,0.48
2,300,sqrt,,,0.4747,0.9999,0.6696,0.5093,0.4747,0.4827,0.0556,0.2359,0.0001,0.5253,-0.5252,0.1335,0.0506,0.0733,0.4123,0.369,0.3894,0.7712,0.5188,0.6069,0.8851,0.8949,0.8899,0.7845,0.8571,0.8191,0.0585,0.0235,0.0335,0.5453,0.6486,0.5924,0.4839,0.4352,0.4571
2,300,log2,,,0.4747,0.9999,0.6696,0.5093,0.4747,0.4827,0.0556,0.2359,0.0001,0.5253,-0.5252,0.1335,0.0506,0.0733,0.4123,0.369,0.3894,0.7712,0.5188,0.6069,0.8851,0.8949,0.8899,0.7845,0.8571,0.8191,0.0585,0.0235,0.0335,0.5453,0.6486,0.5924,0.4839,0.4352,0.4571
2,300,sqrt,,balanced,0.4732,0.9999,0.671,0.5129,0.4732,0.4823,0.0553,0.2352,0.0001,0.5268,-0.5267,0.1318,0.0466,0.0687,0.4099,0.3669,0.3871,0.801,0.5051,0.6066,0.8858,0.896,0.8908,0.7869,0.8599,0.8217,0.0603,0.0216,0.0317,0.5461,0.6535,0.5949,0.4815,0.4364,0.457
2,300,log2,,balanced,0.4732,0.9999,0.671,0.5129,0.4732,0.4823,0.0553,0.2352,0.0001,0.5268,-0.5267,0.1318,0.0466,0.0687,0.4099,0.3669,0.3871,0.801,0.5051,0.6066,0.8858,0.896,0.8908,0.7869,0.8599,0.8217,0.0603,0.0216,0.0317,0.5461,0.6535,0.5949,0.4815,0.4364,0.457
2,100,log2,,,0.4721,0.9999,0.6688,0.5079,0.4721,0.4806,0.0559,0.2364,0.0001,0.5279,-0.5278,0.1302,0.0506,0.0728,0.4138,0.3673,0.3891,0.767,0.5053,0.5956,0.8853,0.8934,0.8893,0.7848,0.858,0.8197,0.0571,0.0255,0.0351,0.5433,0.6486,0.5912,0.4819,0.428,0.4524
2,500,log2,,,0.4719,0.9999,0.6684,0.5083,0.4719,0.4799,0.0556,0.2358,0.0001,0.5281,-0.528,0.1279,0.0496,0.0713,0.4081,0.3639,0.3846,0.7792,0.5051,0.5944,0.8844,0.8948,0.8895,0.7856,0.8559,0.8192,0.0567,0.0235,0.0332,0.5451,0.6486,0.5922,0.4793,0.434,0.4546
2,500,sqrt,,,0.4719,0.9999,0.6684,0.5083,0.4719,0.4799,0.0556,0.2358,0.0001,0.5281,-0.528,0.1279,0.0496,0.0713,0.4081,0.3639,0.3846,0.7792,0.5051,0.5944,0.8844,0.8948,0.8895,0.7856,0.8559,0.8192,0.0567,0.0235,0.0332,0.5451,0.6486,0.5922,0.4793,0.434,0.4546
2,500,log2,,balanced,0.4717,0.9999,0.6709,0.5145,0.4717,0.4814,0.0553,0.2351,0.0001,0.5283,-0.5283,0.1286,0.0445,0.066,0.4113,0.37,0.3895,0.815,0.4984,0.6034,0.8861,0.8952,0.8906,0.7865,0.8588,0.821,0.0617,0.0216,0.032,0.5453,0.6545,0.5949,0.4818,0.4304,0.4542
2,500,sqrt,,balanced,0.4717,0.9999,0.6709,0.5145,0.4717,0.4814,0.0553,0.2351,0.0001,0.5283,-0.5283,0.1286,0.0445,0.066,0.4113,0.37,0.3895,0.815,0.4984,0.6034,0.8861,0.8952,0.8906,0.7865,0.8588,0.821,0.0617,0.0216,0.032,0.5453,0.6545,0.5949,0.4818,0.4304,0.4542
2,100,sqrt,,balanced,0.4716,0.9999,0.6697,0.514,0.4716,0.4815,0.0556,0.2358,0.0001,0.5284,-0.5283,0.14,0.0506,0.0742,0.4094,0.3636,0.3851,0.7968,0.4984,0.5985,0.8877,0.8929,0.8903,0.7827,0.8561,0.8177,0.0676,0.0255,0.037,0.5446,0.6577,0.5957,0.4834,0.428,0.4533
2,300,sqrt,5.0,,0.4648,0.4728,0.6952,0.5209,0.4648,0.4693,0.0509,0.2257,0.5272,0.5352,-0.008,0.0,0.0,0.0,0.462,0.2574,0.3294,0.9101,0.4379,0.5688,0.9165,0.8826,0.8992,0.778,0.9009,0.8349,0.0,0.0,0.0,0.5292,0.8332,0.6471,0.5712,0.4065,0.4745
2,500,sqrt,5.0,,0.4644,0.472,0.6949,0.5218,0.4644,0.4686,0.0509,0.2257,0.528,0.5356,-0.0076,0.0,0.0,0.0,0.4681,0.2453,0.3215,0.9101,0.4379,0.5688,0.9172,0.8822,0.8993,0.7788,0.9016,0.8357,0.0,0.0,0.0,0.5246,0.8393,0.6456,0.5758,0.4089,0.4778
2,100,sqrt,5.0,,0.461,0.4681,0.6917,0.5216,0.461,0.4626,0.051,0.2258,0.5319,0.539,-0.0072,0.0,0.0,0.0,0.4884,0.202,0.2832,0.9052,0.4446,0.5703,0.9133,0.8847,0.8987,0.7779,0.9014,0.8351,0.0,0.0,0.0,0.5132,0.8524,0.6404,0.5752,0.4029,0.4733
