n_components,C,solver,max_iter,class_weight,balanced_acc,train_balanced_acc,accuracy,precision_macro,recall_macro,f1_macro,brier_score,rmse_proba,E_train,E_test,E_train-E_test,precision_Scratch,recall_Scratch,f1_Scratch,precision_Loc,recall_Loc,f1_Loc,precision_Near-full,recall_Near-full,f1_Near-full,precision_Edge-Ring,recall_Edge-Ring,f1_Edge-Ring,precision_Center,recall_Center,f1_Center,precision_Donut,recall_Donut,f1_Donut,precision_Edge-Loc,recall_Edge-Loc,f1_Edge-Loc,precision_Random,recall_Random,f1_Random
9,50.0,lbfgs,500,balanced,0.7874,0.7911,0.7704,0.7067,0.7874,0.7182,0.0383,0.1956,0.2089,0.2126,-0.0038,0.2614,0.6721,0.3764,0.7297,0.3748,0.495,0.9255,0.9867,0.9544,0.963,0.9156,0.9387,0.9291,0.9187,0.9239,0.4557,0.8372,0.5901,0.7595,0.7053,0.7313,0.6292,0.8885,0.7358
9,50.0,lbfgs,1000,balanced,0.7874,0.7911,0.7704,0.7067,0.7874,0.7182,0.0383,0.1956,0.2089,0.2126,-0.0038,0.2614,0.6721,0.3764,0.7297,0.3748,0.495,0.9255,0.9867,0.9544,0.963,0.9156,0.9387,0.9291,0.9187,0.9239,0.4557,0.8372,0.5901,0.7595,0.7053,0.7313,0.6292,0.8885,0.7358
9,10.0,lbfgs,1000,balanced,0.7872,0.7913,0.7699,0.7061,0.7872,0.7177,0.0383,0.1956,0.2087,0.2128,-0.0041,0.2616,0.6721,0.3765,0.7294,0.3736,0.4939,0.9255,0.9867,0.9544,0.963,0.9148,0.9383,0.9285,0.9187,0.9236,0.4538,0.8372,0.5884,0.7581,0.7045,0.7302,0.629,0.8897,0.7361
9,50.0,saga,500,balanced,0.7872,0.7895,0.7699,0.6949,0.7872,0.7115,0.0383,0.1957,0.2105,0.2128,-0.0023,0.2619,0.6721,0.3768,0.7293,0.3742,0.4944,0.8291,0.9931,0.9027,0.9633,0.9141,0.938,0.9287,0.9187,0.9236,0.4549,0.8392,0.5899,0.759,0.7063,0.7316,0.6326,0.8801,0.7352
9,50.0,saga,1000,balanced,0.7871,0.7903,0.7698,0.6973,0.7871,0.713,0.0383,0.1956,0.2097,0.2129,-0.0032,0.2617,0.6711,0.3765,0.7295,0.3754,0.4955,0.8514,0.9931,0.9162,0.963,0.9141,0.9378,0.9296,0.9183,0.9239,0.4555,0.8392,0.5903,0.7583,0.7059,0.7311,0.6291,0.8801,0.7329
9,1.0,lbfgs,1000,balanced,0.787,0.7908,0.7701,0.7045,0.787,0.7167,0.0383,0.1957,0.2092,0.213,-0.0038,0.2614,0.6731,0.3766,0.7314,0.373,0.4938,0.907,0.9867,0.9449,0.9627,0.9151,0.9383,0.9287,0.919,0.9238,0.4538,0.8372,0.5884,0.7584,0.7055,0.7309,0.6324,0.8861,0.737
9,1.0,saga,500,balanced,0.787,0.7894,0.7693,0.6962,0.787,0.712,0.0383,0.1958,0.2106,0.213,-0.0024,0.2618,0.6741,0.3771,0.7315,0.3718,0.4928,0.8416,0.9931,0.9105,0.9634,0.9131,0.9376,0.9278,0.919,0.9233,0.454,0.8392,0.5891,0.7568,0.7059,0.7303,0.6328,0.8801,0.7352
9,5.0,saga,1000,balanced,0.7869,0.7902,0.7697,0.6976,0.7869,0.7131,0.0383,0.1956,0.2098,0.2131,-0.0033,0.2619,0.6721,0.3769,0.7291,0.3745,0.4947,0.8562,0.9931,0.919,0.963,0.9142,0.9379,0.9289,0.9187,0.9238,0.4553,0.8372,0.5897,0.7586,0.7055,0.7309,0.6281,0.8801,0.7322
8,5.0,lbfgs,500,balanced,0.7866,0.7887,0.7682,0.7077,0.7866,0.7179,0.0388,0.1969,0.2113,0.2134,-0.0021,0.2595,0.6802,0.3757,0.7343,0.373,0.4946,0.9313,0.9867,0.9576,0.9626,0.9138,0.9376,0.9237,0.9096,0.9166,0.4583,0.8353,0.5917,0.7578,0.7055,0.7306,0.6339,0.8885,0.7387
8,5.0,lbfgs,1000,balanced,0.7866,0.7887,0.7682,0.7077,0.7866,0.7179,0.0388,0.1969,0.2113,0.2134,-0.0021,0.2595,0.6802,0.3757,0.7343,0.373,0.4946,0.9313,0.9867,0.9576,0.9626,0.9138,0.9376,0.9237,0.9096,0.9166,0.4583,0.8353,0.5917,0.7578,0.7055,0.7306,0.6339,0.8885,0.7387
8,50.0,lbfgs,1000,balanced,0.7862,0.7889,0.7676,0.7071,0.7862,0.7173,0.0388,0.197,0.2111,0.2138,-0.0027,0.2588,0.6791,0.3747,0.7312,0.3721,0.4931,0.9313,0.9867,0.9576,0.9623,0.9138,0.9374,0.9244,0.9079,0.9161,0.4559,0.8353,0.5897,0.7576,0.7049,0.7302,0.635,0.8897,0.7399
8,50.0,lbfgs,500,balanced,0.7862,0.7889,0.7676,0.7071,0.7862,0.7173,0.0388,0.197,0.2111,0.2138,-0.0027,0.2588,0.6791,0.3747,0.7312,0.3721,0.4931,0.9313,0.9867,0.9576,0.9623,0.9138,0.9374,0.9244,0.9079,0.9161,0.4559,0.8353,0.5897,0.7576,0.7049,0.7302,0.635,0.8897,0.7399
9,0.1,lbfgs,1000,balanced,0.7859,0.7882,0.7659,0.6948,0.7859,0.7094,0.0388,0.1971,0.2118,0.2141,-0.0023,0.2588,0.6792,0.3747,0.7344,0.3621,0.4849,0.8468,1.0,0.9167,0.9601,0.9115,0.9351,0.9249,0.9195,0.9222,0.4445,0.8372,0.5805,0.7552,0.6987,0.7257,0.6338,0.8789,0.7355
9,0.1,saga,1000,balanced,0.7859,0.7883,0.7659,0.6937,0.7859,0.7089,0.0388,0.1971,0.2117,0.2141,-0.0024,0.259,0.6781,0.3747,0.7349,0.363,0.4858,0.837,1.0,0.911,0.9601,0.9113,0.935,0.9247,0.9197,0.9222,0.4449,0.8372,0.5808,0.7549,0.6985,0.7254,0.6343,0.8789,0.7359
8,1.0,lbfgs,500,balanced,0.7858,0.7888,0.7678,0.7044,0.7858,0.7157,0.0388,0.1969,0.2112,0.2142,-0.003,0.259,0.6812,0.3753,0.7346,0.3724,0.494,0.907,0.9867,0.9449,0.9627,0.9136,0.9375,0.9236,0.9094,0.9164,0.4564,0.8333,0.5896,0.7581,0.7051,0.7306,0.6336,0.8849,0.7372
8,5.0,saga,500,balanced,0.7856,0.7873,0.7673,0.6948,0.7856,0.7103,0.0388,0.197,0.2127,0.2144,-0.0016,0.2596,0.6792,0.3756,0.7322,0.3715,0.4927,0.8332,0.9931,0.9053,0.9626,0.9128,0.9371,0.9239,0.9101,0.9169,0.4588,0.8353,0.5921,0.7573,0.7053,0.7303,0.6306,0.8777,0.7327
8,50.0,saga,500,balanced,0.7855,0.7871,0.7673,0.6944,0.7855,0.7101,0.0388,0.1969,0.2129,0.2145,-0.0015,0.2592,0.6781,0.3751,0.7325,0.3721,0.4933,0.8291,0.9931,0.9027,0.9626,0.9128,0.9371,0.9241,0.9096,0.9168,0.4584,0.8353,0.5917,0.7574,0.7055,0.7304,0.6315,0.8777,0.7333
8,10.0,saga,1000,balanced,0.7854,0.7876,0.7672,0.6969,0.7854,0.7116,0.0388,0.1969,0.2124,0.2146,-0.0022,0.2594,0.6791,0.3754,0.7327,0.3724,0.4937,0.8514,0.9931,0.9162,0.9626,0.9128,0.937,0.9237,0.9099,0.9167,0.4583,0.8333,0.5912,0.7567,0.7047,0.7297,0.6306,0.8777,0.7327
9,0.1,saga,500,balanced,0.7853,0.7879,0.7657,0.6907,0.7853,0.7068,0.0388,0.1971,0.2121,0.2147,-0.0026,0.259,0.6771,0.3746,0.7345,0.363,0.4857,0.8147,1.0,0.8975,0.9602,0.9112,0.935,0.9245,0.9197,0.9221,0.4439,0.8372,0.58,0.7549,0.6987,0.7255,0.6339,0.8753,0.7344
8,1.0,saga,500,balanced,0.7851,0.7874,0.767,0.6949,0.7851,0.7101,0.0388,0.197,0.2126,0.2149,-0.0023,0.2595,0.6802,0.3756,0.7334,0.3712,0.4927,0.8373,0.9931,0.9079,0.9626,0.9122,0.9367,0.9237,0.9096,0.9166,0.4566,0.8313,0.5893,0.7572,0.7055,0.7303,0.6287,0.8777,0.7315
8,0.1,lbfgs,500,balanced,0.7849,0.7862,0.7646,0.6957,0.7849,0.7094,0.0392,0.198,0.2138,0.2151,-0.0013,0.2562,0.6822,0.3724,0.7373,0.3642,0.4874,0.8513,1.0,0.9194,0.9607,0.9106,0.9349,0.9212,0.9096,0.9153,0.4497,0.8372,0.5849,0.7559,0.7013,0.7274,0.6331,0.8741,0.7332
8,0.1,lbfgs,1000,balanced,0.7849,0.7862,0.7646,0.6957,0.7849,0.7094,0.0392,0.198,0.2138,0.2151,-0.0013,0.2562,0.6822,0.3724,0.7373,0.3642,0.4874,0.8513,1.0,0.9194,0.9607,0.9106,0.9349,0.9212,0.9096,0.9153,0.4497,0.8372,0.5849,0.7559,0.7013,0.7274,0.6331,0.8741,0.7332
8,0.1,saga,1000,balanced,0.7846,0.7861,0.7644,0.6933,0.7846,0.708,0.0392,0.1981,0.2139,0.2154,-0.0015,0.2557,0.6812,0.3718,0.7367,0.3648,0.4879,0.8319,1.0,0.9081,0.9604,0.9107,0.9349,0.9216,0.9094,0.9154,0.4502,0.8372,0.5853,0.7558,0.7005,0.7269,0.6341,0.8729,0.7333
8,0.1,saga,500,balanced,0.7844,0.7858,0.7643,0.6916,0.7844,0.7068,0.0392,0.1981,0.2142,0.2156,-0.0014,0.2557,0.6812,0.3718,0.7367,0.3648,0.4879,0.819,1.0,0.9001,0.9605,0.9107,0.935,0.9216,0.9096,0.9156,0.4502,0.8372,0.5853,0.7561,0.7003,0.727,0.6331,0.8717,0.7323
7,1.0,saga,1000,balanced,0.7777,0.7806,0.7609,0.6838,0.7777,0.7029,0.0395,0.1987,0.2194,0.2223,-0.0028,0.2561,0.6376,0.3653,0.6846,0.3964,0.5018,0.8564,1.0,0.9223,0.9636,0.9106,0.9363,0.9228,0.9125,0.9176,0.4036,0.8215,0.5412,0.7576,0.6726,0.7124,0.6254,0.8705,0.7268
7,1.0,saga,500,balanced,0.7777,0.78,0.7612,0.6829,0.7777,0.7025,0.0395,0.1987,0.22,0.2223,-0.0022,0.256,0.6376,0.3653,0.6841,0.3964,0.5017,0.8478,1.0,0.917,0.9639,0.9113,0.9369,0.9232,0.9123,0.9177,0.4024,0.8215,0.5401,0.7587,0.6734,0.7133,0.6273,0.8693,0.7276
7,1.0,lbfgs,1000,balanced,0.7773,0.7815,0.7617,0.6908,0.7773,0.7066,0.0395,0.1987,0.2185,0.2227,-0.0042,0.2564,0.6387,0.3658,0.6846,0.3958,0.5013,0.907,0.9867,0.9449,0.9636,0.9116,0.9369,0.9228,0.9123,0.9175,0.4013,0.8215,0.5391,0.7585,0.674,0.7136,0.632,0.8777,0.7337
7,5.0,lbfgs,500,balanced,0.7773,0.782,0.7619,0.693,0.7773,0.7082,0.0394,0.1986,0.218,0.2227,-0.0047,0.2559,0.6356,0.3648,0.6835,0.3992,0.5037,0.9255,0.9867,0.9544,0.9643,0.9121,0.9374,0.9227,0.9111,0.9168,0.4086,0.8196,0.5452,0.7576,0.6738,0.7131,0.626,0.8801,0.7305
7,10.0,lbfgs,1000,balanced,0.7771,0.7818,0.762,0.6953,0.7771,0.7091,0.0394,0.1986,0.2182,0.2229,-0.0047,0.2563,0.6366,0.3654,0.6828,0.3979,0.5026,0.9438,0.98,0.9604,0.9638,0.9124,0.9374,0.9229,0.9111,0.9169,0.407,0.8215,0.5442,0.7583,0.6736,0.7133,0.6272,0.8837,0.7325
7,10.0,lbfgs,500,balanced,0.7771,0.7818,0.762,0.6953,0.7771,0.7091,0.0394,0.1986,0.2182,0.2229,-0.0047,0.2563,0.6366,0.3654,0.6828,0.3979,0.5026,0.9438,0.98,0.9604,0.9638,0.9124,0.9374,0.9229,0.9111,0.9169,0.407,0.8215,0.5442,0.7583,0.6736,0.7133,0.6272,0.8837,0.7325
7,50.0,lbfgs,1000,balanced,0.777,0.7822,0.762,0.6936,0.777,0.7082,0.0395,0.1986,0.2178,0.223,-0.0051,0.2564,0.6366,0.3655,0.6836,0.3983,0.5031,0.9317,0.98,0.9539,0.964,0.9124,0.9374,0.9229,0.9111,0.9169,0.4073,0.8215,0.5444,0.7586,0.6738,0.7136,0.6246,0.8825,0.7304
9,0.01,saga,1000,balanced,0.7757,0.7771,0.7492,0.6718,0.7757,0.6861,0.0428,0.2069,0.2229,0.2243,-0.0015,0.248,0.6913,0.365,0.742,0.3257,0.4526,0.7541,1.0,0.8591,0.9446,0.9078,0.9258,0.9088,0.9224,0.9156,0.4217,0.8451,0.5626,0.7464,0.6533,0.6965,0.6086,0.8597,0.7121
7,0.1,lbfgs,1000,balanced,0.7755,0.7766,0.7565,0.6796,0.7755,0.6975,0.0401,0.2002,0.2234,0.2245,-0.0011,0.2535,0.6498,0.3646,0.689,0.3811,0.4904,0.8468,1.0,0.9167,0.9597,0.9095,0.9339,0.9197,0.9127,0.9162,0.3891,0.8196,0.5275,0.757,0.6631,0.7068,0.622,0.8681,0.7238
7,0.1,lbfgs,500,balanced,0.7755,0.7766,0.7565,0.6796,0.7755,0.6975,0.0401,0.2002,0.2234,0.2245,-0.0011,0.2535,0.6498,0.3646,0.689,0.3811,0.4904,0.8468,1.0,0.9167,0.9597,0.9095,0.9339,0.9197,0.9127,0.9162,0.3891,0.8196,0.5275,0.757,0.6631,0.7068,0.622,0.8681,0.7238
7,0.1,saga,500,balanced,0.7752,0.7761,0.7563,0.6765,0.7752,0.6954,0.0401,0.2003,0.2239,0.2248,-0.0009,0.2531,0.6478,0.3638,0.6898,0.3808,0.4903,0.8231,1.0,0.9027,0.9598,0.9093,0.9339,0.9204,0.913,0.9166,0.3873,0.8196,0.5258,0.7572,0.6631,0.7068,0.6214,0.8681,0.7235
7,0.01,saga,500,balanced,0.7621,0.7625,0.7359,0.6536,0.7621,0.6668,0.0445,0.2109,0.2375,0.2379,-0.0004,0.243,0.6822,0.3582,0.7038,0.3194,0.439,0.753,1.0,0.8587,0.9438,0.9104,0.9267,0.9062,0.9212,0.9136,0.3236,0.8039,0.4613,0.7503,0.6045,0.6692,0.6046,0.8549,0.7079
6,5.0,saga,1000,balanced,0.7453,0.7465,0.7206,0.6569,0.7453,0.6754,0.0459,0.2143,0.2535,0.2547,-0.0012,0.2012,0.5314,0.2917,0.6108,0.3724,0.4625,0.8866,1.0,0.9398,0.9464,0.9086,0.927,0.9199,0.9108,0.9153,0.4138,0.8215,0.5498,0.6585,0.538,0.5919,0.618,0.8802,0.7253
6,50.0,saga,500,balanced,0.7447,0.7461,0.7203,0.6534,0.7447,0.6731,0.0459,0.2143,0.2539,0.2553,-0.0014,0.2011,0.5314,0.2916,0.6114,0.3724,0.4627,0.8615,1.0,0.9253,0.9463,0.9085,0.9269,0.9206,0.9103,0.9154,0.413,0.8215,0.5491,0.6591,0.5382,0.5923,0.6142,0.8753,0.7211
6,1.0,saga,1000,balanced,0.7442,0.7457,0.7197,0.6548,0.7442,0.6735,0.0459,0.2144,0.2543,0.2558,-0.0016,0.1999,0.5304,0.2903,0.6146,0.3715,0.4629,0.8758,1.0,0.9337,0.9454,0.9084,0.9265,0.9198,0.9118,0.9157,0.4101,0.8196,0.5463,0.6568,0.5352,0.5896,0.6162,0.8765,0.7228
6,50.0,lbfgs,1000,balanced,0.744,0.7474,0.7205,0.6628,0.744,0.6779,0.0459,0.2144,0.2526,0.256,-0.0033,0.2009,0.5314,0.2915,0.6099,0.3724,0.4622,0.9378,0.9867,0.9608,0.9464,0.9083,0.9269,0.9199,0.9101,0.9149,0.4131,0.8215,0.5492,0.6586,0.5382,0.5921,0.6163,0.8838,0.7254
6,50.0,lbfgs,500,balanced,0.744,0.7474,0.7205,0.6628,0.744,0.6779,0.0459,0.2144,0.2526,0.256,-0.0033,0.2009,0.5314,0.2915,0.6099,0.3724,0.4622,0.9378,0.9867,0.9608,0.9464,0.9083,0.9269,0.9199,0.9101,0.9149,0.4131,0.8215,0.5492,0.6586,0.5382,0.5921,0.6163,0.8838,0.7254
6,5.0,lbfgs,500,balanced,0.7438,0.7474,0.7203,0.6604,0.7438,0.6764,0.0459,0.2144,0.2526,0.2562,-0.0036,0.2008,0.5314,0.2914,0.6105,0.3715,0.4617,0.9188,0.9867,0.9511,0.9463,0.9086,0.927,0.9195,0.9108,0.9151,0.4119,0.8215,0.5481,0.6585,0.5372,0.5915,0.6166,0.8826,0.7251
6,10.0,lbfgs,1000,balanced,0.7438,0.7472,0.7208,0.6618,0.7438,0.6774,0.0459,0.2143,0.2528,0.2562,-0.0035,0.2006,0.5293,0.2908,0.6121,0.3736,0.4638,0.9249,0.9867,0.9543,0.9466,0.9084,0.927,0.9195,0.9108,0.9151,0.4109,0.8196,0.5469,0.6579,0.5384,0.5919,0.6217,0.8838,0.729
6,10.0,lbfgs,500,balanced,0.7438,0.7472,0.7208,0.6618,0.7438,0.6774,0.0459,0.2143,0.2528,0.2562,-0.0035,0.2006,0.5293,0.2908,0.6121,0.3736,0.4638,0.9249,0.9867,0.9543,0.9466,0.9084,0.927,0.9195,0.9108,0.9151,0.4109,0.8196,0.5469,0.6579,0.5384,0.5919,0.6217,0.8838,0.729
6,1.0,saga,500,balanced,0.7437,0.7455,0.7196,0.6511,0.7437,0.6711,0.046,0.2144,0.2545,0.2563,-0.0018,0.2001,0.5314,0.2906,0.6146,0.3715,0.4629,0.8462,1.0,0.9166,0.9458,0.9083,0.9266,0.9204,0.9115,0.9159,0.4101,0.8196,0.5463,0.657,0.5356,0.5899,0.6143,0.8717,0.7199
6,0.1,lbfgs,1000,balanced,0.7397,0.7417,0.7148,0.643,0.7397,0.663,0.0466,0.2158,0.2583,0.2603,-0.002,0.1949,0.5293,0.2847,0.626,0.3669,0.4625,0.803,1.0,0.8899,0.9406,0.9071,0.9235,0.9158,0.9144,0.9151,0.391,0.8176,0.5287,0.6515,0.5191,0.5777,0.6212,0.8633,0.7218
6,0.1,saga,1000,balanced,0.7392,0.7415,0.7144,0.6412,0.7392,0.6617,0.0466,0.2158,0.2585,0.2608,-0.0022,0.1945,0.5293,0.2843,0.6255,0.366,0.4617,0.7935,1.0,0.8843,0.9409,0.9069,0.9236,0.9166,0.9144,0.9155,0.3909,0.8176,0.5287,0.651,0.5185,0.5771,0.6171,0.8609,0.7183
6,0.1,saga,500,balanced,0.7392,0.7413,0.7144,0.6413,0.7392,0.6617,0.0466,0.2158,0.2587,0.2608,-0.0021,0.1946,0.5293,0.2844,0.6255,0.366,0.4617,0.7935,1.0,0.8843,0.9409,0.9068,0.9235,0.9166,0.9144,0.9155,0.3905,0.8176,0.5283,0.6509,0.5187,0.5772,0.6177,0.8609,0.7187
6,0.01,lbfgs,1000,balanced,0.7184,0.7197,0.6935,0.6169,0.7184,0.6322,0.05,0.2237,0.2803,0.2816,-0.0013,0.1838,0.5192,0.2714,0.6434,0.3263,0.433,0.7403,1.0,0.8496,0.9163,0.9031,0.9096,0.899,0.9214,0.91,0.3068,0.7725,0.439,0.6303,0.4638,0.5342,0.6157,0.8405,0.7103
6,0.01,saga,500,balanced,0.7184,0.7196,0.6934,0.6169,0.7184,0.6321,0.05,0.2237,0.2804,0.2816,-0.0012,0.1839,0.5192,0.2714,0.6436,0.3266,0.4333,0.7403,1.0,0.8496,0.9161,0.9031,0.9096,0.8988,0.9214,0.9099,0.3065,0.7725,0.4387,0.6303,0.4634,0.5339,0.6157,0.8405,0.7103
9,10.0,lbfgs,500,,0.7175,0.7196,0.8133,0.7627,0.7175,0.7254,0.0324,0.1799,0.2804,0.2825,-0.0021,0.4438,0.1154,0.1817,0.6162,0.6475,0.631,0.9689,0.9662,0.9662,0.9498,0.9332,0.9414,0.9157,0.9532,0.934,0.6908,0.5216,0.5934,0.7258,0.8174,0.7687,0.7904,0.7854,0.787
9,50.0,lbfgs,1000,,0.7169,0.7196,0.8132,0.761,0.7169,0.7246,0.0324,0.1799,0.2804,0.2831,-0.0027,0.4396,0.1154,0.1812,0.6158,0.6463,0.6301,0.9618,0.9662,0.9629,0.9498,0.9335,0.9416,0.9156,0.9528,0.9338,0.6876,0.5216,0.5921,0.7259,0.818,0.7691,0.7917,0.7818,0.7857
9,5.0,lbfgs,1000,,0.7167,0.7191,0.8134,0.7628,0.7167,0.7253,0.0324,0.1799,0.2809,0.2833,-0.0024,0.4359,0.1144,0.1798,0.616,0.6469,0.6305,0.9746,0.9662,0.9692,0.9493,0.9336,0.9414,0.9157,0.9535,0.9341,0.6904,0.5157,0.5893,0.7261,0.818,0.7692,0.7943,0.7854,0.7888
9,5.0,lbfgs,500,,0.7167,0.7191,0.8134,0.7628,0.7167,0.7253,0.0324,0.1799,0.2809,0.2833,-0.0024,0.4359,0.1144,0.1798,0.616,0.6469,0.6305,0.9746,0.9662,0.9692,0.9493,0.9336,0.9414,0.9157,0.9535,0.9341,0.6904,0.5157,0.5893,0.7261,0.818,0.7692,0.7943,0.7854,0.7888
5,10.0,saga,1000,balanced,0.7149,0.7159,0.697,0.6345,0.7149,0.6403,0.0489,0.2211,0.2841,0.2851,-0.001,0.1846,0.5121,0.2713,0.6603,0.3338,0.4435,0.8706,1.0,0.9307,0.9395,0.9089,0.9239,0.9209,0.9115,0.9161,0.2487,0.7098,0.3683,0.6202,0.4785,0.5401,0.631,0.8645,0.7283
5,5.0,saga,1000,balanced,0.7148,0.7158,0.697,0.6338,0.7148,0.6399,0.0489,0.2211,0.2842,0.2852,-0.001,0.1845,0.5111,0.271,0.6603,0.3338,0.4434,0.8655,1.0,0.9279,0.9396,0.9086,0.9238,0.9207,0.912,0.9163,0.2492,0.7098,0.3689,0.6198,0.4787,0.5401,0.6305,0.8645,0.7279
9,1.0,lbfgs,500,,0.7147,0.7153,0.8131,0.7651,0.7147,0.7249,0.0324,0.1801,0.2847,0.2853,-0.0007,0.4413,0.1134,0.1791,0.6167,0.6469,0.6309,0.9869,0.9529,0.9685,0.9489,0.9329,0.9408,0.9157,0.9542,0.9345,0.6966,0.5157,0.5913,0.7243,0.8182,0.7683,0.7901,0.783,0.7854
5,5.0,saga,500,balanced,0.7144,0.7153,0.6968,0.6292,0.7144,0.6371,0.0489,0.2211,0.2847,0.2856,-0.0009,0.1846,0.5111,0.2711,0.6592,0.3335,0.443,0.8286,1.0,0.9058,0.9396,0.9084,0.9237,0.9214,0.9123,0.9168,0.2485,0.7079,0.3679,0.6196,0.4785,0.5399,0.6325,0.8633,0.7289
5,1.0,saga,1000,balanced,0.714,0.7156,0.6968,0.6325,0.714,0.639,0.0489,0.2212,0.2844,0.286,-0.0016,0.1843,0.5101,0.2707,0.6612,0.3329,0.4429,0.8558,1.0,0.9223,0.9382,0.908,0.9228,0.92,0.9139,0.9169,0.2477,0.7039,0.3664,0.6197,0.4785,0.5399,0.6333,0.8645,0.7298
5,50.0,lbfgs,1000,balanced,0.7134,0.717,0.697,0.6424,0.7134,0.6437,0.049,0.2213,0.283,0.2866,-0.0036,0.1844,0.5101,0.2708,0.6592,0.3335,0.4429,0.9375,0.98,0.9571,0.9389,0.9084,0.9233,0.9203,0.912,0.9161,0.2496,0.7137,0.3697,0.6195,0.4785,0.5399,0.6302,0.8705,0.7299
5,50.0,lbfgs,500,balanced,0.7134,0.717,0.697,0.6424,0.7134,0.6437,0.049,0.2213,0.283,0.2866,-0.0036,0.1844,0.5101,0.2708,0.6592,0.3335,0.4429,0.9375,0.98,0.9571,0.9389,0.9084,0.9233,0.9203,0.912,0.9161,0.2496,0.7137,0.3697,0.6195,0.4785,0.5399,0.6302,0.8705,0.7299
5,10.0,lbfgs,500,balanced,0.7133,0.7167,0.697,0.6418,0.7133,0.6434,0.049,0.2212,0.2833,0.2867,-0.0034,0.1848,0.5121,0.2715,0.6596,0.3335,0.443,0.9309,0.98,0.954,0.9393,0.9086,0.9236,0.9207,0.9115,0.916,0.2485,0.7118,0.3684,0.6198,0.4787,0.5401,0.6307,0.8705,0.7303
5,1.0,lbfgs,500,balanced,0.7132,0.7162,0.6966,0.638,0.7132,0.6415,0.0489,0.2212,0.2838,0.2868,-0.003,0.184,0.5101,0.2703,0.661,0.3326,0.4425,0.9013,0.9867,0.9418,0.9383,0.908,0.9228,0.9197,0.9132,0.9164,0.2482,0.7059,0.3672,0.6185,0.4773,0.5387,0.6329,0.8717,0.7321
5,5.0,lbfgs,500,balanced,0.7128,0.7168,0.6971,0.6401,0.7128,0.6423,0.0489,0.2212,0.2832,0.2872,-0.004,0.1847,0.5121,0.2714,0.6603,0.3332,0.4429,0.9184,0.98,0.9475,0.9392,0.9091,0.9238,0.9203,0.9125,0.9163,0.2485,0.7079,0.3678,0.6199,0.4783,0.5398,0.6294,0.8693,0.7289
9,5.0,saga,1000,,0.7113,0.7122,0.813,0.7612,0.7113,0.722,0.0325,0.1802,0.2878,0.2887,-0.0009,0.4374,0.1164,0.1825,0.6153,0.6472,0.6304,0.9653,0.9186,0.9411,0.9495,0.9327,0.9411,0.9165,0.9532,0.9344,0.6922,0.5196,0.5925,0.7259,0.8182,0.7691,0.7878,0.7842,0.7852
9,50.0,saga,1000,,0.7113,0.7127,0.8126,0.7595,0.7113,0.7215,0.0324,0.1801,0.2873,0.2887,-0.0014,0.4323,0.1164,0.1817,0.615,0.6457,0.6295,0.959,0.9186,0.9379,0.9495,0.9329,0.9411,0.9162,0.953,0.9342,0.692,0.5235,0.5949,0.7257,0.8176,0.7688,0.7866,0.783,0.784
9,10.0,saga,1000,,0.7113,0.7125,0.813,0.7604,0.7113,0.7215,0.0324,0.1802,0.2875,0.2887,-0.0012,0.439,0.1164,0.1824,0.6157,0.6472,0.6306,0.959,0.9186,0.9379,0.9496,0.9329,0.9412,0.9165,0.9535,0.9346,0.6906,0.5196,0.5919,0.7259,0.818,0.7691,0.7868,0.7842,0.7848
8,50.0,lbfgs,1000,,0.7096,0.7131,0.8082,0.7535,0.7096,0.7174,0.033,0.1816,0.2869,0.2904,-0.0034,0.4258,0.1093,0.173,0.6073,0.6397,0.6228,0.9752,0.9662,0.9694,0.949,0.9311,0.9399,0.907,0.9438,0.925,0.6589,0.4922,0.563,0.7237,0.8166,0.7673,0.7808,0.7782,0.7784
9,10.0,saga,500,,0.7092,0.7089,0.8124,0.7585,0.7092,0.72,0.0325,0.1803,0.2911,0.2908,0.0002,0.4323,0.1164,0.182,0.6144,0.6439,0.6283,0.9645,0.9048,0.9331,0.9498,0.933,0.9414,0.9163,0.9535,0.9345,0.6797,0.5196,0.5877,0.7257,0.818,0.769,0.7856,0.7842,0.7838
8,10.0,lbfgs,500,,0.709,0.712,0.808,0.7529,0.709,0.7162,0.033,0.1816,0.288,0.291,-0.003,0.427,0.1063,0.1688,0.607,0.64,0.6227,0.9689,0.9662,0.9662,0.9485,0.9311,0.9397,0.9069,0.9436,0.9249,0.6579,0.4902,0.5612,0.723,0.8162,0.7667,0.7836,0.7782,0.7798
9,5.0,saga,500,,0.7088,0.7095,0.8124,0.76,0.7088,0.7203,0.0325,0.1803,0.2905,0.2912,-0.0007,0.4363,0.1174,0.1836,0.6146,0.6439,0.6284,0.9714,0.9048,0.9364,0.9496,0.9327,0.9411,0.9163,0.954,0.9347,0.6828,0.5176,0.5875,0.7251,0.818,0.7686,0.784,0.7818,0.7818
8,5.0,lbfgs,500,,0.7087,0.7112,0.8078,0.7533,0.7087,0.7167,0.033,0.1816,0.2888,0.2913,-0.0024,0.4201,0.1053,0.1672,0.6072,0.6388,0.6223,0.9752,0.9595,0.9661,0.9487,0.9306,0.9395,0.9063,0.9438,0.9247,0.6626,0.4961,0.5666,0.7224,0.8164,0.7664,0.784,0.7794,0.7805
7,10.0,lbfgs,1000,,0.7077,0.7093,0.8038,0.7463,0.7077,0.7143,0.0335,0.1831,0.2907,0.2923,-0.0016,0.3963,0.1103,0.1709,0.6059,0.6313,0.6182,0.9559,0.9662,0.9597,0.9491,0.9305,0.9397,0.9064,0.9453,0.9254,0.6664,0.5,0.57,0.7095,0.8021,0.7529,0.7813,0.7758,0.7773
7,10.0,lbfgs,500,,0.7077,0.7093,0.8038,0.7463,0.7077,0.7143,0.0335,0.1831,0.2907,0.2923,-0.0016,0.3963,0.1103,0.1709,0.6059,0.6313,0.6182,0.9559,0.9662,0.9597,0.9491,0.9305,0.9397,0.9064,0.9453,0.9254,0.6664,0.5,0.57,0.7095,0.8021,0.7529,0.7813,0.7758,0.7773
7,5.0,lbfgs,1000,,0.7074,0.7092,0.8035,0.7472,0.7074,0.7144,0.0335,0.1831,0.2908,0.2926,-0.0018,0.3961,0.1093,0.1695,0.6054,0.6309,0.6178,0.9618,0.9662,0.9629,0.9486,0.9301,0.9393,0.906,0.9453,0.9252,0.6681,0.5,0.5706,0.7091,0.8017,0.7525,0.7821,0.7758,0.7778
8,10.0,saga,1000,,0.704,0.7042,0.8078,0.7516,0.704,0.7135,0.0331,0.1819,0.2958,0.296,-0.0002,0.4247,0.1083,0.1715,0.608,0.6394,0.623,0.9655,0.9253,0.9444,0.9487,0.9308,0.9396,0.9068,0.9443,0.9251,0.6599,0.4902,0.5619,0.7228,0.8166,0.7668,0.7765,0.777,0.7756
8,5.0,saga,1000,,0.704,0.704,0.8078,0.7523,0.704,0.7137,0.0331,0.1819,0.296,0.296,0.0001,0.4243,0.1073,0.1701,0.6078,0.6394,0.6229,0.9721,0.9253,0.9476,0.9488,0.9308,0.9397,0.9068,0.9443,0.9251,0.6583,0.4902,0.5613,0.7229,0.817,0.767,0.7768,0.7782,0.7763
7,1.0,lbfgs,500,,0.7021,0.7047,0.8035,0.7511,0.7021,0.7124,0.0336,0.1832,0.2953,0.2979,-0.0026,0.4008,0.1083,0.1691,0.6054,0.6325,0.6185,0.9869,0.9529,0.9685,0.9479,0.9308,0.9392,0.9055,0.9463,0.9254,0.679,0.4667,0.5516,0.709,0.8027,0.7528,0.7747,0.777,0.7742
7,50.0,saga,1000,,0.7018,0.7018,0.8033,0.7474,0.7018,0.7121,0.0336,0.1833,0.2982,0.2982,0.0,0.3946,0.1113,0.1721,0.6054,0.6307,0.6176,0.9716,0.9184,0.9437,0.9482,0.9303,0.9391,0.9062,0.9448,0.925,0.6681,0.5,0.5706,0.7094,0.8017,0.7527,0.7762,0.777,0.7755
7,10.0,saga,1000,,0.7014,0.7015,0.8032,0.747,0.7014,0.7116,0.0336,0.1833,0.2985,0.2986,-0.0001,0.3925,0.1103,0.1707,0.605,0.6303,0.6173,0.9716,0.9184,0.9437,0.9482,0.9303,0.9391,0.9062,0.945,0.9252,0.6673,0.498,0.569,0.7093,0.8017,0.7526,0.7762,0.777,0.7755
8,5.0,saga,500,,0.6985,0.6999,0.8074,0.7512,0.6985,0.7102,0.0331,0.182,0.3001,0.3015,-0.0015,0.4269,0.1083,0.1717,0.607,0.6391,0.6223,0.9702,0.891,0.9282,0.9484,0.9309,0.9396,0.9068,0.9448,0.9254,0.656,0.4843,0.5562,0.7234,0.8172,0.7673,0.7711,0.7722,0.7704
5,0.01,saga,500,balanced,0.6965,0.6996,0.6836,0.606,0.6965,0.6139,0.0513,0.2264,0.3004,0.3035,-0.0031,0.1739,0.4889,0.2565,0.6657,0.3047,0.418,0.7281,1.0,0.8419,0.9145,0.9051,0.9098,0.8978,0.9241,0.9107,0.2311,0.6647,0.3429,0.6136,0.4486,0.5181,0.6232,0.8357,0.7136
5,0.01,saga,1000,balanced,0.6965,0.6996,0.6836,0.606,0.6965,0.6139,0.0513,0.2264,0.3004,0.3035,-0.0031,0.1739,0.4889,0.2565,0.6657,0.3047,0.418,0.7281,1.0,0.8419,0.9145,0.9051,0.9098,0.8978,0.9241,0.9107,0.2311,0.6647,0.3429,0.6136,0.4486,0.5181,0.6232,0.8357,0.7136
7,50.0,saga,500,,0.6946,0.6976,0.8031,0.7475,0.6946,0.7077,0.0336,0.1834,0.3024,0.3054,-0.003,0.39,0.1103,0.1706,0.6049,0.6315,0.6177,0.9699,0.8706,0.9162,0.9488,0.9306,0.9396,0.9064,0.9453,0.9254,0.6868,0.4902,0.5702,0.7097,0.8027,0.7533,0.7638,0.7758,0.7683
8,1.0,saga,500,,0.6941,0.6979,0.8067,0.7507,0.6941,0.7066,0.0332,0.1821,0.3021,0.3059,-0.0038,0.4236,0.1012,0.1622,0.6067,0.6388,0.622,0.9699,0.8708,0.9168,0.9484,0.9303,0.9392,0.9062,0.9448,0.9251,0.6634,0.4765,0.5533,0.7212,0.818,0.7664,0.7661,0.7722,0.768
9,0.1,saga,1000,,0.6826,0.6835,0.8084,0.7624,0.6826,0.6991,0.0332,0.1822,0.3165,0.3174,-0.0009,0.4327,0.0709,0.1208,0.6113,0.6442,0.6269,0.9935,0.8439,0.91,0.9461,0.9317,0.9388,0.9104,0.9547,0.932,0.7247,0.4235,0.5332,0.7144,0.8246,0.7654,0.7659,0.7674,0.766
9,0.1,lbfgs,1000,,0.6822,0.6836,0.8082,0.7618,0.6822,0.6987,0.0332,0.1822,0.3164,0.3178,-0.0013,0.4306,0.0709,0.1207,0.611,0.6433,0.6263,0.9935,0.8439,0.91,0.9459,0.9318,0.9388,0.9104,0.9547,0.932,0.724,0.4216,0.5315,0.7144,0.8244,0.7653,0.764,0.7674,0.7651
9,0.1,saga,500,,0.6818,0.6819,0.8084,0.7624,0.6818,0.6986,0.0333,0.1823,0.3181,0.3182,-0.0001,0.4327,0.0709,0.1208,0.6115,0.6442,0.627,0.9935,0.837,0.9058,0.9459,0.9317,0.9387,0.9104,0.9547,0.932,0.7247,0.4235,0.5332,0.7145,0.8248,0.7656,0.7659,0.7674,0.766
8,0.1,saga,500,,0.6756,0.6776,0.804,0.7558,0.6756,0.6922,0.0337,0.1836,0.3224,0.3244,-0.002,0.4296,0.0699,0.1195,0.6039,0.6345,0.6185,0.9935,0.837,0.9058,0.945,0.9298,0.9373,0.9022,0.9467,0.9239,0.7007,0.402,0.5093,0.7118,0.8248,0.7641,0.7597,0.7602,0.7592
4,1.0,lbfgs,1000,balanced,0.6658,0.669,0.6594,0.5675,0.6658,0.5785,0.0526,0.2294,0.331,0.3342,-0.0033,0.1594,0.4767,0.2388,0.5591,0.2649,0.3593,0.6313,0.9318,0.7516,0.923,0.8939,0.9081,0.9037,0.9103,0.907,0.2134,0.6431,0.3202,0.5842,0.4104,0.4821,0.5656,0.795,0.6607
4,50.0,saga,500,balanced,0.6658,0.6693,0.6593,0.5672,0.6658,0.5784,0.0526,0.2294,0.3307,0.3342,-0.0035,0.1593,0.4767,0.2387,0.555,0.2643,0.358,0.6309,0.9318,0.7515,0.9234,0.8937,0.9082,0.9048,0.9103,0.9075,0.2129,0.6431,0.3197,0.5852,0.4104,0.4824,0.5657,0.7962,0.6611
4,1.0,lbfgs,500,balanced,0.6658,0.669,0.6594,0.5675,0.6658,0.5785,0.0526,0.2294,0.331,0.3342,-0.0033,0.1594,0.4767,0.2388,0.5591,0.2649,0.3593,0.6313,0.9318,0.7516,0.923,0.8939,0.9081,0.9037,0.9103,0.907,0.2134,0.6431,0.3202,0.5842,0.4104,0.4821,0.5656,0.795,0.6607
4,5.0,saga,500,balanced,0.6657,0.6693,0.6592,0.5672,0.6657,0.5783,0.0526,0.2294,0.3307,0.3343,-0.0035,0.1592,0.4767,0.2386,0.5558,0.264,0.3579,0.6309,0.9318,0.7515,0.9234,0.8937,0.9082,0.9046,0.9103,0.9074,0.2126,0.6431,0.3194,0.5851,0.4102,0.4822,0.5657,0.7962,0.6611
4,10.0,saga,1000,balanced,0.6657,0.6694,0.6592,0.5671,0.6657,0.5783,0.0526,0.2294,0.3306,0.3343,-0.0038,0.1594,0.4767,0.2388,0.5559,0.2649,0.3587,0.6309,0.9318,0.7515,0.9234,0.8937,0.9082,0.9046,0.9101,0.9073,0.2127,0.6431,0.3195,0.5849,0.4102,0.4821,0.5652,0.795,0.6603
4,1.0,saga,500,balanced,0.6657,0.669,0.6594,0.5675,0.6657,0.5787,0.0526,0.2294,0.331,0.3343,-0.0033,0.1593,0.4767,0.2388,0.5574,0.2646,0.3587,0.6332,0.9318,0.7532,0.9232,0.8937,0.9082,0.904,0.9108,0.9073,0.2132,0.6412,0.3198,0.5843,0.4106,0.4822,0.5657,0.7962,0.6611
4,10.0,lbfgs,500,balanced,0.6656,0.669,0.6592,0.5675,0.6656,0.5785,0.0526,0.2294,0.331,0.3344,-0.0035,0.1591,0.4757,0.2384,0.5563,0.2649,0.3588,0.6341,0.9318,0.7536,0.9232,0.8937,0.9082,0.9044,0.9103,0.9073,0.2126,0.6431,0.3194,0.5848,0.4102,0.4821,0.5656,0.795,0.6606
4,5.0,saga,1000,balanced,0.6656,0.6694,0.6592,0.5671,0.6656,0.5782,0.0526,0.2294,0.3306,0.3344,-0.0037,0.1593,0.4767,0.2387,0.5564,0.2646,0.3585,0.6309,0.9318,0.7515,0.9234,0.8937,0.9082,0.9046,0.9103,0.9074,0.2125,0.6431,0.3192,0.5848,0.41,0.482,0.5652,0.795,0.6603
4,50.0,lbfgs,500,balanced,0.6655,0.6691,0.6593,0.5675,0.6655,0.5785,0.0526,0.2294,0.3309,0.3345,-0.0036,0.1595,0.4767,0.239,0.5568,0.2655,0.3594,0.6341,0.9318,0.7536,0.9233,0.8939,0.9083,0.9043,0.9099,0.907,0.2123,0.6412,0.3187,0.5847,0.4102,0.4821,0.5646,0.795,0.66
4,50.0,saga,1000,balanced,0.6655,0.6693,0.6593,0.567,0.6655,0.5782,0.0526,0.2294,0.3307,0.3345,-0.0038,0.1594,0.4767,0.2389,0.5555,0.2649,0.3586,0.6309,0.9318,0.7515,0.9234,0.8937,0.9082,0.9048,0.9101,0.9074,0.2122,0.6412,0.3187,0.5853,0.4106,0.4826,0.5647,0.795,0.66
4,50.0,lbfgs,1000,balanced,0.6655,0.6691,0.6593,0.5675,0.6655,0.5785,0.0526,0.2294,0.3309,0.3345,-0.0036,0.1595,0.4767,0.239,0.5568,0.2655,0.3594,0.6341,0.9318,0.7536,0.9233,0.8939,0.9083,0.9043,0.9099,0.907,0.2123,0.6412,0.3187,0.5847,0.4102,0.4821,0.5646,0.795,0.66
4,0.1,saga,1000,balanced,0.6645,0.6675,0.658,0.5694,0.6645,0.5786,0.0527,0.2295,0.3325,0.3355,-0.003,0.1552,0.4696,0.2332,0.5735,0.2646,0.3619,0.6488,0.9453,0.7682,0.9205,0.8957,0.9079,0.9009,0.9128,0.9068,0.2083,0.6294,0.3129,0.5797,0.4024,0.4749,0.5679,0.7962,0.6626
4,0.1,saga,500,balanced,0.6645,0.6675,0.658,0.5694,0.6645,0.5786,0.0527,0.2295,0.3325,0.3355,-0.003,0.1552,0.4696,0.2332,0.5735,0.2646,0.3619,0.6488,0.9453,0.7682,0.9205,0.8957,0.9079,0.9009,0.9128,0.9068,0.2083,0.6294,0.3129,0.5797,0.4024,0.4749,0.5679,0.7962,0.6626
7,0.1,saga,1000,,0.664,0.6655,0.7994,0.7563,0.664,0.682,0.0343,0.1853,0.3345,0.336,-0.0016,0.4158,0.077,0.1286,0.5997,0.6394,0.6187,0.9935,0.837,0.9058,0.9444,0.93,0.9372,0.9035,0.9492,0.9257,0.7436,0.3118,0.4358,0.6987,0.8075,0.7491,0.7517,0.7602,0.7552
4,0.01,saga,1000,balanced,0.661,0.6623,0.6542,0.5677,0.661,0.5746,0.0537,0.2317,0.3377,0.339,-0.0014,0.1516,0.4696,0.2292,0.5953,0.2562,0.3581,0.6624,0.9795,0.788,0.912,0.9018,0.9068,0.8866,0.9219,0.9039,0.1998,0.5882,0.2982,0.574,0.3801,0.4572,0.5602,0.7902,0.6553
4,0.01,lbfgs,1000,balanced,0.661,0.6621,0.6542,0.5679,0.661,0.5746,0.0537,0.2317,0.3379,0.339,-0.0011,0.1516,0.4696,0.2292,0.597,0.2562,0.3584,0.6624,0.9795,0.788,0.9119,0.9015,0.9066,0.8865,0.9222,0.9039,0.1997,0.5882,0.2982,0.5736,0.3803,0.4573,0.5602,0.7902,0.6553
6,50.0,lbfgs,500,,0.6594,0.6619,0.761,0.74,0.6594,0.6655,0.04,0.2,0.3381,0.3406,-0.0025,0.4891,0.0213,0.0406,0.5439,0.4527,0.4939,0.968,0.9595,0.9628,0.9277,0.9245,0.9261,0.8985,0.9441,0.9207,0.7206,0.4235,0.5321,0.5894,0.77,0.6677,0.7831,0.7794,0.7802
6,50.0,lbfgs,1000,,0.6594,0.6619,0.761,0.74,0.6594,0.6655,0.04,0.2,0.3381,0.3406,-0.0025,0.4891,0.0213,0.0406,0.5439,0.4527,0.4939,0.968,0.9595,0.9628,0.9277,0.9245,0.9261,0.8985,0.9441,0.9207,0.7206,0.4235,0.5321,0.5894,0.77,0.6677,0.7831,0.7794,0.7802
6,5.0,lbfgs,1000,,0.6592,0.6606,0.7609,0.7366,0.6592,0.6655,0.04,0.2,0.3394,0.3408,-0.0014,0.4539,0.0192,0.0368,0.5449,0.4527,0.4944,0.9737,0.9595,0.9658,0.928,0.9245,0.9262,0.898,0.9443,0.9206,0.7193,0.4216,0.5301,0.5887,0.77,0.6672,0.7865,0.7818,0.7831
6,50.0,saga,1000,,0.6531,0.6548,0.7608,0.7379,0.6531,0.6627,0.0401,0.2002,0.3452,0.3469,-0.0017,0.4567,0.0202,0.0387,0.545,0.453,0.4946,0.9875,0.9055,0.9425,0.928,0.9245,0.9262,0.8985,0.9446,0.9209,0.7193,0.4216,0.5301,0.5888,0.7698,0.6672,0.7795,0.7854,0.7815
3,0.01,lbfgs,1000,balanced,0.6506,0.6506,0.6515,0.56,0.6506,0.5666,0.0541,0.2327,0.3494,0.3494,-0.0,0.1497,0.4625,0.2262,0.6033,0.2607,0.3639,0.6309,0.9795,0.7661,0.9091,0.9006,0.9047,0.8852,0.9205,0.9024,0.1826,0.5235,0.2707,0.5679,0.3781,0.4539,0.5512,0.7794,0.6453
3,0.01,saga,500,balanced,0.6505,0.651,0.6514,0.5598,0.6505,0.5665,0.0541,0.2327,0.349,0.3495,-0.0005,0.1497,0.4625,0.2262,0.6021,0.2604,0.3634,0.6309,0.9795,0.7661,0.9092,0.9006,0.9048,0.8852,0.9205,0.9024,0.1826,0.5235,0.2707,0.5678,0.3779,0.4537,0.5508,0.7794,0.645
3,0.01,saga,1000,balanced,0.6505,0.651,0.6514,0.5598,0.6505,0.5665,0.0541,0.2327,0.349,0.3495,-0.0005,0.1497,0.4625,0.2262,0.6021,0.2604,0.3634,0.6309,0.9795,0.7661,0.9092,0.9006,0.9048,0.8852,0.9205,0.9024,0.1826,0.5235,0.2707,0.5678,0.3779,0.4537,0.5508,0.7794,0.645
3,0.1,lbfgs,1000,balanced,0.6468,0.6509,0.6518,0.5608,0.6468,0.5668,0.0534,0.231,0.3491,0.3532,-0.0041,0.149,0.4554,0.2245,0.5933,0.2697,0.3707,0.6201,0.9253,0.7415,0.9177,0.8943,0.9058,0.8992,0.9103,0.9047,0.1805,0.5451,0.2711,0.5645,0.3901,0.4613,0.5621,0.7842,0.6546
3,0.1,lbfgs,500,balanced,0.6468,0.6509,0.6518,0.5608,0.6468,0.5668,0.0534,0.231,0.3491,0.3532,-0.0041,0.149,0.4554,0.2245,0.5933,0.2697,0.3707,0.6201,0.9253,0.7415,0.9177,0.8943,0.9058,0.8992,0.9103,0.9047,0.1805,0.5451,0.2711,0.5645,0.3901,0.4613,0.5621,0.7842,0.6546
3,5.0,saga,500,balanced,0.6458,0.6502,0.6516,0.5588,0.6458,0.5653,0.0534,0.231,0.3498,0.3542,-0.0045,0.1496,0.4544,0.225,0.5905,0.2715,0.3719,0.6042,0.9184,0.7282,0.9192,0.8934,0.9061,0.9011,0.9079,0.9045,0.18,0.549,0.2711,0.5629,0.3919,0.4621,0.5627,0.7794,0.6533
3,10.0,lbfgs,1000,balanced,0.6458,0.6499,0.6515,0.5586,0.6458,0.565,0.0534,0.231,0.3501,0.3542,-0.0041,0.1495,0.4554,0.2251,0.5909,0.2715,0.372,0.6014,0.9184,0.7262,0.9194,0.8934,0.9061,0.9013,0.9079,0.9046,0.1798,0.549,0.2708,0.5632,0.3913,0.4617,0.5632,0.7794,0.6536
3,50.0,saga,500,balanced,0.6458,0.6502,0.6516,0.5588,0.6458,0.5653,0.0534,0.231,0.3498,0.3542,-0.0044,0.1495,0.4544,0.225,0.5907,0.2718,0.3722,0.6042,0.9184,0.7282,0.9191,0.8934,0.906,0.9011,0.9079,0.9045,0.18,0.549,0.2711,0.5631,0.3917,0.462,0.5627,0.7794,0.6533
3,5.0,saga,1000,balanced,0.6458,0.6502,0.6516,0.5588,0.6458,0.5653,0.0534,0.231,0.3498,0.3542,-0.0045,0.1496,0.4544,0.225,0.5905,0.2715,0.3719,0.6042,0.9184,0.7282,0.9192,0.8934,0.9061,0.9011,0.9079,0.9045,0.18,0.549,0.2711,0.5629,0.3919,0.4621,0.5627,0.7794,0.6533
3,1.0,saga,1000,balanced,0.6458,0.6502,0.6516,0.5588,0.6458,0.5652,0.0534,0.231,0.3498,0.3542,-0.0045,0.1495,0.4544,0.2249,0.5913,0.2715,0.372,0.6042,0.9184,0.7282,0.9191,0.8936,0.9061,0.9013,0.9082,0.9047,0.1802,0.549,0.2712,0.563,0.3917,0.4619,0.5622,0.7794,0.653
6,10.0,saga,500,,0.6442,0.6454,0.7599,0.7368,0.6442,0.6564,0.0402,0.2004,0.3546,0.3558,-0.0012,0.44,0.0202,0.0386,0.5432,0.453,0.4939,0.9875,0.8713,0.9231,0.9279,0.9245,0.9262,0.8986,0.9453,0.9213,0.7351,0.3843,0.5032,0.5876,0.7704,0.6667,0.7743,0.7842,0.7783
6,1.0,saga,1000,,0.6441,0.647,0.7596,0.7395,0.6441,0.656,0.0402,0.2004,0.353,0.3559,-0.0029,0.448,0.0182,0.0349,0.5425,0.4539,0.4941,0.9935,0.8846,0.9336,0.9273,0.9242,0.9257,0.8977,0.945,0.9207,0.7462,0.3725,0.4951,0.5871,0.77,0.6662,0.7735,0.7842,0.7779
6,1.0,saga,500,,0.6384,0.64,0.7592,0.7391,0.6384,0.652,0.0402,0.2006,0.36,0.3616,-0.0016,0.448,0.0182,0.0349,0.5423,0.4539,0.494,0.9871,0.8439,0.9073,0.9272,0.9242,0.9257,0.8977,0.9453,0.9209,0.755,0.3667,0.4914,0.5866,0.7698,0.6658,0.7689,0.7854,0.7763
6,0.1,lbfgs,500,,0.6136,0.6144,0.7549,0.7044,0.6136,0.6228,0.0409,0.2021,0.3856,0.3864,-0.0008,0.2,0.001,0.002,0.5388,0.4506,0.4906,0.992,0.8375,0.9069,0.9238,0.9245,0.9241,0.8926,0.9496,0.9202,0.7472,0.1941,0.3068,0.5813,0.7718,0.6631,0.7592,0.7794,0.7683
6,0.1,saga,500,,0.6099,0.6096,0.7546,0.7035,0.6099,0.6205,0.0409,0.2023,0.3904,0.3901,0.0003,0.2,0.001,0.002,0.5386,0.4506,0.4905,1.0,0.8099,0.8927,0.9237,0.9246,0.9241,0.8924,0.9496,0.9201,0.7371,0.1941,0.3059,0.5813,0.7714,0.6629,0.7552,0.7782,0.7658
5,50.0,lbfgs,500,,0.6099,0.6122,0.7496,0.6198,0.6099,0.601,0.0419,0.2047,0.3878,0.3901,-0.0024,0.0333,0.001,0.002,0.5315,0.4554,0.4904,0.9678,0.9598,0.9627,0.9192,0.9236,0.9213,0.8977,0.9475,0.9219,0.2618,0.0451,0.0769,0.5756,0.7587,0.6545,0.7719,0.7878,0.7787
5,50.0,lbfgs,1000,,0.6099,0.6122,0.7496,0.6198,0.6099,0.601,0.0419,0.2047,0.3878,0.3901,-0.0024,0.0333,0.001,0.002,0.5315,0.4554,0.4904,0.9678,0.9598,0.9627,0.9192,0.9236,0.9213,0.8977,0.9475,0.9219,0.2618,0.0451,0.0769,0.5756,0.7587,0.6545,0.7719,0.7878,0.7787
5,1.0,lbfgs,1000,,0.6095,0.6103,0.7496,0.6215,0.6095,0.6015,0.0419,0.2047,0.3897,0.3905,-0.0008,0.04,0.001,0.002,0.5322,0.4548,0.4903,0.9869,0.9531,0.9687,0.9186,0.9232,0.9208,0.8975,0.9477,0.9219,0.2495,0.0412,0.0706,0.575,0.7589,0.6543,0.7727,0.7962,0.7832
5,1.0,lbfgs,500,,0.6095,0.6103,0.7496,0.6215,0.6095,0.6015,0.0419,0.2047,0.3897,0.3905,-0.0008,0.04,0.001,0.002,0.5322,0.4548,0.4903,0.9869,0.9531,0.9687,0.9186,0.9232,0.9208,0.8975,0.9477,0.9219,0.2495,0.0412,0.0706,0.575,0.7589,0.6543,0.7727,0.7962,0.7832
5,10.0,saga,1000,,0.6052,0.607,0.7493,0.6202,0.6052,0.5992,0.0419,0.2048,0.393,0.3948,-0.0017,0.0333,0.001,0.002,0.5312,0.4548,0.4899,0.9935,0.9191,0.9536,0.9191,0.9233,0.9212,0.8981,0.9472,0.922,0.2443,0.0412,0.0704,0.5755,0.7589,0.6546,0.7662,0.7962,0.7799
5,10.0,saga,500,,0.6012,0.6018,0.7493,0.6199,0.6012,0.5967,0.042,0.2049,0.3982,0.3988,-0.0006,0.0333,0.001,0.002,0.5314,0.4551,0.4902,0.9935,0.8851,0.9346,0.9194,0.9236,0.9215,0.899,0.9472,0.9224,0.2467,0.0412,0.0705,0.5753,0.7589,0.6545,0.761,0.7974,0.7779
5,50.0,saga,500,,0.6003,0.6019,0.7492,0.6195,0.6003,0.5961,0.042,0.2049,0.3981,0.3997,-0.0016,0.0333,0.001,0.002,0.5312,0.4551,0.4901,0.9935,0.8784,0.9306,0.9194,0.9236,0.9215,0.8987,0.947,0.9222,0.2443,0.0412,0.0704,0.5754,0.7589,0.6546,0.76,0.7974,0.7774
5,0.1,lbfgs,500,,0.5921,0.5924,0.7482,0.6168,0.5921,0.5886,0.0421,0.2052,0.4076,0.4079,-0.0003,0.0667,0.001,0.002,0.5362,0.4473,0.4876,0.9917,0.8375,0.9069,0.9147,0.9233,0.9189,0.892,0.9511,0.9206,0.2035,0.0274,0.0481,0.5742,0.761,0.6545,0.7552,0.7878,0.7704
5,0.1,lbfgs,1000,,0.5921,0.5924,0.7482,0.6168,0.5921,0.5886,0.0421,0.2052,0.4076,0.4079,-0.0003,0.0667,0.001,0.002,0.5362,0.4473,0.4876,0.9917,0.8375,0.9069,0.9147,0.9233,0.9189,0.892,0.9511,0.9206,0.2035,0.0274,0.0481,0.5742,0.761,0.6545,0.7552,0.7878,0.7704
9,0.01,lbfgs,1000,,0.5771,0.5774,0.7888,0.6976,0.5771,0.5888,0.0374,0.1934,0.4226,0.4229,-0.0003,0.0,0.0,0.0,0.5983,0.596,0.5969,1.0,0.4726,0.6376,0.9259,0.9309,0.9284,0.8885,0.9619,0.9237,0.7789,0.0862,0.1535,0.6798,0.8319,0.7481,0.7098,0.7374,0.7225
9,0.01,lbfgs,500,,0.5771,0.5774,0.7888,0.6976,0.5771,0.5888,0.0374,0.1934,0.4226,0.4229,-0.0003,0.0,0.0,0.0,0.5983,0.596,0.5969,1.0,0.4726,0.6376,0.9259,0.9309,0.9284,0.8885,0.9619,0.9237,0.7789,0.0862,0.1535,0.6798,0.8319,0.7481,0.7098,0.7374,0.7225
8,0.01,lbfgs,500,,0.5754,0.5765,0.7872,0.6943,0.5754,0.5868,0.0376,0.194,0.4235,0.4246,-0.0011,0.0,0.0,0.0,0.5949,0.5939,0.5941,1.0,0.4726,0.6376,0.9246,0.9305,0.9275,0.8842,0.9585,0.9198,0.7619,0.0823,0.1469,0.6806,0.8303,0.7479,0.7082,0.735,0.7206
8,0.01,saga,1000,,0.5743,0.5745,0.7871,0.6938,0.5743,0.5858,0.0376,0.1941,0.4255,0.4257,-0.0002,0.0,0.0,0.0,0.595,0.5942,0.5943,1.0,0.466,0.6325,0.9246,0.9305,0.9275,0.8842,0.9585,0.9198,0.7582,0.0804,0.1438,0.6805,0.8303,0.7479,0.7075,0.735,0.7202
8,0.01,saga,500,,0.5743,0.5745,0.7871,0.6938,0.5743,0.5858,0.0376,0.1941,0.4255,0.4257,-0.0002,0.0,0.0,0.0,0.595,0.5942,0.5943,1.0,0.466,0.6325,0.9246,0.9305,0.9275,0.8842,0.9585,0.9198,0.7582,0.0804,0.1438,0.6805,0.8303,0.7479,0.7075,0.735,0.7202
4,10.0,lbfgs,500,,0.5704,0.5707,0.729,0.5789,0.5704,0.5599,0.0452,0.2126,0.4293,0.4296,-0.0003,0.1917,0.0061,0.0117,0.4788,0.3709,0.4179,0.9256,0.8099,0.861,0.899,0.9127,0.9058,0.875,0.9516,0.9117,0.0,0.0,0.0,0.5597,0.7497,0.6409,0.7012,0.7626,0.7301
4,50.0,lbfgs,500,,0.5704,0.5709,0.729,0.5787,0.5704,0.5598,0.0452,0.2126,0.4291,0.4296,-0.0005,0.1917,0.0061,0.0117,0.4788,0.3709,0.4179,0.9256,0.8099,0.861,0.8991,0.9127,0.9058,0.875,0.9513,0.9115,0.0,0.0,0.0,0.5596,0.7497,0.6408,0.7003,0.7626,0.7296
4,10.0,saga,1000,,0.5702,0.5697,0.7293,0.5814,0.5702,0.5607,0.0452,0.2126,0.4303,0.4298,0.0005,0.1917,0.0061,0.0117,0.4796,0.3712,0.4183,0.9456,0.803,0.8654,0.899,0.9127,0.9058,0.8748,0.9516,0.9116,0.0,0.0,0.0,0.5599,0.7499,0.6411,0.7007,0.7674,0.732
4,1.0,saga,1000,,0.5699,0.5689,0.7292,0.5794,0.5699,0.5607,0.0452,0.2126,0.4311,0.4301,0.001,0.1702,0.0051,0.0098,0.4792,0.3709,0.418,0.9523,0.803,0.8687,0.8989,0.9127,0.9057,0.8747,0.9518,0.9116,0.0,0.0,0.0,0.5598,0.7499,0.641,0.6997,0.7662,0.7309
4,5.0,lbfgs,500,,0.5698,0.5707,0.729,0.5777,0.5698,0.5589,0.0452,0.2126,0.4293,0.4302,-0.0009,0.1917,0.0061,0.0117,0.479,0.3706,0.4177,0.916,0.803,0.853,0.899,0.9127,0.9058,0.8748,0.9516,0.9116,0.0,0.0,0.0,0.5596,0.7495,0.6408,0.7011,0.765,0.7311
4,5.0,saga,500,,0.5694,0.5682,0.7292,0.5821,0.5694,0.5606,0.0453,0.2127,0.4318,0.4306,0.0012,0.1917,0.0061,0.0117,0.4794,0.3712,0.4183,0.952,0.7963,0.8647,0.899,0.9129,0.9058,0.8748,0.9516,0.9116,0.0,0.0,0.0,0.5599,0.7499,0.6411,0.6998,0.7674,0.7316
4,1.0,saga,500,,0.5693,0.5681,0.7291,0.5793,0.5693,0.5603,0.0453,0.2127,0.4319,0.4307,0.0011,0.1702,0.0051,0.0098,0.479,0.3709,0.418,0.952,0.7963,0.8647,0.8989,0.9127,0.9057,0.8749,0.9518,0.9117,0.0,0.0,0.0,0.5598,0.7499,0.641,0.6998,0.7674,0.7316
3,5.0,lbfgs,1000,,0.5676,0.5682,0.7278,0.553,0.5676,0.5564,0.0455,0.2133,0.4318,0.4324,-0.0006,0.0,0.0,0.0,0.4776,0.3712,0.4176,0.9246,0.8032,0.8568,0.8965,0.9116,0.904,0.8727,0.9516,0.9104,0.0,0.0,0.0,0.5592,0.7481,0.64,0.6933,0.7554,0.7223
3,5.0,lbfgs,500,,0.5676,0.5682,0.7278,0.553,0.5676,0.5564,0.0455,0.2133,0.4318,0.4324,-0.0006,0.0,0.0,0.0,0.4776,0.3712,0.4176,0.9246,0.8032,0.8568,0.8965,0.9116,0.904,0.8727,0.9516,0.9104,0.0,0.0,0.0,0.5592,0.7481,0.64,0.6933,0.7554,0.7223
3,10.0,lbfgs,500,,0.5668,0.5686,0.7278,0.5528,0.5668,0.5558,0.0455,0.2133,0.4314,0.4332,-0.0018,0.0,0.0,0.0,0.4779,0.3715,0.4179,0.9237,0.7965,0.8525,0.8965,0.9116,0.904,0.8725,0.9516,0.9103,0.0,0.0,0.0,0.5593,0.7481,0.64,0.6925,0.7554,0.7219
3,10.0,lbfgs,1000,,0.5668,0.5686,0.7278,0.5528,0.5668,0.5558,0.0455,0.2133,0.4314,0.4332,-0.0018,0.0,0.0,0.0,0.4779,0.3715,0.4179,0.9237,0.7965,0.8525,0.8965,0.9116,0.904,0.8725,0.9516,0.9103,0.0,0.0,0.0,0.5593,0.7481,0.64,0.6925,0.7554,0.7219
3,1.0,saga,1000,,0.5662,0.5669,0.7278,0.5555,0.5662,0.5565,0.0455,0.2133,0.4331,0.4338,-0.0007,0.0,0.0,0.0,0.4771,0.3706,0.417,0.9447,0.7897,0.8571,0.8965,0.9116,0.904,0.8722,0.9518,0.9102,0.0,0.0,0.0,0.5593,0.7483,0.6401,0.6938,0.7578,0.7238
3,1.0,lbfgs,1000,,0.566,0.5673,0.7277,0.5537,0.566,0.5556,0.0455,0.2133,0.4327,0.434,-0.0013,0.0,0.0,0.0,0.4778,0.3712,0.4177,0.9311,0.7897,0.8508,0.8965,0.9116,0.904,0.8723,0.9516,0.9102,0.0,0.0,0.0,0.5592,0.7483,0.64,0.6925,0.7554,0.7219
3,10.0,saga,1000,,0.566,0.5678,0.7277,0.5527,0.566,0.5552,0.0455,0.2133,0.4322,0.434,-0.0019,0.0,0.0,0.0,0.4779,0.3715,0.4179,0.9237,0.7897,0.8478,0.8965,0.9116,0.904,0.8723,0.9516,0.9102,0.0,0.0,0.0,0.5594,0.7481,0.6401,0.6917,0.7554,0.7215
3,50.0,saga,1000,,0.566,0.5678,0.7277,0.5527,0.566,0.5552,0.0455,0.2133,0.4322,0.434,-0.0019,0.0,0.0,0.0,0.4779,0.3715,0.4179,0.9237,0.7897,0.8478,0.8965,0.9116,0.904,0.8723,0.9516,0.9102,0.0,0.0,0.0,0.5594,0.7481,0.6401,0.6917,0.7554,0.7215
3,5.0,saga,1000,,0.566,0.5678,0.7277,0.5527,0.566,0.5552,0.0455,0.2133,0.4322,0.434,-0.0019,0.0,0.0,0.0,0.4779,0.3715,0.4179,0.9237,0.7897,0.8478,0.8965,0.9116,0.904,0.8723,0.9516,0.9102,0.0,0.0,0.0,0.5594,0.7481,0.6401,0.6917,0.7554,0.7215
4,0.1,lbfgs,1000,,0.5653,0.5661,0.729,0.5721,0.5653,0.5577,0.0453,0.2128,0.4339,0.4347,-0.0008,0.1,0.001,0.002,0.4797,0.3661,0.4151,0.9663,0.7761,0.8574,0.8982,0.9136,0.9058,0.8704,0.9535,0.91,0.0,0.0,0.0,0.5593,0.7527,0.6418,0.703,0.759,0.7295
4,0.1,saga,1000,,0.5634,0.5657,0.7288,0.5719,0.5634,0.5563,0.0453,0.2129,0.4343,0.4366,-0.0023,0.1,0.001,0.002,0.4797,0.3657,0.4149,0.9659,0.7625,0.8479,0.8982,0.9136,0.9058,0.8701,0.9535,0.9098,0.0,0.0,0.0,0.5592,0.7527,0.6417,0.7019,0.7578,0.7284
7,0.01,lbfgs,500,,0.5626,0.5608,0.7816,0.6416,0.5626,0.5677,0.0385,0.1961,0.4392,0.4374,0.0018,0.0,0.0,0.0,0.5899,0.5879,0.5888,1.0,0.466,0.6325,0.9255,0.9314,0.9284,0.8831,0.9597,0.9199,0.3667,0.0137,0.0262,0.6644,0.8168,0.7327,0.703,0.7254,0.7133
7,0.01,lbfgs,1000,,0.5626,0.5608,0.7816,0.6416,0.5626,0.5677,0.0385,0.1961,0.4392,0.4374,0.0018,0.0,0.0,0.0,0.5899,0.5879,0.5888,1.0,0.466,0.6325,0.9255,0.9314,0.9284,0.8831,0.9597,0.9199,0.3667,0.0137,0.0262,0.6644,0.8168,0.7327,0.703,0.7254,0.7133
7,0.01,saga,500,,0.5616,0.56,0.7815,0.6406,0.5616,0.5665,0.0385,0.1961,0.44,0.4384,0.0016,0.0,0.0,0.0,0.5897,0.5879,0.5887,1.0,0.4591,0.6261,0.9254,0.9315,0.9284,0.8835,0.9597,0.9201,0.36,0.0118,0.0226,0.6645,0.8166,0.7326,0.7016,0.7266,0.7133
7,0.01,saga,1000,,0.5616,0.56,0.7815,0.6406,0.5616,0.5665,0.0385,0.1961,0.44,0.4384,0.0016,0.0,0.0,0.0,0.5897,0.5879,0.5887,1.0,0.4591,0.6261,0.9254,0.9315,0.9284,0.8835,0.9597,0.9201,0.36,0.0118,0.0226,0.6645,0.8166,0.7326,0.7016,0.7266,0.7133
3,0.1,saga,500,,0.5615,0.5629,0.7275,0.558,0.5615,0.5543,0.0456,0.2135,0.4371,0.4385,-0.0014,0.0,0.0,0.0,0.4783,0.3649,0.4138,0.9659,0.7556,0.8426,0.8958,0.9124,0.904,0.8685,0.953,0.9088,0.0,0.0,0.0,0.5584,0.7503,0.6402,0.6975,0.7554,0.7248
3,0.1,saga,1000,,0.5615,0.5629,0.7275,0.558,0.5615,0.5543,0.0456,0.2135,0.4371,0.4385,-0.0014,0.0,0.0,0.0,0.4783,0.3649,0.4138,0.9659,0.7556,0.8426,0.8958,0.9124,0.904,0.8685,0.953,0.9088,0.0,0.0,0.0,0.5584,0.7503,0.6402,0.6975,0.7554,0.7248
3,0.1,lbfgs,500,,0.5615,0.563,0.7276,0.5581,0.5615,0.5543,0.0456,0.2135,0.437,0.4385,-0.0015,0.0,0.0,0.0,0.4783,0.3649,0.4138,0.9659,0.7556,0.8426,0.8958,0.9124,0.904,0.8689,0.953,0.909,0.0,0.0,0.0,0.5586,0.7507,0.6405,0.6975,0.7554,0.7248
2,1.0,saga,1000,balanced,0.5415,0.5404,0.6091,0.4483,0.5415,0.4423,0.0616,0.2481,0.4596,0.4585,0.0011,0.1169,0.1882,0.1442,0.5082,0.2448,0.3301,0.1653,0.7899,0.2728,0.9207,0.8893,0.9047,0.8624,0.6495,0.7409,0.0964,0.3569,0.1517,0.6106,0.5412,0.5737,0.3059,0.6727,0.4205
2,1.0,saga,500,balanced,0.5415,0.5404,0.6091,0.4483,0.5415,0.4423,0.0616,0.2481,0.4596,0.4585,0.0011,0.1169,0.1882,0.1442,0.5082,0.2448,0.3301,0.1653,0.7899,0.2728,0.9207,0.8893,0.9047,0.8624,0.6495,0.7409,0.0964,0.3569,0.1517,0.6106,0.5412,0.5737,0.3059,0.6727,0.4205
2,1.0,lbfgs,500,balanced,0.5414,0.5404,0.6089,0.4482,0.5414,0.4422,0.0616,0.2481,0.4596,0.4586,0.0009,0.1161,0.1872,0.1433,0.5085,0.2448,0.3302,0.1653,0.7899,0.2728,0.9208,0.8892,0.9047,0.8624,0.6495,0.7409,0.0964,0.3569,0.1517,0.6103,0.5408,0.5734,0.3059,0.6727,0.4205
2,5.0,saga,500,balanced,0.5413,0.5403,0.6089,0.4482,0.5413,0.4422,0.0616,0.2481,0.4597,0.4587,0.001,0.1174,0.1893,0.1449,0.5082,0.2448,0.3301,0.1653,0.7899,0.2728,0.9206,0.8893,0.9046,0.8624,0.6495,0.7409,0.0963,0.3569,0.1515,0.6106,0.5406,0.5734,0.305,0.6703,0.4191
2,50.0,saga,1000,balanced,0.5412,0.5403,0.6087,0.4481,0.5412,0.442,0.0616,0.2481,0.4597,0.4588,0.0009,0.1173,0.1893,0.1448,0.5079,0.2445,0.3298,0.1653,0.7899,0.2728,0.9207,0.8891,0.9046,0.8627,0.6493,0.7408,0.0962,0.3569,0.1515,0.6103,0.5404,0.5731,0.3048,0.6703,0.419
2,50.0,saga,500,balanced,0.5412,0.5403,0.6087,0.4481,0.5412,0.442,0.0616,0.2481,0.4597,0.4588,0.0009,0.1173,0.1893,0.1448,0.5079,0.2445,0.3298,0.1653,0.7899,0.2728,0.9207,0.8891,0.9046,0.8627,0.6493,0.7408,0.0962,0.3569,0.1515,0.6103,0.5404,0.5731,0.3048,0.6703,0.419
2,10.0,saga,500,balanced,0.5412,0.5403,0.6088,0.4482,0.5412,0.4421,0.0616,0.2481,0.4597,0.4588,0.0009,0.1174,0.1893,0.1449,0.5082,0.2448,0.3301,0.1653,0.7899,0.2728,0.9207,0.8893,0.9047,0.8624,0.6493,0.7407,0.0963,0.3569,0.1515,0.6104,0.5404,0.5732,0.3048,0.6703,0.419
2,5.0,lbfgs,500,balanced,0.5411,0.5402,0.6087,0.448,0.5411,0.4419,0.0616,0.2481,0.4598,0.4589,0.0009,0.1165,0.1872,0.1436,0.5075,0.2441,0.3294,0.165,0.7899,0.2725,0.9207,0.8893,0.9047,0.8623,0.6491,0.7406,0.096,0.3569,0.1513,0.6103,0.5408,0.5734,0.3055,0.6715,0.4199
2,10.0,lbfgs,500,balanced,0.5408,0.5403,0.6085,0.4478,0.5408,0.4417,0.0616,0.2481,0.4597,0.4592,0.0005,0.1162,0.1872,0.1434,0.5072,0.2438,0.3291,0.165,0.7899,0.2725,0.9208,0.8892,0.9047,0.8623,0.6491,0.7406,0.096,0.3569,0.1512,0.61,0.5404,0.573,0.3051,0.6703,0.4193
2,50.0,lbfgs,1000,balanced,0.5407,0.5402,0.6083,0.4478,0.5407,0.4416,0.0616,0.2481,0.4598,0.4593,0.0005,0.1158,0.1872,0.1431,0.5079,0.2442,0.3295,0.165,0.7899,0.2725,0.9208,0.8888,0.9045,0.8623,0.6488,0.7404,0.0961,0.3569,0.1513,0.6098,0.54,0.5727,0.3048,0.6703,0.419
2,50.0,lbfgs,500,balanced,0.5407,0.5402,0.6083,0.4478,0.5407,0.4416,0.0616,0.2481,0.4598,0.4593,0.0005,0.1158,0.1872,0.1431,0.5079,0.2442,0.3295,0.165,0.7899,0.2725,0.9208,0.8888,0.9045,0.8623,0.6488,0.7404,0.0961,0.3569,0.1513,0.6098,0.54,0.5727,0.3048,0.6703,0.419
2,0.1,saga,1000,balanced,0.5398,0.5397,0.6096,0.4469,0.5398,0.4413,0.0616,0.2482,0.4603,0.4602,0.0001,0.1145,0.1802,0.14,0.5062,0.2466,0.3313,0.1635,0.7899,0.2703,0.9197,0.8905,0.9048,0.8613,0.6522,0.7422,0.096,0.351,0.1507,0.6107,0.5414,0.5739,0.3034,0.6667,0.417
2,0.1,saga,500,balanced,0.5398,0.5397,0.6096,0.4469,0.5398,0.4413,0.0616,0.2482,0.4603,0.4602,0.0001,0.1145,0.1802,0.14,0.5062,0.2466,0.3313,0.1635,0.7899,0.2703,0.9197,0.8905,0.9048,0.8613,0.6522,0.7422,0.096,0.351,0.1507,0.6107,0.5414,0.5739,0.3034,0.6667,0.417
2,0.01,saga,500,balanced,0.5386,0.538,0.6143,0.4431,0.5386,0.4396,0.0627,0.2503,0.462,0.4614,0.0007,0.1117,0.1559,0.1301,0.5032,0.2502,0.3339,0.1549,0.8099,0.2593,0.9074,0.8966,0.9019,0.8534,0.6683,0.7495,0.0985,0.3333,0.152,0.6141,0.5472,0.5787,0.3018,0.6475,0.4114
2,0.01,lbfgs,500,balanced,0.5386,0.5381,0.6141,0.4432,0.5386,0.4395,0.0627,0.2503,0.4619,0.4614,0.0005,0.1118,0.1569,0.1306,0.5036,0.2502,0.334,0.1549,0.8099,0.2593,0.9072,0.8968,0.9019,0.8534,0.6681,0.7494,0.0984,0.3333,0.1518,0.6141,0.546,0.578,0.3018,0.6475,0.4114
6,0.01,lbfgs,500,,0.5177,0.5175,0.7391,0.5986,0.5177,0.5202,0.044,0.2097,0.4825,0.4823,0.0002,0.0,0.0,0.0,0.5459,0.3967,0.4594,1.0,0.3372,0.496,0.8962,0.9233,0.9095,0.8688,0.9624,0.9132,0.2167,0.0059,0.0114,0.5673,0.7704,0.6534,0.6935,0.7458,0.7184
6,0.01,lbfgs,1000,,0.5177,0.5175,0.7391,0.5986,0.5177,0.5202,0.044,0.2097,0.4825,0.4823,0.0002,0.0,0.0,0.0,0.5459,0.3967,0.4594,1.0,0.3372,0.496,0.8962,0.9233,0.9095,0.8688,0.9624,0.9132,0.2167,0.0059,0.0114,0.5673,0.7704,0.6534,0.6935,0.7458,0.7184
6,0.01,saga,1000,,0.5169,0.5155,0.7391,0.5985,0.5169,0.5191,0.044,0.2097,0.4845,0.4831,0.0015,0.0,0.0,0.0,0.5457,0.3967,0.4593,1.0,0.3306,0.4879,0.8965,0.9233,0.9097,0.8688,0.9624,0.9132,0.2167,0.0059,0.0114,0.5674,0.7706,0.6535,0.6927,0.7458,0.718
6,0.01,saga,500,,0.5169,0.5155,0.7391,0.5985,0.5169,0.5191,0.044,0.2097,0.4845,0.4831,0.0015,0.0,0.0,0.0,0.5457,0.3967,0.4593,1.0,0.3306,0.4879,0.8965,0.9233,0.9097,0.8688,0.9624,0.9132,0.2167,0.0059,0.0114,0.5674,0.7706,0.6535,0.6927,0.7458,0.718
5,0.01,lbfgs,500,,0.516,0.5157,0.7385,0.571,0.516,0.5174,0.0443,0.2104,0.4843,0.484,0.0003,0.0,0.0,0.0,0.5472,0.3968,0.4599,1.0,0.3308,0.4881,0.8926,0.9229,0.9074,0.867,0.9631,0.9125,0.0,0.0,0.0,0.5685,0.7686,0.6535,0.6921,0.7458,0.7176
3,0.01,lbfgs,500,,0.4771,0.4757,0.7227,0.5559,0.4771,0.4666,0.0465,0.2157,0.5243,0.5229,0.0014,0.0,0.0,0.0,0.4927,0.3281,0.3938,1.0,0.1209,0.2001,0.8867,0.9173,0.9017,0.8507,0.9636,0.9036,0.0,0.0,0.0,0.5541,0.7627,0.6419,0.6627,0.7242,0.6918
3,0.01,lbfgs,1000,,0.4771,0.4757,0.7227,0.5559,0.4771,0.4666,0.0465,0.2157,0.5243,0.5229,0.0014,0.0,0.0,0.0,0.4927,0.3281,0.3938,1.0,0.1209,0.2001,0.8867,0.9173,0.9017,0.8507,0.9636,0.9036,0.0,0.0,0.0,0.5541,0.7627,0.6419,0.6627,0.7242,0.6918
4,0.01,saga,500,,0.4768,0.4789,0.7239,0.5572,0.4768,0.4662,0.0463,0.2152,0.5211,0.5232,-0.0021,0.0,0.0,0.0,0.493,0.3314,0.3963,1.0,0.114,0.1884,0.8899,0.9176,0.9034,0.8537,0.9631,0.9051,0.0,0.0,0.0,0.5545,0.7666,0.6435,0.6663,0.7218,0.6927
2,50.0,saga,1000,,0.4463,0.4482,0.6994,0.52,0.4463,0.456,0.0504,0.2244,0.5518,0.5537,-0.0019,0.0,0.0,0.0,0.4583,0.3585,0.4022,0.9144,0.3572,0.5036,0.8952,0.9132,0.904,0.7583,0.9171,0.8302,0.0,0.0,0.0,0.5588,0.7553,0.6423,0.5749,0.2686,0.3655
2,10.0,saga,1000,,0.4463,0.4481,0.6994,0.52,0.4463,0.456,0.0504,0.2244,0.5519,0.5537,-0.0018,0.0,0.0,0.0,0.4583,0.3585,0.4022,0.9144,0.3572,0.5036,0.8952,0.9132,0.904,0.7583,0.9171,0.8302,0.0,0.0,0.0,0.5588,0.7553,0.6423,0.5749,0.2686,0.3655
2,50.0,saga,500,,0.4463,0.4482,0.6994,0.52,0.4463,0.456,0.0504,0.2244,0.5518,0.5537,-0.0019,0.0,0.0,0.0,0.4583,0.3585,0.4022,0.9144,0.3572,0.5036,0.8952,0.9132,0.904,0.7583,0.9171,0.8302,0.0,0.0,0.0,0.5588,0.7553,0.6423,0.5749,0.2686,0.3655
2,10.0,lbfgs,1000,,0.4461,0.4482,0.6993,0.5198,0.4461,0.4557,0.0504,0.2244,0.5518,0.5539,-0.0021,0.0,0.0,0.0,0.4582,0.3579,0.4018,0.9144,0.3572,0.5036,0.8952,0.913,0.9039,0.7582,0.9176,0.8303,0.0,0.0,0.0,0.5585,0.7553,0.6421,0.5737,0.2674,0.3641
2,10.0,lbfgs,500,,0.4461,0.4482,0.6993,0.5198,0.4461,0.4557,0.0504,0.2244,0.5518,0.5539,-0.0021,0.0,0.0,0.0,0.4582,0.3579,0.4018,0.9144,0.3572,0.5036,0.8952,0.913,0.9039,0.7582,0.9176,0.8303,0.0,0.0,0.0,0.5585,0.7553,0.6421,0.5737,0.2674,0.3641
2,50.0,lbfgs,500,,0.4461,0.4482,0.6993,0.5198,0.4461,0.4558,0.0504,0.2244,0.5518,0.5539,-0.0021,0.0,0.0,0.0,0.4584,0.3582,0.4021,0.9144,0.3572,0.5036,0.8953,0.913,0.904,0.7582,0.9173,0.8302,0.0,0.0,0.0,0.5586,0.7555,0.6423,0.5737,0.2674,0.3641
2,5.0,lbfgs,1000,,0.4459,0.4481,0.6993,0.5196,0.4459,0.4556,0.0504,0.2244,0.5519,0.5541,-0.0022,0.0,0.0,0.0,0.4582,0.3579,0.4018,0.9144,0.3572,0.5036,0.8953,0.9132,0.9041,0.758,0.9173,0.8301,0.0,0.0,0.0,0.5586,0.7555,0.6423,0.5727,0.2662,0.3628
2,1.0,lbfgs,500,,0.4451,0.4461,0.6993,0.5193,0.4451,0.4545,0.0504,0.2245,0.5539,0.5549,-0.001,0.0,0.0,0.0,0.4593,0.3576,0.402,0.9116,0.3506,0.4952,0.8953,0.913,0.904,0.7575,0.9178,0.83,0.0,0.0,0.0,0.5584,0.7557,0.6422,0.5727,0.2662,0.3628
2,1.0,saga,500,,0.4436,0.4457,0.6992,0.5225,0.4436,0.4535,0.0504,0.2245,0.5543,0.5564,-0.0021,0.0,0.0,0.0,0.4589,0.3576,0.4019,0.9366,0.3372,0.4864,0.8952,0.9132,0.904,0.7572,0.9178,0.8298,0.0,0.0,0.0,0.5584,0.7553,0.6421,0.5738,0.2674,0.3642
2,1.0,saga,1000,,0.4436,0.4457,0.6992,0.5225,0.4436,0.4535,0.0504,0.2245,0.5543,0.5564,-0.0021,0.0,0.0,0.0,0.4589,0.3576,0.4019,0.9366,0.3372,0.4864,0.8952,0.9132,0.904,0.7572,0.9178,0.8298,0.0,0.0,0.0,0.5584,0.7553,0.6421,0.5738,0.2674,0.3642
2,0.1,saga,500,,0.4074,0.4086,0.6971,0.5315,0.4074,0.4048,0.0506,0.2248,0.5914,0.5926,-0.0012,0.0,0.0,0.0,0.4617,0.3501,0.3981,1.0,0.0605,0.113,0.8931,0.9136,0.9032,0.7481,0.9205,0.8254,0.0,0.0,0.0,0.557,0.7587,0.6424,0.5921,0.2554,0.356
2,0.1,saga,1000,,0.4074,0.4086,0.6971,0.5315,0.4074,0.4048,0.0506,0.2248,0.5914,0.5926,-0.0012,0.0,0.0,0.0,0.4617,0.3501,0.3981,1.0,0.0605,0.113,0.8931,0.9136,0.9032,0.7481,0.9205,0.8254,0.0,0.0,0.0,0.557,0.7587,0.6424,0.5921,0.2554,0.356
2,0.01,lbfgs,1000,,0.38,0.3797,0.6901,0.4169,0.38,0.3652,0.0513,0.2265,0.6203,0.62,0.0003,0.0,0.0,0.0,0.4769,0.3094,0.3752,0.0,0.0,0.0,0.8755,0.9177,0.8961,0.7229,0.9313,0.814,0.0,0.0,0.0,0.5471,0.7664,0.6384,0.7124,0.1151,0.1981
2,0.01,saga,500,,0.38,0.3797,0.6901,0.4177,0.38,0.3652,0.0513,0.2265,0.6203,0.62,0.0002,0.0,0.0,0.0,0.4767,0.3094,0.3752,0.0,0.0,0.0,0.8753,0.9178,0.896,0.7229,0.9313,0.814,0.0,0.0,0.0,0.5472,0.7662,0.6384,0.7191,0.1151,0.1984
