n_estimators,max_features,max_depth,min_samples_split,class_weight,balanced_acc,train_balanced_acc,accuracy,precision_macro,recall_macro,f1_macro,brier_score,rmse_proba,E_train,E_test,E_train-E_test,precision_Scratch,recall_Scratch,f1_Scratch,precision_Loc,recall_Loc,f1_Loc,precision_Near-full,recall_Near-full,f1_Near-full,precision_Edge-Ring,recall_Edge-Ring,f1_Edge-Ring,precision_Center,recall_Center,f1_Center,precision_Donut,recall_Donut,f1_Donut,precision_Edge-Loc,recall_Edge-Loc,f1_Edge-Loc,precision_Random,recall_Random,f1_Random
500,log2,10.0,5,balanced,0.8238,0.8719,0.8188,0.7653,0.8238,0.7817,0.0315,0.1775,0.1281,0.1762,-0.0481,0.3098,0.6175,0.4122,0.7345,0.4936,0.59,0.944,0.9867,0.964,0.9813,0.9245,0.9521,0.9316,0.9511,0.9412,0.704,0.8902,0.7859,0.7923,0.7943,0.7932,0.7248,0.9329,0.8153
300,log2,10.0,5,balanced,0.8238,0.8717,0.8187,0.7652,0.8238,0.7816,0.0315,0.1775,0.1283,0.1762,-0.0479,0.3101,0.6185,0.4128,0.7362,0.4924,0.5897,0.944,0.9867,0.964,0.982,0.9238,0.952,0.9305,0.9506,0.9404,0.7022,0.8902,0.7847,0.7911,0.7957,0.7933,0.726,0.9329,0.8161
500,sqrt,10.0,5,balanced,0.8238,0.8719,0.8188,0.7653,0.8238,0.7817,0.0315,0.1775,0.1281,0.1762,-0.0481,0.3098,0.6175,0.4122,0.7345,0.4936,0.59,0.944,0.9867,0.964,0.9813,0.9245,0.9521,0.9316,0.9511,0.9412,0.704,0.8902,0.7859,0.7923,0.7943,0.7932,0.7248,0.9329,0.8153
300,sqrt,10.0,2,balanced,0.8238,0.8737,0.82,0.7673,0.8238,0.7831,0.0314,0.1773,0.1263,0.1762,-0.0499,0.313,0.6145,0.4144,0.7364,0.4967,0.5928,0.9507,0.9867,0.9674,0.9813,0.9248,0.9523,0.9315,0.9501,0.9407,0.7063,0.8863,0.7855,0.7911,0.7985,0.7946,0.7284,0.9329,0.8176
300,sqrt,10.0,5,balanced,0.8238,0.8717,0.8187,0.7652,0.8238,0.7816,0.0315,0.1775,0.1283,0.1762,-0.0479,0.3101,0.6185,0.4128,0.7362,0.4924,0.5897,0.944,0.9867,0.964,0.982,0.9238,0.952,0.9305,0.9506,0.9404,0.7022,0.8902,0.7847,0.7911,0.7957,0.7933,0.726,0.9329,0.8161
300,log2,10.0,2,balanced,0.8238,0.8737,0.82,0.7673,0.8238,0.7831,0.0314,0.1773,0.1263,0.1762,-0.0499,0.313,0.6145,0.4144,0.7364,0.4967,0.5928,0.9507,0.9867,0.9674,0.9813,0.9248,0.9523,0.9315,0.9501,0.9407,0.7063,0.8863,0.7855,0.7911,0.7985,0.7946,0.7284,0.9329,0.8176
500,sqrt,10.0,2,balanced,0.8234,0.8743,0.8198,0.766,0.8234,0.7821,0.0314,0.1772,0.1257,0.1766,-0.0509,0.3096,0.6114,0.4107,0.7373,0.4961,0.5925,0.944,0.9867,0.964,0.9814,0.9256,0.9526,0.9318,0.9506,0.9411,0.7052,0.8863,0.7847,0.7927,0.7973,0.7948,0.7264,0.9329,0.8163
500,log2,10.0,2,balanced,0.8234,0.8743,0.8198,0.766,0.8234,0.7821,0.0314,0.1772,0.1257,0.1766,-0.0509,0.3096,0.6114,0.4107,0.7373,0.4961,0.5925,0.944,0.9867,0.964,0.9814,0.9256,0.9526,0.9318,0.9506,0.9411,0.7052,0.8863,0.7847,0.7927,0.7973,0.7948,0.7264,0.9329,0.8163
100,sqrt,10.0,2,balanced,0.8214,0.8721,0.8185,0.7658,0.8214,0.7811,0.0316,0.1779,0.1279,0.1786,-0.0507,0.3098,0.6094,0.4106,0.7343,0.4921,0.589,0.9507,0.9798,0.9639,0.9819,0.9229,0.9515,0.9285,0.9511,0.9397,0.7029,0.8883,0.7842,0.789,0.7985,0.7936,0.729,0.9293,0.8168
100,log2,10.0,2,balanced,0.8214,0.8721,0.8185,0.7658,0.8214,0.7811,0.0316,0.1779,0.1279,0.1786,-0.0507,0.3098,0.6094,0.4106,0.7343,0.4921,0.589,0.9507,0.9798,0.9639,0.9819,0.9229,0.9515,0.9285,0.9511,0.9397,0.7029,0.8883,0.7842,0.789,0.7985,0.7936,0.729,0.9293,0.8168
100,sqrt,10.0,5,balanced,0.8208,0.8707,0.8179,0.7638,0.8208,0.7799,0.0317,0.178,0.1293,0.1792,-0.0499,0.3094,0.6114,0.4106,0.7278,0.4933,0.5877,0.9438,0.9798,0.9605,0.9813,0.9238,0.9517,0.9297,0.9484,0.9389,0.6935,0.8863,0.7773,0.7911,0.7963,0.7935,0.7342,0.9269,0.819
100,log2,10.0,5,balanced,0.8208,0.8707,0.8179,0.7638,0.8208,0.7799,0.0317,0.178,0.1293,0.1792,-0.0499,0.3094,0.6114,0.4106,0.7278,0.4933,0.5877,0.9438,0.9798,0.9605,0.9813,0.9238,0.9517,0.9297,0.9484,0.9389,0.6935,0.8863,0.7773,0.7911,0.7963,0.7935,0.7342,0.9269,0.819
300,sqrt,20.0,5,balanced,0.8194,0.9902,0.8607,0.8194,0.8194,0.8184,0.0248,0.1575,0.0098,0.1806,-0.1708,0.4649,0.3846,0.4208,0.715,0.6722,0.6928,0.944,0.9867,0.964,0.9731,0.959,0.966,0.9321,0.9617,0.9467,0.8398,0.8333,0.8359,0.81,0.8596,0.834,0.8762,0.8981,0.8869
500,sqrt,20.0,5,balanced,0.8194,0.9903,0.8609,0.8197,0.8194,0.8184,0.0248,0.1574,0.0097,0.1806,-0.1709,0.4721,0.3836,0.423,0.7118,0.6743,0.6924,0.944,0.9867,0.964,0.9733,0.9598,0.9664,0.9317,0.9622,0.9467,0.8359,0.8313,0.8331,0.8112,0.8578,0.8337,0.8774,0.8993,0.8881
300,log2,20.0,5,balanced,0.8194,0.9902,0.8607,0.8194,0.8194,0.8184,0.0248,0.1575,0.0098,0.1806,-0.1708,0.4649,0.3846,0.4208,0.715,0.6722,0.6928,0.944,0.9867,0.964,0.9731,0.959,0.966,0.9321,0.9617,0.9467,0.8398,0.8333,0.8359,0.81,0.8596,0.834,0.8762,0.8981,0.8869
500,log2,20.0,5,balanced,0.8194,0.9903,0.8609,0.8197,0.8194,0.8184,0.0248,0.1574,0.0097,0.1806,-0.1709,0.4721,0.3836,0.423,0.7118,0.6743,0.6924,0.944,0.9867,0.964,0.9733,0.9598,0.9664,0.9317,0.9622,0.9467,0.8359,0.8313,0.8331,0.8112,0.8578,0.8337,0.8774,0.8993,0.8881
100,log2,20.0,5,balanced,0.8176,0.9894,0.8601,0.8195,0.8176,0.8176,0.025,0.1581,0.0106,0.1824,-0.1718,0.4563,0.3765,0.4125,0.7116,0.6719,0.6911,0.9507,0.9867,0.9674,0.9724,0.9602,0.9662,0.9313,0.9622,0.9465,0.8426,0.8313,0.8364,0.8108,0.8576,0.8335,0.8809,0.8945,0.8875
100,sqrt,20.0,5,balanced,0.8176,0.9894,0.8601,0.8195,0.8176,0.8176,0.025,0.1581,0.0106,0.1824,-0.1718,0.4563,0.3765,0.4125,0.7116,0.6719,0.6911,0.9507,0.9867,0.9674,0.9724,0.9602,0.9662,0.9313,0.9622,0.9465,0.8426,0.8313,0.8364,0.8108,0.8576,0.8335,0.8809,0.8945,0.8875
300,log2,,5,balanced,0.812,0.9969,0.8618,0.8238,0.812,0.8144,0.0246,0.157,0.0031,0.188,-0.1848,0.5013,0.3046,0.3786,0.7005,0.6987,0.6994,0.944,0.9867,0.964,0.9735,0.9593,0.9663,0.9322,0.9626,0.9471,0.8453,0.8294,0.8368,0.806,0.8628,0.8333,0.8875,0.8921,0.8895
300,sqrt,,5,balanced,0.812,0.9969,0.8618,0.8238,0.812,0.8144,0.0246,0.157,0.0031,0.188,-0.1848,0.5013,0.3046,0.3786,0.7005,0.6987,0.6994,0.944,0.9867,0.964,0.9735,0.9593,0.9663,0.9322,0.9626,0.9471,0.8453,0.8294,0.8368,0.806,0.8628,0.8333,0.8875,0.8921,0.8895
500,sqrt,,5,balanced,0.8115,0.997,0.8618,0.8235,0.8115,0.8138,0.0246,0.1569,0.003,0.1885,-0.1855,0.5027,0.3006,0.3758,0.6998,0.6996,0.6995,0.944,0.9867,0.964,0.9732,0.9598,0.9664,0.9315,0.9622,0.9466,0.8418,0.8294,0.8351,0.8068,0.8628,0.8338,0.8883,0.8909,0.8893
500,log2,,5,balanced,0.8115,0.997,0.8618,0.8235,0.8115,0.8138,0.0246,0.1569,0.003,0.1885,-0.1855,0.5027,0.3006,0.3758,0.6998,0.6996,0.6995,0.944,0.9867,0.964,0.9732,0.9598,0.9664,0.9315,0.9622,0.9466,0.8418,0.8294,0.8351,0.8068,0.8628,0.8338,0.8883,0.8909,0.8893
500,sqrt,20.0,2,balanced,0.8114,0.9972,0.8604,0.8231,0.8114,0.8155,0.0246,0.1568,0.0028,0.1886,-0.1858,0.4663,0.3461,0.3965,0.7081,0.6791,0.6932,0.944,0.9867,0.964,0.9719,0.9596,0.9657,0.9313,0.9629,0.9468,0.8659,0.8059,0.8344,0.8056,0.864,0.8337,0.892,0.8873,0.8894
500,log2,20.0,2,balanced,0.8114,0.9972,0.8604,0.8231,0.8114,0.8155,0.0246,0.1568,0.0028,0.1886,-0.1858,0.4663,0.3461,0.3965,0.7081,0.6791,0.6932,0.944,0.9867,0.964,0.9719,0.9596,0.9657,0.9313,0.9629,0.9468,0.8659,0.8059,0.8344,0.8056,0.864,0.8337,0.892,0.8873,0.8894
300,sqrt,20.0,2,balanced,0.8106,0.9973,0.8606,0.8233,0.8106,0.8151,0.0246,0.157,0.0027,0.1894,-0.1867,0.4693,0.3502,0.4003,0.7087,0.6773,0.6925,0.9438,0.98,0.9604,0.971,0.961,0.966,0.932,0.9631,0.9473,0.8606,0.8039,0.8308,0.8059,0.8642,0.834,0.895,0.8849,0.8897
300,log2,20.0,2,balanced,0.8106,0.9973,0.8606,0.8233,0.8106,0.8151,0.0246,0.157,0.0027,0.1894,-0.1867,0.4693,0.3502,0.4003,0.7087,0.6773,0.6925,0.9438,0.98,0.9604,0.971,0.961,0.966,0.932,0.9631,0.9473,0.8606,0.8039,0.8308,0.8059,0.8642,0.834,0.895,0.8849,0.8897
100,log2,,5,balanced,0.8105,0.9961,0.8599,0.8193,0.8105,0.8117,0.0248,0.1576,0.0039,0.1895,-0.1856,0.4872,0.3006,0.3716,0.6994,0.6927,0.696,0.944,0.9867,0.964,0.9704,0.9596,0.965,0.9293,0.9624,0.9456,0.8335,0.8313,0.8322,0.8073,0.8588,0.8321,0.8832,0.8921,0.8874
100,sqrt,,5,balanced,0.8105,0.9961,0.8599,0.8193,0.8105,0.8117,0.0248,0.1576,0.0039,0.1895,-0.1856,0.4872,0.3006,0.3716,0.6994,0.6927,0.696,0.944,0.9867,0.964,0.9704,0.9596,0.965,0.9293,0.9624,0.9456,0.8335,0.8313,0.8322,0.8073,0.8588,0.8321,0.8832,0.8921,0.8874
100,log2,20.0,2,balanced,0.8094,0.9965,0.8596,0.8231,0.8094,0.8145,0.0249,0.1576,0.0035,0.1906,-0.1872,0.4693,0.3491,0.4,0.7085,0.677,0.6923,0.9492,0.9731,0.9599,0.9704,0.96,0.9652,0.9299,0.9639,0.9465,0.8604,0.8019,0.8296,0.8037,0.8602,0.8309,0.8933,0.8897,0.8913
100,sqrt,20.0,2,balanced,0.8094,0.9965,0.8596,0.8231,0.8094,0.8145,0.0249,0.1576,0.0035,0.1906,-0.1872,0.4693,0.3491,0.4,0.7085,0.677,0.6923,0.9492,0.9731,0.9599,0.9704,0.96,0.9652,0.9299,0.9639,0.9465,0.8604,0.8019,0.8296,0.8037,0.8602,0.8309,0.8933,0.8897,0.8913
300,log2,,2,balanced,0.8013,0.9999,0.8615,0.8285,0.8013,0.8074,0.0245,0.1565,0.0001,0.1987,-0.1986,0.524,0.2358,0.3248,0.6945,0.7113,0.7027,0.944,0.9867,0.964,0.971,0.9604,0.9657,0.9293,0.9646,0.9466,0.8614,0.8,0.8292,0.8002,0.868,0.8327,0.9036,0.8837,0.8934
300,sqrt,,2,balanced,0.8013,0.9999,0.8615,0.8285,0.8013,0.8074,0.0245,0.1565,0.0001,0.1987,-0.1986,0.524,0.2358,0.3248,0.6945,0.7113,0.7027,0.944,0.9867,0.964,0.971,0.9604,0.9657,0.9293,0.9646,0.9466,0.8614,0.8,0.8292,0.8002,0.868,0.8327,0.9036,0.8837,0.8934
100,log2,20.0,5,,0.8005,0.9848,0.8615,0.829,0.8005,0.807,0.0246,0.1568,0.0152,0.1995,-0.1843,0.5334,0.2368,0.3276,0.6971,0.7092,0.703,0.9616,0.9662,0.9628,0.9702,0.961,0.9655,0.9295,0.9651,0.947,0.8473,0.8117,0.8289,0.7998,0.8666,0.8318,0.8929,0.8873,0.8899
100,sqrt,20.0,5,,0.8005,0.9848,0.8615,0.829,0.8005,0.807,0.0246,0.1568,0.0152,0.1995,-0.1843,0.5334,0.2368,0.3276,0.6971,0.7092,0.703,0.9616,0.9662,0.9628,0.9702,0.961,0.9655,0.9295,0.9651,0.947,0.8473,0.8117,0.8289,0.7998,0.8666,0.8318,0.8929,0.8873,0.8899
100,log2,,2,,0.8003,0.9999,0.8622,0.8307,0.8003,0.8073,0.0245,0.1567,0.0001,0.1997,-0.1997,0.5412,0.2338,0.326,0.6968,0.7119,0.7041,0.9616,0.9662,0.9628,0.9701,0.9607,0.9654,0.9299,0.9668,0.9479,0.8517,0.8098,0.8299,0.801,0.868,0.8331,0.8935,0.8849,0.8891
100,log2,,5,,0.8003,0.992,0.8621,0.8277,0.8003,0.8067,0.0246,0.157,0.008,0.1997,-0.1917,0.5106,0.2287,0.3149,0.6972,0.7104,0.7036,0.9616,0.9662,0.9628,0.9709,0.961,0.9659,0.9312,0.9658,0.9481,0.8568,0.8157,0.8354,0.8022,0.8696,0.8344,0.8914,0.8849,0.8881
100,sqrt,,5,,0.8003,0.992,0.8621,0.8277,0.8003,0.8067,0.0246,0.157,0.008,0.1997,-0.1917,0.5106,0.2287,0.3149,0.6972,0.7104,0.7036,0.9616,0.9662,0.9628,0.9709,0.961,0.9659,0.9312,0.9658,0.9481,0.8568,0.8157,0.8354,0.8022,0.8696,0.8344,0.8914,0.8849,0.8881
100,sqrt,,2,balanced,0.8003,0.9999,0.8606,0.8306,0.8003,0.8078,0.0247,0.1571,0.0001,0.1997,-0.1997,0.5345,0.2419,0.3321,0.6956,0.7059,0.7006,0.9504,0.98,0.9638,0.9706,0.9604,0.9654,0.9263,0.9658,0.9456,0.8631,0.8,0.8301,0.7966,0.866,0.8298,0.9078,0.8825,0.8948
100,sqrt,,2,,0.8003,0.9999,0.8622,0.8307,0.8003,0.8073,0.0245,0.1567,0.0001,0.1997,-0.1997,0.5412,0.2338,0.326,0.6968,0.7119,0.7041,0.9616,0.9662,0.9628,0.9701,0.9607,0.9654,0.9299,0.9668,0.9479,0.8517,0.8098,0.8299,0.801,0.868,0.8331,0.8935,0.8849,0.8891
100,log2,,2,balanced,0.8003,0.9999,0.8606,0.8306,0.8003,0.8078,0.0247,0.1571,0.0001,0.1997,-0.1997,0.5345,0.2419,0.3321,0.6956,0.7059,0.7006,0.9504,0.98,0.9638,0.9706,0.9604,0.9654,0.9263,0.9658,0.9456,0.8631,0.8,0.8301,0.7966,0.866,0.8298,0.9078,0.8825,0.8948
100,log2,20.0,2,,0.8,0.9982,0.862,0.8271,0.8,0.8061,0.0246,0.1567,0.0018,0.2,-0.1982,0.5154,0.2287,0.3161,0.6936,0.7077,0.7004,0.9616,0.9662,0.9628,0.9709,0.9627,0.9668,0.932,0.966,0.9487,0.8466,0.8157,0.8304,0.8029,0.8686,0.8344,0.8939,0.8849,0.8892
100,sqrt,20.0,2,,0.8,0.9982,0.862,0.8271,0.8,0.8061,0.0246,0.1567,0.0018,0.2,-0.1982,0.5154,0.2287,0.3161,0.6936,0.7077,0.7004,0.9616,0.9662,0.9628,0.9709,0.9627,0.9668,0.932,0.966,0.9487,0.8466,0.8157,0.8304,0.8029,0.8686,0.8344,0.8939,0.8849,0.8892
300,log2,20.0,5,,0.7995,0.987,0.8626,0.8305,0.7995,0.8066,0.0245,0.1565,0.013,0.2005,-0.1875,0.5328,0.2257,0.3165,0.6956,0.7143,0.7048,0.9616,0.9662,0.9628,0.9703,0.9614,0.9658,0.9316,0.9663,0.9485,0.8534,0.8059,0.8286,0.8026,0.8698,0.8347,0.8959,0.8861,0.8909
300,sqrt,20.0,5,,0.7995,0.987,0.8626,0.8305,0.7995,0.8066,0.0245,0.1565,0.013,0.2005,-0.1875,0.5328,0.2257,0.3165,0.6956,0.7143,0.7048,0.9616,0.9662,0.9628,0.9703,0.9614,0.9658,0.9316,0.9663,0.9485,0.8534,0.8059,0.8286,0.8026,0.8698,0.8347,0.8959,0.8861,0.8909
300,log2,,5,,0.7992,0.9935,0.8624,0.8297,0.7992,0.8057,0.0244,0.1564,0.0065,0.2008,-0.1943,0.5302,0.2186,0.3083,0.6952,0.7168,0.7057,0.9616,0.9662,0.9628,0.9713,0.9611,0.9662,0.9328,0.9646,0.9484,0.8509,0.8137,0.8316,0.801,0.8702,0.8341,0.8945,0.8825,0.8883
500,sqrt,,2,balanced,0.7992,0.9999,0.861,0.8267,0.7992,0.805,0.0245,0.1564,0.0001,0.2008,-0.2008,0.512,0.2216,0.3087,0.6927,0.7113,0.7018,0.944,0.9867,0.964,0.9715,0.961,0.9662,0.9291,0.965,0.9467,0.8666,0.798,0.8305,0.7998,0.8682,0.8325,0.898,0.8813,0.8894
300,sqrt,,5,,0.7992,0.9935,0.8624,0.8297,0.7992,0.8057,0.0244,0.1564,0.0065,0.2008,-0.1943,0.5302,0.2186,0.3083,0.6952,0.7168,0.7057,0.9616,0.9662,0.9628,0.9713,0.9611,0.9662,0.9328,0.9646,0.9484,0.8509,0.8137,0.8316,0.801,0.8702,0.8341,0.8945,0.8825,0.8883
500,log2,,2,balanced,0.7992,0.9999,0.861,0.8267,0.7992,0.805,0.0245,0.1564,0.0001,0.2008,-0.2008,0.512,0.2216,0.3087,0.6927,0.7113,0.7018,0.944,0.9867,0.964,0.9715,0.961,0.9662,0.9291,0.965,0.9467,0.8666,0.798,0.8305,0.7998,0.8682,0.8325,0.898,0.8813,0.8894
500,log2,20.0,2,,0.7991,0.9987,0.8618,0.8274,0.7991,0.8051,0.0243,0.1559,0.0013,0.2009,-0.1995,0.5181,0.2196,0.3077,0.6937,0.7098,0.7016,0.9616,0.9662,0.9628,0.9712,0.9616,0.9663,0.9305,0.966,0.9479,0.8469,0.8098,0.8277,0.8019,0.8692,0.8341,0.8955,0.8909,0.893
500,sqrt,20.0,2,,0.7991,0.9987,0.8618,0.8274,0.7991,0.8051,0.0243,0.1559,0.0013,0.2009,-0.1995,0.5181,0.2196,0.3077,0.6937,0.7098,0.7016,0.9616,0.9662,0.9628,0.9712,0.9616,0.9663,0.9305,0.966,0.9479,0.8469,0.8098,0.8277,0.8019,0.8692,0.8341,0.8955,0.8909,0.893
300,sqrt,,2,,0.7989,0.9999,0.8618,0.8275,0.7989,0.8051,0.0244,0.1561,0.0001,0.2011,-0.201,0.5173,0.2206,0.3081,0.6945,0.7122,0.7032,0.9616,0.9662,0.9628,0.97,0.962,0.966,0.9311,0.9658,0.9481,0.8501,0.8078,0.828,0.8024,0.8672,0.8334,0.8932,0.8897,0.8913
300,log2,,2,,0.7989,0.9999,0.8618,0.8275,0.7989,0.8051,0.0244,0.1561,0.0001,0.2011,-0.201,0.5173,0.2206,0.3081,0.6945,0.7122,0.7032,0.9616,0.9662,0.9628,0.97,0.962,0.966,0.9311,0.9658,0.9481,0.8501,0.8078,0.828,0.8024,0.8672,0.8334,0.8932,0.8897,0.8913
300,log2,20.0,2,,0.7987,0.9987,0.8622,0.8279,0.7987,0.8051,0.0244,0.1562,0.0013,0.2013,-0.1999,0.5218,0.2206,0.3095,0.6937,0.7107,0.7021,0.9616,0.9662,0.9628,0.9717,0.9622,0.9669,0.9322,0.9665,0.949,0.8466,0.8078,0.8265,0.8015,0.8698,0.8341,0.8937,0.8861,0.8898
300,sqrt,20.0,2,,0.7987,0.9987,0.8622,0.8279,0.7987,0.8051,0.0244,0.1562,0.0013,0.2013,-0.1999,0.5218,0.2206,0.3095,0.6937,0.7107,0.7021,0.9616,0.9662,0.9628,0.9717,0.9622,0.9669,0.9322,0.9665,0.949,0.8466,0.8078,0.8265,0.8015,0.8698,0.8341,0.8937,0.8861,0.8898
500,log2,,5,,0.7986,0.994,0.8611,0.8282,0.7986,0.8049,0.0244,0.1563,0.006,0.2014,-0.1955,0.5256,0.2206,0.3093,0.6925,0.7101,0.7011,0.9616,0.9662,0.9628,0.971,0.961,0.966,0.9313,0.9651,0.9478,0.851,0.8137,0.8317,0.7991,0.8682,0.8322,0.8935,0.8837,0.8885
500,sqrt,,5,,0.7986,0.994,0.8611,0.8282,0.7986,0.8049,0.0244,0.1563,0.006,0.2014,-0.1955,0.5256,0.2206,0.3093,0.6925,0.7101,0.7011,0.9616,0.9662,0.9628,0.971,0.961,0.966,0.9313,0.9651,0.9478,0.851,0.8137,0.8317,0.7991,0.8682,0.8322,0.8935,0.8837,0.8885
500,sqrt,20.0,5,,0.798,0.9867,0.8618,0.8279,0.798,0.8046,0.0244,0.1564,0.0133,0.202,-0.1887,0.5156,0.2156,0.3032,0.6948,0.714,0.7042,0.9616,0.9662,0.9628,0.9707,0.961,0.9658,0.931,0.9665,0.9484,0.8534,0.8059,0.8287,0.801,0.8688,0.8334,0.8949,0.8861,0.8904
500,sqrt,,2,,0.798,0.9999,0.8615,0.8256,0.798,0.8037,0.0243,0.156,0.0001,0.202,-0.2019,0.5111,0.2166,0.303,0.6939,0.7098,0.7016,0.9616,0.9662,0.9628,0.9705,0.9619,0.9662,0.9305,0.9663,0.948,0.8447,0.8059,0.8245,0.8026,0.8682,0.834,0.8898,0.8897,0.8896
500,log2,,2,,0.798,0.9999,0.8615,0.8256,0.798,0.8037,0.0243,0.156,0.0001,0.202,-0.2019,0.5111,0.2166,0.303,0.6939,0.7098,0.7016,0.9616,0.9662,0.9628,0.9705,0.9619,0.9662,0.9305,0.9663,0.948,0.8447,0.8059,0.8245,0.8026,0.8682,0.834,0.8898,0.8897,0.8896
500,log2,20.0,5,,0.798,0.9867,0.8618,0.8279,0.798,0.8046,0.0244,0.1564,0.0133,0.202,-0.1887,0.5156,0.2156,0.3032,0.6948,0.714,0.7042,0.9616,0.9662,0.9628,0.9707,0.961,0.9658,0.931,0.9665,0.9484,0.8534,0.8059,0.8287,0.801,0.8688,0.8334,0.8949,0.8861,0.8904
300,sqrt,10.0,2,,0.7732,0.8304,0.8527,0.8192,0.7732,0.7724,0.0262,0.1619,0.1696,0.2268,-0.0572,0.5304,0.0658,0.1162,0.6668,0.7255,0.6948,0.9735,0.9662,0.9691,0.974,0.9526,0.9632,0.9251,0.9631,0.9437,0.8455,0.7588,0.7993,0.7813,0.871,0.8236,0.8569,0.8825,0.8692
300,log2,10.0,2,,0.7732,0.8304,0.8527,0.8192,0.7732,0.7724,0.0262,0.1619,0.1696,0.2268,-0.0572,0.5304,0.0658,0.1162,0.6668,0.7255,0.6948,0.9735,0.9662,0.9691,0.974,0.9526,0.9632,0.9251,0.9631,0.9437,0.8455,0.7588,0.7993,0.7813,0.871,0.8236,0.8569,0.8825,0.8692
500,log2,10.0,2,,0.7726,0.8312,0.8526,0.8211,0.7726,0.7721,0.0262,0.1619,0.1688,0.2274,-0.0586,0.5435,0.0648,0.1149,0.6661,0.7252,0.6942,0.9735,0.9662,0.9691,0.9739,0.9526,0.9632,0.9259,0.9629,0.944,0.8477,0.7608,0.8014,0.7803,0.8718,0.8234,0.858,0.8765,0.8669
500,sqrt,10.0,2,,0.7726,0.8312,0.8526,0.8211,0.7726,0.7721,0.0262,0.1619,0.1688,0.2274,-0.0586,0.5435,0.0648,0.1149,0.6661,0.7252,0.6942,0.9735,0.9662,0.9691,0.9739,0.9526,0.9632,0.9259,0.9629,0.944,0.8477,0.7608,0.8014,0.7803,0.8718,0.8234,0.858,0.8765,0.8669
100,log2,10.0,5,,0.7723,0.8264,0.8526,0.8205,0.7723,0.7726,0.0263,0.1623,0.1736,0.2277,-0.0541,0.5309,0.0668,0.1176,0.6655,0.7201,0.6916,0.9732,0.9595,0.9654,0.9743,0.9529,0.9634,0.9243,0.9638,0.9436,0.8485,0.7627,0.8028,0.7806,0.8733,0.8242,0.8666,0.8789,0.8724
300,log2,10.0,5,,0.7723,0.8265,0.853,0.8214,0.7723,0.7721,0.0263,0.162,0.1735,0.2277,-0.0542,0.546,0.0658,0.116,0.6676,0.7243,0.6946,0.9735,0.9595,0.9657,0.9738,0.9531,0.9633,0.9256,0.9641,0.9444,0.8422,0.7608,0.799,0.7813,0.872,0.8241,0.8613,0.8789,0.8698
100,sqrt,10.0,5,,0.7723,0.8264,0.8526,0.8205,0.7723,0.7726,0.0263,0.1623,0.1736,0.2277,-0.0541,0.5309,0.0668,0.1176,0.6655,0.7201,0.6916,0.9732,0.9595,0.9654,0.9743,0.9529,0.9634,0.9243,0.9638,0.9436,0.8485,0.7627,0.8028,0.7806,0.8733,0.8242,0.8666,0.8789,0.8724
300,sqrt,10.0,5,,0.7723,0.8265,0.853,0.8214,0.7723,0.7721,0.0263,0.162,0.1735,0.2277,-0.0542,0.546,0.0658,0.116,0.6676,0.7243,0.6946,0.9735,0.9595,0.9657,0.9738,0.9531,0.9633,0.9256,0.9641,0.9444,0.8422,0.7608,0.799,0.7813,0.872,0.8241,0.8613,0.8789,0.8698
100,log2,10.0,2,,0.772,0.829,0.8525,0.8173,0.772,0.7721,0.0263,0.1622,0.171,0.228,-0.057,0.5111,0.0668,0.117,0.6672,0.724,0.6943,0.9735,0.9593,0.9654,0.9737,0.9522,0.9628,0.9264,0.9636,0.9446,0.8484,0.7627,0.803,0.7803,0.8718,0.8234,0.8576,0.8753,0.8661
100,sqrt,10.0,2,,0.772,0.829,0.8525,0.8173,0.772,0.7721,0.0263,0.1622,0.171,0.228,-0.057,0.5111,0.0668,0.117,0.6672,0.724,0.6943,0.9735,0.9593,0.9654,0.9737,0.9522,0.9628,0.9264,0.9636,0.9446,0.8484,0.7627,0.803,0.7803,0.8718,0.8234,0.8576,0.8753,0.8661
500,log2,10.0,5,,0.7715,0.8267,0.8526,0.8207,0.7715,0.7711,0.0263,0.162,0.1733,0.2285,-0.0552,0.5398,0.0607,0.1082,0.6665,0.7246,0.6942,0.9735,0.9595,0.9657,0.9737,0.9523,0.9628,0.9262,0.9638,0.9446,0.8438,0.7588,0.7987,0.7794,0.8722,0.8231,0.8624,0.8801,0.8709
500,sqrt,10.0,5,,0.7715,0.8267,0.8526,0.8207,0.7715,0.7711,0.0263,0.162,0.1733,0.2285,-0.0552,0.5398,0.0607,0.1082,0.6665,0.7246,0.6942,0.9735,0.9595,0.9657,0.9737,0.9523,0.9628,0.9262,0.9638,0.9446,0.8438,0.7588,0.7987,0.7794,0.8722,0.8231,0.8624,0.8801,0.8709
300,log2,5.0,2,balanced,0.7469,0.7571,0.7087,0.6855,0.7469,0.6461,0.049,0.2214,0.2429,0.2531,-0.0102,0.1924,0.6083,0.2922,0.8639,0.0972,0.1746,0.9438,0.9798,0.9605,0.9815,0.8377,0.9039,0.902,0.9364,0.9188,0.4397,0.8706,0.5837,0.6655,0.7147,0.6891,0.4954,0.9305,0.6461
300,sqrt,5.0,2,balanced,0.7469,0.7571,0.7087,0.6855,0.7469,0.6461,0.049,0.2214,0.2429,0.2531,-0.0102,0.1924,0.6083,0.2922,0.8639,0.0972,0.1746,0.9438,0.9798,0.9605,0.9815,0.8377,0.9039,0.902,0.9364,0.9188,0.4397,0.8706,0.5837,0.6655,0.7147,0.6891,0.4954,0.9305,0.6461
300,log2,5.0,5,balanced,0.7467,0.7563,0.708,0.6857,0.7467,0.646,0.0491,0.2215,0.2437,0.2533,-0.0096,0.1902,0.6022,0.289,0.8691,0.0981,0.1762,0.944,0.9867,0.964,0.9815,0.838,0.9041,0.9021,0.9356,0.9185,0.44,0.8706,0.584,0.6635,0.7119,0.6867,0.4947,0.9305,0.6456
300,sqrt,5.0,5,balanced,0.7467,0.7563,0.708,0.6857,0.7467,0.646,0.0491,0.2215,0.2437,0.2533,-0.0096,0.1902,0.6022,0.289,0.8691,0.0981,0.1762,0.944,0.9867,0.964,0.9815,0.838,0.9041,0.9021,0.9356,0.9185,0.44,0.8706,0.584,0.6635,0.7119,0.6867,0.4947,0.9305,0.6456
500,sqrt,5.0,2,balanced,0.7464,0.7577,0.7091,0.6853,0.7464,0.646,0.049,0.2214,0.2423,0.2536,-0.0113,0.1933,0.6033,0.2926,0.8688,0.1005,0.18,0.9438,0.9798,0.9605,0.9817,0.8387,0.9046,0.9014,0.9335,0.9171,0.44,0.8686,0.5835,0.6651,0.7164,0.6897,0.4879,0.9305,0.6399
500,log2,5.0,2,balanced,0.7464,0.7577,0.7091,0.6853,0.7464,0.646,0.049,0.2214,0.2423,0.2536,-0.0113,0.1933,0.6033,0.2926,0.8688,0.1005,0.18,0.9438,0.9798,0.9605,0.9817,0.8387,0.9046,0.9014,0.9335,0.9171,0.44,0.8686,0.5835,0.6651,0.7164,0.6897,0.4879,0.9305,0.6399
500,log2,5.0,5,balanced,0.7462,0.7568,0.7086,0.6845,0.7462,0.6456,0.049,0.2215,0.2432,0.2538,-0.0106,0.1934,0.6063,0.2932,0.8639,0.0996,0.1785,0.9438,0.9798,0.9605,0.9812,0.839,0.9046,0.9009,0.9328,0.9165,0.4407,0.8686,0.5841,0.6659,0.7146,0.6892,0.4858,0.9293,0.6378
500,sqrt,5.0,5,balanced,0.7462,0.7568,0.7086,0.6845,0.7462,0.6456,0.049,0.2215,0.2432,0.2538,-0.0106,0.1934,0.6063,0.2932,0.8639,0.0996,0.1785,0.9438,0.9798,0.9605,0.9812,0.839,0.9046,0.9009,0.9328,0.9165,0.4407,0.8686,0.5841,0.6659,0.7146,0.6892,0.4858,0.9293,0.6378
100,sqrt,5.0,5,balanced,0.7442,0.7536,0.7063,0.6861,0.7442,0.6443,0.0489,0.2212,0.2464,0.2558,-0.0094,0.1892,0.6012,0.2877,0.8758,0.0948,0.1709,0.9438,0.9798,0.9605,0.9813,0.8366,0.9032,0.9005,0.932,0.9159,0.4423,0.8667,0.5852,0.6602,0.7129,0.6854,0.4956,0.9293,0.6458
100,log2,5.0,5,balanced,0.7442,0.7536,0.7063,0.6861,0.7442,0.6443,0.0489,0.2212,0.2464,0.2558,-0.0094,0.1892,0.6012,0.2877,0.8758,0.0948,0.1709,0.9438,0.9798,0.9605,0.9813,0.8366,0.9032,0.9005,0.932,0.9159,0.4423,0.8667,0.5852,0.6602,0.7129,0.6854,0.4956,0.9293,0.6458
100,sqrt,5.0,2,balanced,0.7441,0.7544,0.7054,0.6864,0.7441,0.6431,0.0489,0.2211,0.2456,0.2559,-0.0103,0.1877,0.6002,0.2858,0.8829,0.0915,0.1656,0.9438,0.9798,0.9605,0.9813,0.8372,0.9036,0.8998,0.9313,0.9152,0.4398,0.8726,0.5844,0.6607,0.7105,0.6845,0.4953,0.9293,0.6456
100,log2,5.0,2,balanced,0.7441,0.7544,0.7054,0.6864,0.7441,0.6431,0.0489,0.2211,0.2456,0.2559,-0.0103,0.1877,0.6002,0.2858,0.8829,0.0915,0.1656,0.9438,0.9798,0.9605,0.9813,0.8372,0.9036,0.8998,0.9313,0.9152,0.4398,0.8726,0.5844,0.6607,0.7105,0.6845,0.4953,0.9293,0.6456
100,log2,5.0,5,,0.5762,0.5812,0.7906,0.5648,0.5762,0.552,0.0377,0.1943,0.4188,0.4238,-0.005,0.0,0.0,0.0,0.5939,0.668,0.6288,0.2,0.0069,0.0133,0.9773,0.9063,0.9404,0.9031,0.9429,0.9225,0.5757,0.4059,0.4737,0.6975,0.7963,0.7436,0.5706,0.8837,0.6933
100,sqrt,5.0,5,,0.5762,0.5812,0.7906,0.5648,0.5762,0.552,0.0377,0.1943,0.4188,0.4238,-0.005,0.0,0.0,0.0,0.5939,0.668,0.6288,0.2,0.0069,0.0133,0.9773,0.9063,0.9404,0.9031,0.9429,0.9225,0.5757,0.4059,0.4737,0.6975,0.7963,0.7436,0.5706,0.8837,0.6933
500,log2,5.0,5,,0.5753,0.5816,0.7913,0.544,0.5753,0.5518,0.0376,0.194,0.4184,0.4247,-0.0063,0.0,0.0,0.0,0.5939,0.6707,0.6299,0.0,0.0,0.0,0.9788,0.9046,0.9403,0.9033,0.945,0.9237,0.6022,0.4039,0.4792,0.6957,0.7991,0.7438,0.5783,0.8789,0.6973
500,sqrt,5.0,5,,0.5753,0.5816,0.7913,0.544,0.5753,0.5518,0.0376,0.194,0.4184,0.4247,-0.0063,0.0,0.0,0.0,0.5939,0.6707,0.6299,0.0,0.0,0.0,0.9788,0.9046,0.9403,0.9033,0.945,0.9237,0.6022,0.4039,0.4792,0.6957,0.7991,0.7438,0.5783,0.8789,0.6973
500,log2,5.0,2,,0.575,0.5816,0.7914,0.544,0.575,0.5514,0.0376,0.1939,0.4184,0.425,-0.0066,0.0,0.0,0.0,0.5935,0.6701,0.6294,0.0,0.0,0.0,0.9793,0.9048,0.9406,0.9031,0.9448,0.9234,0.6031,0.4,0.4764,0.6963,0.8001,0.7446,0.5766,0.8801,0.6966
500,sqrt,5.0,2,,0.575,0.5816,0.7914,0.544,0.575,0.5514,0.0376,0.1939,0.4184,0.425,-0.0066,0.0,0.0,0.0,0.5935,0.6701,0.6294,0.0,0.0,0.0,0.9793,0.9048,0.9406,0.9031,0.9448,0.9234,0.6031,0.4,0.4764,0.6963,0.8001,0.7446,0.5766,0.8801,0.6966
100,sqrt,5.0,2,,0.5749,0.582,0.7896,0.54,0.5749,0.5495,0.0377,0.1943,0.418,0.4251,-0.0071,0.0,0.0,0.0,0.5921,0.6674,0.6275,0.0,0.0,0.0,0.9766,0.9059,0.9399,0.9027,0.9429,0.9223,0.5865,0.4059,0.4752,0.6969,0.7935,0.7421,0.5648,0.8837,0.6891
100,log2,5.0,2,,0.5749,0.582,0.7896,0.54,0.5749,0.5495,0.0377,0.1943,0.418,0.4251,-0.0071,0.0,0.0,0.0,0.5921,0.6674,0.6275,0.0,0.0,0.0,0.9766,0.9059,0.9399,0.9027,0.9429,0.9223,0.5865,0.4059,0.4752,0.6969,0.7935,0.7421,0.5648,0.8837,0.6891
300,log2,5.0,2,,0.5731,0.5798,0.7912,0.5433,0.5731,0.5496,0.0377,0.1941,0.4202,0.4269,-0.0067,0.0,0.0,0.0,0.594,0.6719,0.6305,0.0,0.0,0.0,0.979,0.904,0.94,0.9037,0.9465,0.9246,0.6001,0.3804,0.4618,0.6958,0.7993,0.744,0.5741,0.8825,0.6956
300,log2,5.0,5,,0.5731,0.5794,0.7913,0.5439,0.5731,0.5501,0.0377,0.1941,0.4206,0.4269,-0.0063,0.0,0.0,0.0,0.5932,0.6707,0.6295,0.0,0.0,0.0,0.9788,0.9043,0.9401,0.9035,0.9467,0.9246,0.6033,0.3863,0.4668,0.6958,0.8003,0.7444,0.5767,0.8765,0.6955
300,sqrt,5.0,5,,0.5731,0.5794,0.7913,0.5439,0.5731,0.5501,0.0377,0.1941,0.4206,0.4269,-0.0063,0.0,0.0,0.0,0.5932,0.6707,0.6295,0.0,0.0,0.0,0.9788,0.9043,0.9401,0.9035,0.9467,0.9246,0.6033,0.3863,0.4668,0.6958,0.8003,0.7444,0.5767,0.8765,0.6955
300,sqrt,5.0,2,,0.5731,0.5798,0.7912,0.5433,0.5731,0.5496,0.0377,0.1941,0.4202,0.4269,-0.0067,0.0,0.0,0.0,0.594,0.6719,0.6305,0.0,0.0,0.0,0.979,0.904,0.94,0.9037,0.9465,0.9246,0.6001,0.3804,0.4618,0.6958,0.7993,0.744,0.5741,0.8825,0.6956
