kernel,C,gamma,class_weight,degree,balanced_acc,train_balanced_acc,accuracy,precision_macro,recall_macro,f1_macro,brier_score,rmse_proba,E_train,E_test,E_train-E_test,precision_Scratch,recall_Scratch,f1_Scratch,precision_Loc,recall_Loc,f1_Loc,precision_Near-full,recall_Near-full,f1_Near-full,precision_Edge-Ring,recall_Edge-Ring,f1_Edge-Ring,precision_Center,recall_Center,f1_Center,precision_Donut,recall_Donut,f1_Donut,precision_Edge-Loc,recall_Edge-Loc,f1_Edge-Loc,precision_Random,recall_Random,f1_Random
rbf,50.0,0.05,balanced,3,0.8239,0.8744,0.8231,0.7689,0.8239,0.7803,0.0268,0.1636,0.1256,0.1761,-0.0505,0.3201,0.6984,0.4388,0.7576,0.4693,0.5782,0.8994,0.9595,0.9282,0.9761,0.9412,0.9583,0.9315,0.9511,0.9411,0.6436,0.8627,0.7354,0.8073,0.7985,0.8028,0.816,0.9101,0.8598
rbf,25.0,0.05,balanced,2,0.8238,0.8659,0.8182,0.7625,0.8238,0.7752,0.027,0.1644,0.1341,0.1762,-0.042,0.3063,0.6974,0.4256,0.7639,0.4636,0.5757,0.8889,0.9662,0.9257,0.9775,0.9375,0.957,0.9338,0.9477,0.9407,0.6233,0.8745,0.7267,0.8018,0.7864,0.794,0.8043,0.9173,0.8564
rbf,25.0,0.05,balanced,3,0.8238,0.8659,0.8182,0.7625,0.8238,0.7752,0.027,0.1644,0.1341,0.1762,-0.042,0.3063,0.6974,0.4256,0.7639,0.4636,0.5757,0.8889,0.9662,0.9257,0.9775,0.9375,0.957,0.9338,0.9477,0.9407,0.6233,0.8745,0.7267,0.8018,0.7864,0.794,0.8043,0.9173,0.8564
rbf,10.0,0.05,balanced,2,0.823,0.8533,0.8132,0.7538,0.823,0.7686,0.0274,0.1656,0.1467,0.177,-0.0303,0.2992,0.6994,0.4189,0.7686,0.4551,0.5704,0.8648,0.9795,0.918,0.9801,0.9323,0.9556,0.9339,0.9438,0.9387,0.6042,0.8823,0.7167,0.7948,0.78,0.7873,0.7851,0.9113,0.8431
rbf,100.0,0.05,balanced,3,0.8228,0.8854,0.8264,0.773,0.8228,0.7831,0.0266,0.1631,0.1146,0.1772,-0.0626,0.3251,0.6964,0.443,0.7565,0.4765,0.5836,0.8999,0.9526,0.9249,0.9754,0.944,0.9594,0.929,0.9523,0.9404,0.6566,0.8431,0.7362,0.8133,0.8054,0.8092,0.8284,0.9125,0.8679
rbf,50.0,0.01,balanced,3,0.8225,0.8436,0.8102,0.7499,0.8225,0.7646,0.0278,0.1667,0.1564,0.1775,-0.0211,0.298,0.6943,0.4169,0.7782,0.4331,0.5558,0.8649,0.9864,0.9213,0.98,0.9271,0.9528,0.9207,0.9499,0.935,0.5921,0.8981,0.7129,0.7918,0.7831,0.7874,0.7737,0.9077,0.8348
rbf,5.0,scale,balanced,3,0.8215,0.8565,0.8127,0.7527,0.8215,0.7679,0.0275,0.166,0.1435,0.1785,-0.0349,0.3016,0.7014,0.4216,0.756,0.4566,0.5681,0.8601,0.9795,0.9152,0.9792,0.934,0.956,0.9318,0.9438,0.9377,0.6044,0.8725,0.7134,0.7965,0.7754,0.7858,0.7921,0.9089,0.8457
rbf,5.0,0.05,balanced,3,0.8205,0.8428,0.8075,0.7444,0.8205,0.7609,0.028,0.1673,0.1572,0.1795,-0.0223,0.2939,0.6944,0.4128,0.7637,0.4419,0.5588,0.8409,0.9864,0.9071,0.9821,0.9247,0.9525,0.927,0.9465,0.9366,0.5807,0.8922,0.7029,0.7873,0.7726,0.7798,0.7795,0.9053,0.8371
rbf,10.0,0.1,balanced,3,0.8203,0.8687,0.8172,0.7606,0.8203,0.7737,0.0273,0.1651,0.1313,0.1797,-0.0484,0.31,0.6954,0.4286,0.7509,0.469,0.5762,0.894,0.9662,0.9286,0.9768,0.9371,0.9565,0.9323,0.9462,0.9391,0.6173,0.8529,0.7154,0.8023,0.7834,0.7927,0.8009,0.9125,0.8522
rbf,10.0,auto,balanced,3,0.8203,0.8687,0.8172,0.7606,0.8203,0.7737,0.0273,0.1651,0.1313,0.1797,-0.0484,0.31,0.6954,0.4286,0.7509,0.469,0.5762,0.894,0.9662,0.9286,0.9768,0.9371,0.9565,0.9323,0.9462,0.9391,0.6173,0.8529,0.7154,0.8023,0.7834,0.7927,0.8009,0.9125,0.8522
linear,25.0,0.001,balanced,2,0.8155,0.8402,0.8102,0.758,0.8155,0.7663,0.0289,0.17,0.1598,0.1845,-0.0248,0.2977,0.6873,0.4147,0.7655,0.4142,0.5362,0.9181,0.9595,0.9377,0.9778,0.9308,0.9537,0.9175,0.9492,0.933,0.6229,0.8883,0.7314,0.7936,0.7965,0.7949,0.7706,0.8981,0.8289
linear,25.0,scale,balanced,3,0.8155,0.8402,0.8102,0.758,0.8155,0.7663,0.0289,0.17,0.1598,0.1845,-0.0248,0.2977,0.6873,0.4147,0.7655,0.4142,0.5362,0.9181,0.9595,0.9377,0.9778,0.9308,0.9537,0.9175,0.9492,0.933,0.6229,0.8883,0.7314,0.7936,0.7965,0.7949,0.7706,0.8981,0.8289
linear,25.0,0.01,balanced,3,0.8155,0.8402,0.8102,0.758,0.8155,0.7663,0.0289,0.17,0.1598,0.1845,-0.0248,0.2977,0.6873,0.4147,0.7655,0.4142,0.5362,0.9181,0.9595,0.9377,0.9778,0.9308,0.9537,0.9175,0.9492,0.933,0.6229,0.8883,0.7314,0.7936,0.7965,0.7949,0.7706,0.8981,0.8289
linear,10.0,0.01,balanced,2,0.815,0.837,0.8082,0.7543,0.815,0.7634,0.0288,0.1697,0.163,0.185,-0.022,0.2938,0.6822,0.4102,0.7696,0.4142,0.5374,0.9181,0.9595,0.9377,0.9777,0.9265,0.9514,0.9217,0.9482,0.9347,0.608,0.8902,0.7215,0.7898,0.7937,0.7916,0.756,0.9053,0.823
linear,10.0,auto,balanced,2,0.815,0.837,0.8082,0.7543,0.815,0.7634,0.0288,0.1697,0.163,0.185,-0.022,0.2938,0.6822,0.4102,0.7696,0.4142,0.5374,0.9181,0.9595,0.9377,0.9777,0.9265,0.9514,0.9217,0.9482,0.9347,0.608,0.8902,0.7215,0.7898,0.7937,0.7916,0.756,0.9053,0.823
linear,50.0,0.01,balanced,3,0.8146,0.8415,0.8105,0.7585,0.8146,0.7665,0.0291,0.1706,0.1585,0.1854,-0.0269,0.3,0.6893,0.4171,0.7606,0.4148,0.5353,0.9123,0.9595,0.9346,0.9764,0.9308,0.953,0.9172,0.9506,0.9335,0.6268,0.8883,0.7342,0.794,0.7975,0.7956,0.7805,0.8861,0.829
linear,50.0,scale,balanced,3,0.8146,0.8415,0.8105,0.7585,0.8146,0.7665,0.0291,0.1706,0.1585,0.1854,-0.0269,0.3,0.6893,0.4171,0.7606,0.4148,0.5353,0.9123,0.9595,0.9346,0.9764,0.9308,0.953,0.9172,0.9506,0.9335,0.6268,0.8883,0.7342,0.794,0.7975,0.7956,0.7805,0.8861,0.829
linear,50.0,0.1,balanced,3,0.8146,0.8415,0.8105,0.7585,0.8146,0.7665,0.0291,0.1706,0.1585,0.1854,-0.0269,0.3,0.6893,0.4171,0.7606,0.4148,0.5353,0.9123,0.9595,0.9346,0.9764,0.9308,0.953,0.9172,0.9506,0.9335,0.6268,0.8883,0.7342,0.794,0.7975,0.7956,0.7805,0.8861,0.829
linear,50.0,0.01,balanced,2,0.8146,0.8415,0.8105,0.7585,0.8146,0.7665,0.0291,0.1706,0.1585,0.1854,-0.0269,0.3,0.6893,0.4171,0.7606,0.4148,0.5353,0.9123,0.9595,0.9346,0.9764,0.9308,0.953,0.9172,0.9506,0.9335,0.6268,0.8883,0.7342,0.794,0.7975,0.7956,0.7805,0.8861,0.829
linear,100.0,0.1,balanced,2,0.814,0.8419,0.8108,0.7585,0.814,0.7662,0.0292,0.1708,0.1581,0.186,-0.0279,0.3029,0.6943,0.4208,0.7614,0.4148,0.5356,0.9123,0.9595,0.9346,0.9752,0.9327,0.9535,0.9173,0.9513,0.9339,0.628,0.8883,0.7349,0.7951,0.7969,0.7958,0.7761,0.8741,0.8208
linear,100.0,0.05,balanced,3,0.814,0.8419,0.8108,0.7585,0.814,0.7662,0.0292,0.1708,0.1581,0.186,-0.0279,0.3029,0.6943,0.4208,0.7614,0.4148,0.5356,0.9123,0.9595,0.9346,0.9752,0.9327,0.9535,0.9173,0.9513,0.9339,0.628,0.8883,0.7349,0.7951,0.7969,0.7958,0.7761,0.8741,0.8208
linear,100.0,0.01,balanced,3,0.814,0.8419,0.8108,0.7585,0.814,0.7662,0.0292,0.1708,0.1581,0.186,-0.0279,0.3029,0.6943,0.4208,0.7614,0.4148,0.5356,0.9123,0.9595,0.9346,0.9752,0.9327,0.9535,0.9173,0.9513,0.9339,0.628,0.8883,0.7349,0.7951,0.7969,0.7958,0.7761,0.8741,0.8208
linear,100.0,0.001,balanced,3,0.814,0.8419,0.8108,0.7585,0.814,0.7662,0.0292,0.1708,0.1581,0.186,-0.0279,0.3029,0.6943,0.4208,0.7614,0.4148,0.5356,0.9123,0.9595,0.9346,0.9752,0.9327,0.9535,0.9173,0.9513,0.9339,0.628,0.8883,0.7349,0.7951,0.7969,0.7958,0.7761,0.8741,0.8208
linear,5.0,0.05,balanced,3,0.8139,0.834,0.8054,0.7483,0.8139,0.7596,0.0289,0.1699,0.166,0.1861,-0.0201,0.294,0.6822,0.4106,0.7645,0.4103,0.5329,0.9007,0.9664,0.9319,0.9781,0.9248,0.9508,0.9168,0.9472,0.9317,0.5952,0.8843,0.711,0.786,0.7871,0.7864,0.7511,0.9089,0.8218
linear,5.0,0.001,balanced,2,0.8139,0.834,0.8054,0.7483,0.8139,0.7596,0.0289,0.1699,0.166,0.1861,-0.0201,0.294,0.6822,0.4106,0.7645,0.4103,0.5329,0.9007,0.9664,0.9319,0.9781,0.9248,0.9508,0.9168,0.9472,0.9317,0.5952,0.8843,0.711,0.786,0.7871,0.7864,0.7511,0.9089,0.8218
linear,5.0,0.01,balanced,2,0.8139,0.834,0.8054,0.7483,0.8139,0.7596,0.0289,0.1699,0.166,0.1861,-0.0201,0.294,0.6822,0.4106,0.7645,0.4103,0.5329,0.9007,0.9664,0.9319,0.9781,0.9248,0.9508,0.9168,0.9472,0.9317,0.5952,0.8843,0.711,0.786,0.7871,0.7864,0.7511,0.9089,0.8218
linear,5.0,0.001,balanced,3,0.8139,0.834,0.8054,0.7483,0.8139,0.7596,0.0289,0.1699,0.166,0.1861,-0.0201,0.294,0.6822,0.4106,0.7645,0.4103,0.5329,0.9007,0.9664,0.9319,0.9781,0.9248,0.9508,0.9168,0.9472,0.9317,0.5952,0.8843,0.711,0.786,0.7871,0.7864,0.7511,0.9089,0.8218
rbf,50.0,0.1,balanced,3,0.8138,0.8927,0.8256,0.7709,0.8138,0.7806,0.027,0.1642,0.1073,0.1862,-0.0789,0.3206,0.6559,0.4302,0.7333,0.5045,0.5965,0.9056,0.9526,0.9279,0.9751,0.9464,0.9605,0.9317,0.9511,0.9412,0.6623,0.8039,0.7239,0.8129,0.7953,0.8039,0.8255,0.9005,0.8606
rbf,10.0,0.01,balanced,2,0.811,0.8222,0.7932,0.7269,0.811,0.7429,0.0292,0.1709,0.1778,0.189,-0.0112,0.2838,0.6863,0.4015,0.7725,0.3943,0.5217,0.8234,0.9933,0.8995,0.9815,0.9099,0.9443,0.9063,0.9451,0.9252,0.5371,0.8922,0.6702,0.7693,0.7652,0.7671,0.7414,0.9017,0.8134
linear,1.0,0.001,balanced,2,0.8101,0.8257,0.7967,0.7324,0.8101,0.7479,0.0296,0.1722,0.1743,0.1899,-0.0156,0.2908,0.6842,0.408,0.763,0.4109,0.5335,0.8649,0.9864,0.9213,0.978,0.9185,0.9473,0.9095,0.9337,0.9214,0.5553,0.8804,0.6806,0.7775,0.77,0.7737,0.7199,0.8969,0.7977
rbf,1.0,0.05,balanced,3,0.8101,0.8211,0.7908,0.7195,0.8101,0.7374,0.0297,0.1723,0.1789,0.1899,-0.0111,0.2877,0.6964,0.407,0.7701,0.3862,0.5133,0.7811,1.0,0.8765,0.9858,0.9052,0.9438,0.9026,0.9407,0.9212,0.5362,0.8843,0.6669,0.7631,0.7694,0.7661,0.7295,0.8981,0.8046
linear,1.0,0.1,balanced,2,0.8101,0.8257,0.7967,0.7324,0.8101,0.7479,0.0296,0.1722,0.1743,0.1899,-0.0156,0.2908,0.6842,0.408,0.763,0.4109,0.5335,0.8649,0.9864,0.9213,0.978,0.9185,0.9473,0.9095,0.9337,0.9214,0.5553,0.8804,0.6806,0.7775,0.77,0.7737,0.7199,0.8969,0.7977
linear,1.0,0.01,balanced,2,0.8101,0.8257,0.7967,0.7324,0.8101,0.7479,0.0296,0.1722,0.1743,0.1899,-0.0156,0.2908,0.6842,0.408,0.763,0.4109,0.5335,0.8649,0.9864,0.9213,0.978,0.9185,0.9473,0.9095,0.9337,0.9214,0.5553,0.8804,0.6806,0.7775,0.77,0.7737,0.7199,0.8969,0.7977
rbf,1.0,0.05,balanced,2,0.8101,0.8211,0.7908,0.7195,0.8101,0.7374,0.0297,0.1723,0.1789,0.1899,-0.0111,0.2877,0.6964,0.407,0.7701,0.3862,0.5133,0.7811,1.0,0.8765,0.9858,0.9052,0.9438,0.9026,0.9407,0.9212,0.5362,0.8843,0.6669,0.7631,0.7694,0.7661,0.7295,0.8981,0.8046
linear,1.0,0.05,balanced,2,0.8101,0.8257,0.7967,0.7324,0.8101,0.7479,0.0296,0.1722,0.1743,0.1899,-0.0156,0.2908,0.6842,0.408,0.763,0.4109,0.5335,0.8649,0.9864,0.9213,0.978,0.9185,0.9473,0.9095,0.9337,0.9214,0.5553,0.8804,0.6806,0.7775,0.77,0.7737,0.7199,0.8969,0.7977
linear,1.0,scale,balanced,2,0.8101,0.8257,0.7967,0.7324,0.8101,0.7479,0.0296,0.1722,0.1743,0.1899,-0.0156,0.2908,0.6842,0.408,0.763,0.4109,0.5335,0.8649,0.9864,0.9213,0.978,0.9185,0.9473,0.9095,0.9337,0.9214,0.5553,0.8804,0.6806,0.7775,0.77,0.7737,0.7199,0.8969,0.7977
rbf,0.5,auto,balanced,2,0.8083,0.8199,0.7893,0.7151,0.8083,0.7358,0.03,0.1733,0.1801,0.1917,-0.0116,0.2929,0.6934,0.4115,0.7443,0.3991,0.5186,0.7851,1.0,0.879,0.9861,0.905,0.9438,0.9064,0.9366,0.9212,0.5138,0.8745,0.6465,0.7619,0.7599,0.7608,0.7306,0.8981,0.8052
rbf,0.5,auto,balanced,3,0.8083,0.8199,0.7893,0.7151,0.8083,0.7358,0.03,0.1733,0.1801,0.1917,-0.0116,0.2929,0.6934,0.4115,0.7443,0.3991,0.5186,0.7851,1.0,0.879,0.9861,0.905,0.9438,0.9064,0.9366,0.9212,0.5138,0.8745,0.6465,0.7619,0.7599,0.7608,0.7306,0.8981,0.8052
rbf,0.5,scale,balanced,2,0.8083,0.8199,0.7893,0.7151,0.8083,0.7358,0.03,0.1733,0.1801,0.1917,-0.0116,0.2929,0.6934,0.4115,0.7443,0.3991,0.5186,0.7851,1.0,0.879,0.9861,0.905,0.9438,0.9064,0.9366,0.9212,0.5138,0.8745,0.6465,0.7619,0.7599,0.7608,0.7306,0.8981,0.8052
rbf,0.5,0.1,balanced,2,0.8083,0.8199,0.7893,0.7151,0.8083,0.7358,0.03,0.1733,0.1801,0.1917,-0.0116,0.2929,0.6934,0.4115,0.7443,0.3991,0.5186,0.7851,1.0,0.879,0.9861,0.905,0.9438,0.9064,0.9366,0.9212,0.5138,0.8745,0.6465,0.7619,0.7599,0.7608,0.7306,0.8981,0.8052
rbf,0.5,scale,balanced,3,0.8083,0.8199,0.7893,0.7151,0.8083,0.7358,0.03,0.1733,0.1801,0.1917,-0.0116,0.2929,0.6934,0.4115,0.7443,0.3991,0.5186,0.7851,1.0,0.879,0.9861,0.905,0.9438,0.9064,0.9366,0.9212,0.5138,0.8745,0.6465,0.7619,0.7599,0.7608,0.7306,0.8981,0.8052
linear,0.5,0.01,balanced,2,0.8079,0.8183,0.7919,0.7246,0.8079,0.7415,0.0303,0.1742,0.1817,0.1921,-0.0105,0.2891,0.6802,0.4057,0.7643,0.4004,0.525,0.8418,0.9933,0.9106,0.9783,0.9107,0.9433,0.9008,0.9315,0.9159,0.5364,0.8765,0.665,0.7713,0.7686,0.7699,0.7146,0.9017,0.7966
linear,0.5,0.1,balanced,3,0.8079,0.8183,0.7919,0.7246,0.8079,0.7415,0.0303,0.1742,0.1817,0.1921,-0.0105,0.2891,0.6802,0.4057,0.7643,0.4004,0.525,0.8418,0.9933,0.9106,0.9783,0.9107,0.9433,0.9008,0.9315,0.9159,0.5364,0.8765,0.665,0.7713,0.7686,0.7699,0.7146,0.9017,0.7966
linear,0.5,auto,balanced,2,0.8079,0.8183,0.7919,0.7246,0.8079,0.7415,0.0303,0.1742,0.1817,0.1921,-0.0105,0.2891,0.6802,0.4057,0.7643,0.4004,0.525,0.8418,0.9933,0.9106,0.9783,0.9107,0.9433,0.9008,0.9315,0.9159,0.5364,0.8765,0.665,0.7713,0.7686,0.7699,0.7146,0.9017,0.7966
rbf,50.0,0.001,balanced,2,0.8001,0.8018,0.779,0.7031,0.8001,0.7214,0.0319,0.1785,0.1982,0.1999,-0.0017,0.284,0.6903,0.4023,0.7665,0.3736,0.502,0.7606,1.0,0.8635,0.9825,0.9001,0.9395,0.8872,0.9115,0.8991,0.4846,0.8784,0.6234,0.7572,0.762,0.7595,0.7021,0.8849,0.7817
rbf,0.5,0.05,balanced,2,0.7985,0.807,0.7777,0.7,0.7985,0.7179,0.0309,0.1758,0.193,0.2015,-0.0085,0.2817,0.6934,0.4004,0.762,0.3509,0.479,0.7431,1.0,0.8517,0.9847,0.8965,0.9385,0.8932,0.9354,0.9137,0.4978,0.8608,0.6302,0.7478,0.7561,0.7518,0.6896,0.8945,0.7781
linear,0.1,0.1,balanced,3,0.7972,0.797,0.7755,0.6971,0.7972,0.716,0.0324,0.18,0.203,0.2028,0.0001,0.2834,0.6863,0.4011,0.7604,0.3757,0.5026,0.7536,1.0,0.8588,0.982,0.8995,0.9389,0.8857,0.8986,0.892,0.4562,0.8765,0.5991,0.7559,0.7583,0.757,0.6993,0.8825,0.7788
linear,0.1,0.01,balanced,3,0.7972,0.797,0.7755,0.6971,0.7972,0.716,0.0324,0.18,0.203,0.2028,0.0001,0.2834,0.6863,0.4011,0.7604,0.3757,0.5026,0.7536,1.0,0.8588,0.982,0.8995,0.9389,0.8857,0.8986,0.892,0.4562,0.8765,0.5991,0.7559,0.7583,0.757,0.6993,0.8825,0.7788
linear,0.1,0.001,balanced,3,0.7972,0.797,0.7755,0.6971,0.7972,0.716,0.0324,0.18,0.203,0.2028,0.0001,0.2834,0.6863,0.4011,0.7604,0.3757,0.5026,0.7536,1.0,0.8588,0.982,0.8995,0.9389,0.8857,0.8986,0.892,0.4562,0.8765,0.5991,0.7559,0.7583,0.757,0.6993,0.8825,0.7788
linear,0.1,auto,balanced,3,0.7972,0.797,0.7755,0.6971,0.7972,0.716,0.0324,0.18,0.203,0.2028,0.0001,0.2834,0.6863,0.4011,0.7604,0.3757,0.5026,0.7536,1.0,0.8588,0.982,0.8995,0.9389,0.8857,0.8986,0.892,0.4562,0.8765,0.5991,0.7559,0.7583,0.757,0.6993,0.8825,0.7788
linear,0.1,scale,balanced,2,0.7972,0.797,0.7755,0.6971,0.7972,0.716,0.0324,0.18,0.203,0.2028,0.0001,0.2834,0.6863,0.4011,0.7604,0.3757,0.5026,0.7536,1.0,0.8588,0.982,0.8995,0.9389,0.8857,0.8986,0.892,0.4562,0.8765,0.5991,0.7559,0.7583,0.757,0.6993,0.8825,0.7788
poly,50.0,scale,balanced,3,0.7933,0.8514,0.8015,0.7639,0.7933,0.7624,0.0358,0.1891,0.1486,0.2067,-0.0581,0.3244,0.5993,0.4202,0.7606,0.3901,0.5138,0.9301,0.9529,0.9403,0.989,0.8847,0.934,0.9358,0.9376,0.9366,0.6394,0.8078,0.7129,0.6964,0.8702,0.7735,0.8352,0.9041,0.8679
poly,100.0,0.1,balanced,3,0.7906,0.8662,0.8035,0.7589,0.7906,0.7603,0.036,0.1897,0.1338,0.2094,-0.0755,0.3172,0.5911,0.4124,0.7419,0.4081,0.5242,0.9178,0.9529,0.9342,0.987,0.8978,0.9403,0.9356,0.9364,0.9359,0.618,0.7863,0.6909,0.7104,0.8556,0.7761,0.8433,0.8969,0.8688
rbf,25.0,0.001,balanced,2,0.7893,0.7921,0.7673,0.6854,0.7893,0.7029,0.0332,0.1821,0.2079,0.2107,-0.0029,0.2818,0.6842,0.399,0.7565,0.3498,0.4779,0.7262,1.0,0.8401,0.9832,0.894,0.9365,0.878,0.8867,0.8823,0.4174,0.8647,0.5626,0.7461,0.7604,0.7531,0.6938,0.8741,0.7717
poly,50.0,0.05,balanced,2,0.7856,0.8219,0.778,0.7309,0.7856,0.7344,0.0359,0.1894,0.1781,0.2144,-0.0363,0.2986,0.6377,0.4064,0.7597,0.3425,0.4707,0.9113,0.9529,0.931,0.9777,0.86,0.9151,0.893,0.9349,0.9134,0.5413,0.8392,0.6573,0.7052,0.8266,0.761,0.7605,0.8909,0.8205
poly,25.0,0.05,balanced,2,0.7774,0.8075,0.7649,0.7212,0.7774,0.7229,0.0373,0.1931,0.1925,0.2226,-0.0301,0.2951,0.6336,0.4024,0.7515,0.3106,0.4384,0.9,0.9598,0.9286,0.9769,0.8362,0.901,0.8797,0.9294,0.9038,0.5277,0.8431,0.6484,0.6831,0.83,0.7493,0.7552,0.8765,0.8111
rbf,10.0,0.001,balanced,2,0.7752,0.7786,0.7532,0.6646,0.7752,0.6799,0.0351,0.1873,0.2214,0.2248,-0.0034,0.2781,0.6802,0.3944,0.7637,0.3145,0.4447,0.67,1.0,0.8004,0.981,0.8851,0.9306,0.8669,0.8771,0.8719,0.3723,0.8313,0.5141,0.7291,0.7489,0.7388,0.6556,0.8645,0.7447
poly,5.0,0.1,balanced,2,0.7751,0.8011,0.761,0.7173,0.7751,0.7188,0.0378,0.1946,0.1989,0.2249,-0.0259,0.2936,0.6276,0.3999,0.7434,0.2986,0.4249,0.894,0.9598,0.9255,0.9802,0.8283,0.8978,0.8748,0.9287,0.9009,0.5219,0.8529,0.6467,0.6763,0.8333,0.7465,0.7537,0.8717,0.8081
rbf,50.0,0.1,,3,0.7746,0.8344,0.8492,0.8043,0.7746,0.7756,0.0267,0.1634,0.1656,0.2254,-0.0597,0.505,0.1508,0.2251,0.6784,0.6857,0.682,0.9066,0.9662,0.935,0.9671,0.9563,0.9617,0.9247,0.9593,0.9416,0.7852,0.7373,0.7583,0.7731,0.8672,0.8172,0.8946,0.8741,0.8837
rbf,50.0,0.1,,2,0.7746,0.8344,0.8492,0.8043,0.7746,0.7756,0.0267,0.1634,0.1656,0.2254,-0.0597,0.505,0.1508,0.2251,0.6784,0.6857,0.682,0.9066,0.9662,0.935,0.9671,0.9563,0.9617,0.9247,0.9593,0.9416,0.7852,0.7373,0.7583,0.7731,0.8672,0.8172,0.8946,0.8741,0.8837
rbf,50.0,auto,,2,0.7746,0.8344,0.8492,0.8043,0.7746,0.7756,0.0267,0.1634,0.1656,0.2254,-0.0597,0.505,0.1508,0.2251,0.6784,0.6857,0.682,0.9066,0.9662,0.935,0.9671,0.9563,0.9617,0.9247,0.9593,0.9416,0.7852,0.7373,0.7583,0.7731,0.8672,0.8172,0.8946,0.8741,0.8837
rbf,100.0,auto,,2,0.7743,0.8523,0.8483,0.7959,0.7743,0.7762,0.0268,0.1635,0.1477,0.2257,-0.0781,0.4469,0.1791,0.2499,0.6786,0.6797,0.6791,0.9056,0.9526,0.9279,0.9659,0.9579,0.9619,0.9241,0.9569,0.9401,0.7742,0.7314,0.7492,0.7794,0.8624,0.8186,0.8925,0.8741,0.8827
rbf,0.1,scale,balanced,2,0.7743,0.7792,0.7504,0.6611,0.7743,0.6804,0.0342,0.1849,0.2208,0.2257,-0.0049,0.2728,0.6661,0.3859,0.705,0.3055,0.4232,0.6858,1.0,0.8115,0.9825,0.8788,0.9278,0.882,0.9086,0.895,0.3922,0.8372,0.5334,0.7156,0.7254,0.7204,0.6528,0.8729,0.7459
rbf,100.0,auto,,3,0.7743,0.8523,0.8483,0.7959,0.7743,0.7762,0.0268,0.1635,0.1477,0.2257,-0.0781,0.4469,0.1791,0.2499,0.6786,0.6797,0.6791,0.9056,0.9526,0.9279,0.9659,0.9579,0.9619,0.9241,0.9569,0.9401,0.7742,0.7314,0.7492,0.7794,0.8624,0.8186,0.8925,0.8741,0.8827
rbf,100.0,0.1,,3,0.7743,0.8523,0.8483,0.7959,0.7743,0.7762,0.0268,0.1635,0.1477,0.2257,-0.0781,0.4469,0.1791,0.2499,0.6786,0.6797,0.6791,0.9056,0.9526,0.9279,0.9659,0.9579,0.9619,0.9241,0.9569,0.9401,0.7742,0.7314,0.7492,0.7794,0.8624,0.8186,0.8925,0.8741,0.8827
rbf,0.1,auto,balanced,3,0.7743,0.7792,0.7504,0.6611,0.7743,0.6804,0.0342,0.1849,0.2208,0.2257,-0.0049,0.2728,0.6661,0.3859,0.705,0.3055,0.4232,0.6858,1.0,0.8115,0.9825,0.8788,0.9278,0.882,0.9086,0.895,0.3922,0.8372,0.5334,0.7156,0.7254,0.7204,0.6528,0.8729,0.7459
rbf,0.1,scale,balanced,3,0.7743,0.7792,0.7504,0.6611,0.7743,0.6804,0.0342,0.1849,0.2208,0.2257,-0.0049,0.2728,0.6661,0.3859,0.705,0.3055,0.4232,0.6858,1.0,0.8115,0.9825,0.8788,0.9278,0.882,0.9086,0.895,0.3922,0.8372,0.5334,0.7156,0.7254,0.7204,0.6528,0.8729,0.7459
rbf,50.0,0.05,,3,0.7737,0.81,0.8504,0.8138,0.7737,0.7713,0.0266,0.1632,0.19,0.2263,-0.0363,0.5591,0.0992,0.1582,0.6748,0.6981,0.6862,0.9114,0.9662,0.9379,0.968,0.9555,0.9617,0.9196,0.96,0.9393,0.8123,0.7608,0.7835,0.775,0.8721,0.8205,0.89,0.8777,0.8832
rbf,25.0,scale,,3,0.7717,0.8224,0.8486,0.8096,0.7717,0.7719,0.0269,0.164,0.1776,0.2283,-0.0508,0.5399,0.1184,0.1871,0.6746,0.6887,0.6816,0.917,0.9662,0.9409,0.9674,0.9549,0.9611,0.923,0.9605,0.9413,0.7868,0.7412,0.7615,0.7689,0.8694,0.816,0.8996,0.8741,0.8859
rbf,25.0,auto,,2,0.7717,0.8224,0.8486,0.8096,0.7717,0.7719,0.0269,0.164,0.1776,0.2283,-0.0508,0.5399,0.1184,0.1871,0.6746,0.6887,0.6816,0.917,0.9662,0.9409,0.9674,0.9549,0.9611,0.923,0.9605,0.9413,0.7868,0.7412,0.7615,0.7689,0.8694,0.816,0.8996,0.8741,0.8859
rbf,25.0,auto,,3,0.7717,0.8224,0.8486,0.8096,0.7717,0.7719,0.0269,0.164,0.1776,0.2283,-0.0508,0.5399,0.1184,0.1871,0.6746,0.6887,0.6816,0.917,0.9662,0.9409,0.9674,0.9549,0.9611,0.923,0.9605,0.9413,0.7868,0.7412,0.7615,0.7689,0.8694,0.816,0.8996,0.8741,0.8859
rbf,25.0,scale,,2,0.7717,0.8224,0.8486,0.8096,0.7717,0.7719,0.0269,0.164,0.1776,0.2283,-0.0508,0.5399,0.1184,0.1871,0.6746,0.6887,0.6816,0.917,0.9662,0.9409,0.9674,0.9549,0.9611,0.923,0.9605,0.9413,0.7868,0.7412,0.7615,0.7689,0.8694,0.816,0.8996,0.8741,0.8859
rbf,25.0,0.1,,2,0.7717,0.8224,0.8486,0.8096,0.7717,0.7719,0.0269,0.164,0.1776,0.2283,-0.0508,0.5399,0.1184,0.1871,0.6746,0.6887,0.6816,0.917,0.9662,0.9409,0.9674,0.9549,0.9611,0.923,0.9605,0.9413,0.7868,0.7412,0.7615,0.7689,0.8694,0.816,0.8996,0.8741,0.8859
rbf,10.0,auto,,3,0.7686,0.8029,0.8483,0.7986,0.7686,0.7657,0.0272,0.1649,0.1971,0.2314,-0.0344,0.4544,0.085,0.1359,0.6728,0.6951,0.6837,0.9211,0.9795,0.9483,0.9668,0.9544,0.9606,0.9245,0.9631,0.9434,0.7909,0.7216,0.7535,0.7674,0.8696,0.8152,0.8913,0.8801,0.8853
rbf,10.0,scale,,3,0.7686,0.8029,0.8483,0.7986,0.7686,0.7657,0.0272,0.1649,0.1971,0.2314,-0.0344,0.4544,0.085,0.1359,0.6728,0.6951,0.6837,0.9211,0.9795,0.9483,0.9668,0.9544,0.9606,0.9245,0.9631,0.9434,0.7909,0.7216,0.7535,0.7674,0.8696,0.8152,0.8913,0.8801,0.8853
rbf,25.0,0.05,,2,0.7686,0.7987,0.8485,0.7978,0.7686,0.7634,0.0269,0.1641,0.2013,0.2314,-0.0301,0.4509,0.0658,0.1091,0.6677,0.6996,0.6832,0.908,0.9795,0.9418,0.9675,0.954,0.9607,0.9214,0.9614,0.9409,0.8003,0.7412,0.7682,0.7712,0.872,0.8184,0.8953,0.8753,0.8848
rbf,5.0,0.001,balanced,2,0.7644,0.7623,0.7442,0.6549,0.7644,0.6668,0.037,0.1922,0.2377,0.2356,0.0021,0.2741,0.6742,0.3895,0.7718,0.2823,0.4125,0.6611,1.0,0.7928,0.9802,0.8831,0.9291,0.8527,0.8694,0.861,0.3592,0.7941,0.4944,0.7164,0.7451,0.7304,0.6236,0.8669,0.725
rbf,5.0,0.001,balanced,3,0.7644,0.7623,0.7442,0.6549,0.7644,0.6668,0.037,0.1922,0.2377,0.2356,0.0021,0.2741,0.6742,0.3895,0.7718,0.2823,0.4125,0.6611,1.0,0.7928,0.9802,0.8831,0.9291,0.8527,0.8694,0.861,0.3592,0.7941,0.4944,0.7164,0.7451,0.7304,0.6236,0.8669,0.725
poly,5.0,0.1,balanced,3,0.7603,0.7938,0.768,0.7505,0.7603,0.7293,0.0365,0.1909,0.2062,0.2397,-0.0335,0.311,0.5152,0.3877,0.8094,0.2772,0.4123,0.9232,0.9529,0.937,0.991,0.8344,0.9059,0.9301,0.911,0.9204,0.606,0.7941,0.6869,0.6126,0.9106,0.7323,0.8209,0.8873,0.8518
rbf,0.1,0.05,balanced,2,0.7593,0.7601,0.7338,0.6439,0.7593,0.6562,0.036,0.1898,0.2399,0.2407,-0.0008,0.2586,0.6539,0.37,0.7191,0.2525,0.3713,0.6629,1.0,0.7958,0.9804,0.8785,0.9267,0.8639,0.8718,0.8678,0.334,0.8196,0.4746,0.7066,0.724,0.7149,0.6255,0.8741,0.7288
rbf,5.0,0.1,,2,0.7581,0.7859,0.8441,0.7946,0.7581,0.7505,0.0276,0.1662,0.2141,0.2419,-0.0278,0.4884,0.0405,0.0705,0.662,0.6951,0.6781,0.88,0.9795,0.9267,0.9697,0.9513,0.9604,0.9186,0.9646,0.9409,0.7985,0.6941,0.7417,0.7594,0.8672,0.8096,0.88,0.8729,0.8761
rbf,5.0,auto,,2,0.7581,0.7859,0.8441,0.7946,0.7581,0.7505,0.0276,0.1662,0.2141,0.2419,-0.0278,0.4884,0.0405,0.0705,0.662,0.6951,0.6781,0.88,0.9795,0.9267,0.9697,0.9513,0.9604,0.9186,0.9646,0.9409,0.7985,0.6941,0.7417,0.7594,0.8672,0.8096,0.88,0.8729,0.8761
rbf,5.0,0.1,,3,0.7581,0.7859,0.8441,0.7946,0.7581,0.7505,0.0276,0.1662,0.2141,0.2419,-0.0278,0.4884,0.0405,0.0705,0.662,0.6951,0.6781,0.88,0.9795,0.9267,0.9697,0.9513,0.9604,0.9186,0.9646,0.9409,0.7985,0.6941,0.7417,0.7594,0.8672,0.8096,0.88,0.8729,0.8761
rbf,50.0,0.01,,3,0.7571,0.7752,0.8417,0.7385,0.7571,0.7433,0.0278,0.1666,0.2248,0.2429,-0.0181,0.05,0.001,0.002,0.6519,0.6975,0.6737,0.8855,0.9864,0.933,0.9724,0.9423,0.9571,0.9053,0.9655,0.9344,0.7941,0.7177,0.7532,0.7615,0.871,0.8124,0.8867,0.8753,0.8805
rbf,10.0,0.05,,2,0.7571,0.7791,0.8446,0.7764,0.7571,0.746,0.0275,0.1659,0.2209,0.2429,-0.0221,0.33,0.0081,0.0158,0.6583,0.7062,0.6812,0.8898,0.9795,0.9324,0.9713,0.9493,0.9601,0.9156,0.965,0.9396,0.7988,0.7059,0.7481,0.7621,0.8696,0.8122,0.8852,0.8729,0.8787
poly,25.0,0.05,balanced,3,0.7519,0.7846,0.7609,0.7482,0.7519,0.7214,0.037,0.1923,0.2154,0.2481,-0.0327,0.3006,0.4879,0.3716,0.8188,0.2574,0.3906,0.9232,0.9529,0.937,0.9913,0.8264,0.9014,0.9323,0.9005,0.916,0.5965,0.7863,0.6775,0.599,0.919,0.7251,0.8239,0.8849,0.8524
linear,10.0,0.001,,3,0.7491,0.7656,0.8367,0.7309,0.7491,0.7385,0.0289,0.1701,0.2344,0.2509,-0.0165,0.0,0.0,0.0,0.6464,0.6857,0.665,0.907,0.9731,0.9386,0.9671,0.9437,0.9552,0.8993,0.9651,0.931,0.7939,0.7098,0.7486,0.7552,0.8608,0.8042,0.8785,0.8549,0.8658
linear,10.0,scale,,3,0.7491,0.7656,0.8367,0.7309,0.7491,0.7385,0.0289,0.1701,0.2344,0.2509,-0.0165,0.0,0.0,0.0,0.6464,0.6857,0.665,0.907,0.9731,0.9386,0.9671,0.9437,0.9552,0.8993,0.9651,0.931,0.7939,0.7098,0.7486,0.7552,0.8608,0.8042,0.8785,0.8549,0.8658
linear,10.0,0.1,,2,0.7491,0.7656,0.8367,0.7309,0.7491,0.7385,0.0289,0.1701,0.2344,0.2509,-0.0165,0.0,0.0,0.0,0.6464,0.6857,0.665,0.907,0.9731,0.9386,0.9671,0.9437,0.9552,0.8993,0.9651,0.931,0.7939,0.7098,0.7486,0.7552,0.8608,0.8042,0.8785,0.8549,0.8658
linear,10.0,auto,,3,0.7491,0.7656,0.8367,0.7309,0.7491,0.7385,0.0289,0.1701,0.2344,0.2509,-0.0165,0.0,0.0,0.0,0.6464,0.6857,0.665,0.907,0.9731,0.9386,0.9671,0.9437,0.9552,0.8993,0.9651,0.931,0.7939,0.7098,0.7486,0.7552,0.8608,0.8042,0.8785,0.8549,0.8658
linear,10.0,0.05,,3,0.7491,0.7656,0.8367,0.7309,0.7491,0.7385,0.0289,0.1701,0.2344,0.2509,-0.0165,0.0,0.0,0.0,0.6464,0.6857,0.665,0.907,0.9731,0.9386,0.9671,0.9437,0.9552,0.8993,0.9651,0.931,0.7939,0.7098,0.7486,0.7552,0.8608,0.8042,0.8785,0.8549,0.8658
linear,10.0,scale,,2,0.7491,0.7656,0.8367,0.7309,0.7491,0.7385,0.0289,0.1701,0.2344,0.2509,-0.0165,0.0,0.0,0.0,0.6464,0.6857,0.665,0.907,0.9731,0.9386,0.9671,0.9437,0.9552,0.8993,0.9651,0.931,0.7939,0.7098,0.7486,0.7552,0.8608,0.8042,0.8785,0.8549,0.8658
linear,10.0,0.05,,2,0.7491,0.7656,0.8367,0.7309,0.7491,0.7385,0.0289,0.1701,0.2344,0.2509,-0.0165,0.0,0.0,0.0,0.6464,0.6857,0.665,0.907,0.9731,0.9386,0.9671,0.9437,0.9552,0.8993,0.9651,0.931,0.7939,0.7098,0.7486,0.7552,0.8608,0.8042,0.8785,0.8549,0.8658
linear,100.0,scale,,2,0.749,0.7715,0.8364,0.7309,0.749,0.7386,0.0293,0.1712,0.2285,0.251,-0.0226,0.0,0.0,0.0,0.6445,0.6882,0.6651,0.9181,0.9595,0.9377,0.9645,0.9446,0.9544,0.9034,0.9622,0.9318,0.7884,0.7353,0.7593,0.7567,0.859,0.8043,0.8713,0.8429,0.8562
linear,100.0,0.01,,2,0.749,0.7715,0.8364,0.7309,0.749,0.7386,0.0293,0.1712,0.2285,0.251,-0.0226,0.0,0.0,0.0,0.6445,0.6882,0.6651,0.9181,0.9595,0.9377,0.9645,0.9446,0.9544,0.9034,0.9622,0.9318,0.7884,0.7353,0.7593,0.7567,0.859,0.8043,0.8713,0.8429,0.8562
linear,100.0,scale,,3,0.749,0.7715,0.8364,0.7309,0.749,0.7386,0.0293,0.1712,0.2285,0.251,-0.0226,0.0,0.0,0.0,0.6445,0.6882,0.6651,0.9181,0.9595,0.9377,0.9645,0.9446,0.9544,0.9034,0.9622,0.9318,0.7884,0.7353,0.7593,0.7567,0.859,0.8043,0.8713,0.8429,0.8562
linear,100.0,auto,,2,0.749,0.7715,0.8364,0.7309,0.749,0.7386,0.0293,0.1712,0.2285,0.251,-0.0226,0.0,0.0,0.0,0.6445,0.6882,0.6651,0.9181,0.9595,0.9377,0.9645,0.9446,0.9544,0.9034,0.9622,0.9318,0.7884,0.7353,0.7593,0.7567,0.859,0.8043,0.8713,0.8429,0.8562
rbf,5.0,0.05,,3,0.7489,0.7634,0.8404,0.7414,0.7489,0.7402,0.028,0.1673,0.2366,0.2511,-0.0145,0.05,0.001,0.002,0.6523,0.6966,0.6736,0.9144,0.9731,0.942,0.9717,0.9444,0.9579,0.9084,0.9662,0.9364,0.8048,0.6667,0.7277,0.7548,0.8688,0.8077,0.8748,0.8741,0.874
linear,50.0,auto,,2,0.7477,0.7699,0.8363,0.7298,0.7477,0.7375,0.0292,0.1709,0.2301,0.2523,-0.0222,0.0,0.0,0.0,0.6452,0.6882,0.6655,0.9181,0.9595,0.9377,0.9653,0.9443,0.9547,0.904,0.9624,0.9322,0.7856,0.7177,0.7493,0.7557,0.8594,0.8039,0.8648,0.8501,0.8567
linear,50.0,0.001,,3,0.7477,0.7699,0.8363,0.7298,0.7477,0.7375,0.0292,0.1709,0.2301,0.2523,-0.0222,0.0,0.0,0.0,0.6452,0.6882,0.6655,0.9181,0.9595,0.9377,0.9653,0.9443,0.9547,0.904,0.9624,0.9322,0.7856,0.7177,0.7493,0.7557,0.8594,0.8039,0.8648,0.8501,0.8567
linear,50.0,scale,,2,0.7477,0.7699,0.8363,0.7298,0.7477,0.7375,0.0292,0.1709,0.2301,0.2523,-0.0222,0.0,0.0,0.0,0.6452,0.6882,0.6655,0.9181,0.9595,0.9377,0.9653,0.9443,0.9547,0.904,0.9624,0.9322,0.7856,0.7177,0.7493,0.7557,0.8594,0.8039,0.8648,0.8501,0.8567
linear,50.0,0.1,,2,0.7477,0.7699,0.8363,0.7298,0.7477,0.7375,0.0292,0.1709,0.2301,0.2523,-0.0222,0.0,0.0,0.0,0.6452,0.6882,0.6655,0.9181,0.9595,0.9377,0.9653,0.9443,0.9547,0.904,0.9624,0.9322,0.7856,0.7177,0.7493,0.7557,0.8594,0.8039,0.8648,0.8501,0.8567
linear,50.0,0.01,,3,0.7477,0.7699,0.8363,0.7298,0.7477,0.7375,0.0292,0.1709,0.2301,0.2523,-0.0222,0.0,0.0,0.0,0.6452,0.6882,0.6655,0.9181,0.9595,0.9377,0.9653,0.9443,0.9547,0.904,0.9624,0.9322,0.7856,0.7177,0.7493,0.7557,0.8594,0.8039,0.8648,0.8501,0.8567
linear,25.0,0.001,,2,0.7475,0.7701,0.837,0.731,0.7475,0.7378,0.029,0.1702,0.2299,0.2525,-0.0226,0.0,0.0,0.0,0.6449,0.6903,0.6664,0.9128,0.9595,0.9348,0.9665,0.9441,0.9551,0.905,0.9639,0.9334,0.7952,0.7118,0.7502,0.7559,0.8604,0.8044,0.8678,0.8501,0.8582
linear,25.0,0.1,,2,0.7475,0.7701,0.837,0.731,0.7475,0.7378,0.029,0.1702,0.2299,0.2525,-0.0226,0.0,0.0,0.0,0.6449,0.6903,0.6664,0.9128,0.9595,0.9348,0.9665,0.9441,0.9551,0.905,0.9639,0.9334,0.7952,0.7118,0.7502,0.7559,0.8604,0.8044,0.8678,0.8501,0.8582
linear,25.0,scale,,2,0.7475,0.7701,0.837,0.731,0.7475,0.7378,0.029,0.1702,0.2299,0.2525,-0.0226,0.0,0.0,0.0,0.6449,0.6903,0.6664,0.9128,0.9595,0.9348,0.9665,0.9441,0.9551,0.905,0.9639,0.9334,0.7952,0.7118,0.7502,0.7559,0.8604,0.8044,0.8678,0.8501,0.8582
linear,25.0,0.01,,3,0.7475,0.7701,0.837,0.731,0.7475,0.7378,0.029,0.1702,0.2299,0.2525,-0.0226,0.0,0.0,0.0,0.6449,0.6903,0.6664,0.9128,0.9595,0.9348,0.9665,0.9441,0.9551,0.905,0.9639,0.9334,0.7952,0.7118,0.7502,0.7559,0.8604,0.8044,0.8678,0.8501,0.8582
poly,100.0,scale,,3,0.7474,0.8017,0.8255,0.7871,0.7474,0.7485,0.0362,0.1902,0.1983,0.2526,-0.0544,0.4827,0.0992,0.1632,0.6737,0.5993,0.634,0.9301,0.9529,0.9403,0.9818,0.9159,0.9477,0.9266,0.9448,0.9355,0.7332,0.6824,0.7052,0.6902,0.9034,0.7825,0.8789,0.8813,0.8799
poly,100.0,auto,,3,0.7474,0.8017,0.8255,0.7871,0.7474,0.7485,0.0362,0.1902,0.1983,0.2526,-0.0544,0.4827,0.0992,0.1632,0.6737,0.5993,0.634,0.9301,0.9529,0.9403,0.9818,0.9159,0.9477,0.9266,0.9448,0.9355,0.7332,0.6824,0.7052,0.6902,0.9034,0.7825,0.8789,0.8813,0.8799
linear,5.0,0.001,,3,0.746,0.7633,0.8348,0.7305,0.746,0.7366,0.029,0.1704,0.2367,0.254,-0.0173,0.0,0.0,0.0,0.6443,0.6821,0.6622,0.9133,0.9731,0.9418,0.9683,0.9406,0.9542,0.8971,0.9643,0.9294,0.7949,0.6981,0.7427,0.7508,0.862,0.8022,0.8755,0.8477,0.8606
linear,5.0,scale,,2,0.746,0.7633,0.8348,0.7305,0.746,0.7366,0.029,0.1704,0.2367,0.254,-0.0173,0.0,0.0,0.0,0.6443,0.6821,0.6622,0.9133,0.9731,0.9418,0.9683,0.9406,0.9542,0.8971,0.9643,0.9294,0.7949,0.6981,0.7427,0.7508,0.862,0.8022,0.8755,0.8477,0.8606
linear,5.0,scale,,3,0.746,0.7633,0.8348,0.7305,0.746,0.7366,0.029,0.1704,0.2367,0.254,-0.0173,0.0,0.0,0.0,0.6443,0.6821,0.6622,0.9133,0.9731,0.9418,0.9683,0.9406,0.9542,0.8971,0.9643,0.9294,0.7949,0.6981,0.7427,0.7508,0.862,0.8022,0.8755,0.8477,0.8606
linear,5.0,0.01,,2,0.746,0.7633,0.8348,0.7305,0.746,0.7366,0.029,0.1704,0.2367,0.254,-0.0173,0.0,0.0,0.0,0.6443,0.6821,0.6622,0.9133,0.9731,0.9418,0.9683,0.9406,0.9542,0.8971,0.9643,0.9294,0.7949,0.6981,0.7427,0.7508,0.862,0.8022,0.8755,0.8477,0.8606
rbf,25.0,0.01,,2,0.7456,0.7551,0.8376,0.7327,0.7456,0.7368,0.0283,0.1681,0.2449,0.2544,-0.0095,0.0,0.0,0.0,0.646,0.683,0.6637,0.9082,0.9729,0.9388,0.9728,0.9397,0.956,0.8929,0.9696,0.9296,0.8047,0.649,0.7174,0.7565,0.87,0.8091,0.8804,0.8801,0.8797
rbf,25.0,0.01,,3,0.7456,0.7551,0.8376,0.7327,0.7456,0.7368,0.0283,0.1681,0.2449,0.2544,-0.0095,0.0,0.0,0.0,0.646,0.683,0.6637,0.9082,0.9729,0.9388,0.9728,0.9397,0.956,0.8929,0.9696,0.9296,0.8047,0.649,0.7174,0.7565,0.87,0.8091,0.8804,0.8801,0.8797
poly,100.0,0.1,,2,0.7441,0.7885,0.8289,0.8053,0.7441,0.7448,0.0334,0.1826,0.2115,0.2559,-0.0444,0.6045,0.0688,0.1155,0.6683,0.6352,0.6512,0.9168,0.9529,0.9338,0.9653,0.9238,0.944,0.9035,0.9583,0.93,0.7755,0.6784,0.722,0.7195,0.8837,0.793,0.8892,0.8513,0.8689
poly,1.0,0.1,balanced,2,0.7408,0.7541,0.7281,0.6845,0.7408,0.6838,0.0428,0.207,0.2459,0.2592,-0.0133,0.3011,0.5101,0.3782,0.6723,0.2264,0.3376,0.8471,0.9933,0.9136,0.9799,0.7769,0.8666,0.8506,0.8973,0.8732,0.4776,0.8215,0.6039,0.6045,0.8648,0.7115,0.7427,0.8358,0.7857
linear,1.0,0.001,,2,0.7385,0.7487,0.8327,0.7253,0.7385,0.7291,0.0296,0.1719,0.2513,0.2615,-0.0102,0.0,0.0,0.0,0.6449,0.674,0.6587,0.8808,0.9864,0.9302,0.9706,0.9381,0.954,0.8839,0.9677,0.9239,0.7992,0.6275,0.7026,0.7498,0.8658,0.8034,0.8731,0.8489,0.8602
poly,10.0,0.05,balanced,3,0.734,0.7587,0.7424,0.7407,0.734,0.7025,0.0389,0.1972,0.2413,0.266,-0.0247,0.2916,0.4403,0.3487,0.8405,0.2158,0.3426,0.9291,0.9598,0.9437,0.992,0.8076,0.8904,0.9331,0.8713,0.901,0.5587,0.7823,0.6517,0.5666,0.9289,0.7036,0.8138,0.8657,0.8381
linear,0.5,0.01,,2,0.7288,0.7301,0.8276,0.7241,0.7288,0.7225,0.0301,0.1735,0.2699,0.2712,-0.0013,0.0,0.0,0.0,0.6411,0.662,0.651,0.9092,0.9867,0.9458,0.9707,0.9347,0.9523,0.8724,0.9658,0.9166,0.8091,0.5706,0.669,0.7431,0.864,0.7988,0.8476,0.8465,0.8467
linear,0.5,scale,,2,0.7288,0.7301,0.8276,0.7241,0.7288,0.7225,0.0301,0.1735,0.2699,0.2712,-0.0013,0.0,0.0,0.0,0.6411,0.662,0.651,0.9092,0.9867,0.9458,0.9707,0.9347,0.9523,0.8724,0.9658,0.9166,0.8091,0.5706,0.669,0.7431,0.864,0.7988,0.8476,0.8465,0.8467
linear,0.5,0.1,,3,0.7288,0.7301,0.8276,0.7241,0.7288,0.7225,0.0301,0.1735,0.2699,0.2712,-0.0013,0.0,0.0,0.0,0.6411,0.662,0.651,0.9092,0.9867,0.9458,0.9707,0.9347,0.9523,0.8724,0.9658,0.9166,0.8091,0.5706,0.669,0.7431,0.864,0.7988,0.8476,0.8465,0.8467
rbf,1.0,0.001,balanced,3,0.7281,0.7243,0.6948,0.6248,0.7281,0.6107,0.0427,0.2067,0.2757,0.2719,0.0037,0.2224,0.7156,0.3388,0.7869,0.1276,0.2183,0.6313,1.0,0.7712,0.9509,0.8851,0.9168,0.8182,0.8245,0.8214,0.3296,0.7431,0.4564,0.6907,0.6675,0.6785,0.5679,0.8609,0.684
rbf,1.0,0.001,balanced,2,0.7281,0.7243,0.6948,0.6248,0.7281,0.6107,0.0427,0.2067,0.2757,0.2719,0.0037,0.2224,0.7156,0.3388,0.7869,0.1276,0.2183,0.6313,1.0,0.7712,0.9509,0.8851,0.9168,0.8182,0.8245,0.8214,0.3296,0.7431,0.4564,0.6907,0.6675,0.6785,0.5679,0.8609,0.684
rbf,1.0,0.1,,3,0.7271,0.74,0.832,0.73,0.7271,0.7237,0.0291,0.1705,0.26,0.2729,-0.0129,0.0,0.0,0.0,0.6465,0.6713,0.6586,0.9057,0.9595,0.9314,0.9736,0.9394,0.9562,0.8914,0.9699,0.9289,0.8306,0.5549,0.6633,0.738,0.8684,0.7978,0.854,0.8537,0.8534
rbf,1.0,auto,,2,0.7271,0.74,0.832,0.73,0.7271,0.7237,0.0291,0.1705,0.26,0.2729,-0.0129,0.0,0.0,0.0,0.6465,0.6713,0.6586,0.9057,0.9595,0.9314,0.9736,0.9394,0.9562,0.8914,0.9699,0.9289,0.8306,0.5549,0.6633,0.738,0.8684,0.7978,0.854,0.8537,0.8534
rbf,1.0,0.1,,2,0.7271,0.74,0.832,0.73,0.7271,0.7237,0.0291,0.1705,0.26,0.2729,-0.0129,0.0,0.0,0.0,0.6465,0.6713,0.6586,0.9057,0.9595,0.9314,0.9736,0.9394,0.9562,0.8914,0.9699,0.9289,0.8306,0.5549,0.6633,0.738,0.8684,0.7978,0.854,0.8537,0.8534
poly,25.0,0.1,,3,0.7263,0.7736,0.8128,0.7739,0.7263,0.7297,0.0356,0.1887,0.2264,0.2737,-0.0473,0.3889,0.0618,0.1051,0.67,0.553,0.6055,0.9178,0.9529,0.9342,0.9864,0.8948,0.9384,0.9191,0.9462,0.9324,0.766,0.6177,0.6818,0.6573,0.9233,0.7678,0.8854,0.8609,0.8724
poly,50.0,0.01,balanced,2,0.7185,0.7307,0.7091,0.6655,0.7185,0.66,0.0455,0.2133,0.2693,0.2815,-0.0122,0.2907,0.4504,0.3527,0.6504,0.1878,0.2897,0.8195,0.9933,0.8969,0.9839,0.7602,0.8577,0.8347,0.8706,0.8522,0.4456,0.7961,0.5711,0.5725,0.8702,0.6905,0.7269,0.819,0.7692
poly,0.5,0.1,balanced,2,0.7185,0.7307,0.7091,0.6656,0.7185,0.6601,0.0455,0.2133,0.2693,0.2815,-0.0122,0.2907,0.4504,0.3527,0.6504,0.1878,0.2897,0.8195,0.9933,0.8969,0.9839,0.7604,0.8578,0.8349,0.8706,0.8523,0.4466,0.7961,0.5719,0.5724,0.8702,0.6904,0.7269,0.819,0.7692
poly,0.5,scale,balanced,2,0.7185,0.7307,0.7091,0.6656,0.7185,0.6601,0.0455,0.2133,0.2693,0.2815,-0.0122,0.2907,0.4504,0.3527,0.6504,0.1878,0.2897,0.8195,0.9933,0.8969,0.9839,0.7604,0.8578,0.8349,0.8706,0.8523,0.4466,0.7961,0.5719,0.5724,0.8702,0.6904,0.7269,0.819,0.7692
poly,0.5,auto,balanced,2,0.7185,0.7307,0.7091,0.6656,0.7185,0.6601,0.0455,0.2133,0.2693,0.2815,-0.0122,0.2907,0.4504,0.3527,0.6504,0.1878,0.2897,0.8195,0.9933,0.8969,0.9839,0.7604,0.8578,0.8349,0.8706,0.8523,0.4466,0.7961,0.5719,0.5724,0.8702,0.6904,0.7269,0.819,0.7692
poly,5.0,0.05,balanced,3,0.715,0.7391,0.7237,0.73,0.715,0.6831,0.0406,0.2015,0.2609,0.285,-0.024,0.2735,0.407,0.3245,0.8545,0.1914,0.3117,0.8985,0.9598,0.9279,0.992,0.7908,0.88,0.9289,0.8325,0.8779,0.5409,0.7627,0.6328,0.5418,0.9309,0.6845,0.8096,0.8454,0.8252
rbf,0.5,auto,,2,0.7129,0.7186,0.8244,0.7305,0.7129,0.7123,0.03,0.1731,0.2814,0.2871,-0.0058,0.0,0.0,0.0,0.6445,0.652,0.6481,0.9173,0.9664,0.9408,0.9749,0.9317,0.9528,0.8746,0.9716,0.9205,0.879,0.4706,0.6106,0.7236,0.8676,0.789,0.8303,0.8429,0.8363
rbf,0.5,scale,,3,0.7129,0.7186,0.8244,0.7305,0.7129,0.7123,0.03,0.1731,0.2814,0.2871,-0.0058,0.0,0.0,0.0,0.6445,0.652,0.6481,0.9173,0.9664,0.9408,0.9749,0.9317,0.9528,0.8746,0.9716,0.9205,0.879,0.4706,0.6106,0.7236,0.8676,0.789,0.8303,0.8429,0.8363
rbf,0.5,0.1,,2,0.7129,0.7186,0.8244,0.7305,0.7129,0.7123,0.03,0.1731,0.2814,0.2871,-0.0058,0.0,0.0,0.0,0.6445,0.652,0.6481,0.9173,0.9664,0.9408,0.9749,0.9317,0.9528,0.8746,0.9716,0.9205,0.879,0.4706,0.6106,0.7236,0.8676,0.789,0.8303,0.8429,0.8363
poly,100.0,0.05,,3,0.7113,0.7505,0.8025,0.7666,0.7113,0.7151,0.0355,0.1884,0.2495,0.2887,-0.0392,0.361,0.0375,0.0678,0.67,0.5208,0.5855,0.9178,0.9529,0.9342,0.987,0.882,0.9315,0.9122,0.9424,0.927,0.7587,0.5745,0.6514,0.6336,0.9317,0.7542,0.8928,0.8489,0.8695
poly,10.0,0.1,,3,0.7077,0.741,0.7996,0.77,0.7077,0.7118,0.0357,0.189,0.259,0.2923,-0.0333,0.3809,0.0294,0.0541,0.6691,0.5142,0.5808,0.9178,0.9529,0.9342,0.9879,0.8772,0.9292,0.9112,0.9398,0.9252,0.7774,0.5745,0.6585,0.6265,0.9353,0.7503,0.8895,0.8382,0.862
poly,10.0,scale,,2,0.706,0.7341,0.8051,0.7598,0.706,0.7068,0.0358,0.189,0.2659,0.294,-0.028,0.34,0.0031,0.006,0.6521,0.5729,0.6098,0.9117,0.9598,0.9344,0.9655,0.8955,0.9292,0.8786,0.9547,0.9149,0.7612,0.5706,0.651,0.6668,0.8958,0.7644,0.9022,0.7962,0.8452
rbf,0.5,0.001,balanced,2,0.7038,0.7005,0.6306,0.6186,0.7038,0.5629,0.0461,0.2148,0.2995,0.2962,0.0034,0.1691,0.8462,0.2815,0.8935,0.0795,0.1456,0.6129,1.0,0.7567,0.9277,0.8887,0.9078,0.8058,0.7869,0.7962,0.2941,0.7451,0.4214,0.6975,0.4223,0.5238,0.5479,0.8621,0.6699
rbf,0.5,0.001,balanced,3,0.7038,0.7005,0.6306,0.6186,0.7038,0.5629,0.0461,0.2148,0.2995,0.2962,0.0034,0.1691,0.8462,0.2815,0.8935,0.0795,0.1456,0.6129,1.0,0.7567,0.9277,0.8887,0.9078,0.8058,0.7869,0.7962,0.2941,0.7451,0.4214,0.6975,0.4223,0.5238,0.5479,0.8621,0.6699
poly,1.0,0.05,balanced,2,0.6987,0.7088,0.6874,0.655,0.6987,0.6397,0.0485,0.2203,0.2912,0.3013,-0.0101,0.2816,0.418,0.3343,0.6593,0.1535,0.2457,0.814,0.9933,0.8939,0.9787,0.7408,0.8431,0.825,0.8289,0.8268,0.4291,0.7804,0.5529,0.5394,0.8702,0.6658,0.7128,0.8046,0.755
linear,0.1,auto,,2,0.696,0.6918,0.8124,0.7136,0.696,0.6933,0.032,0.1789,0.3082,0.304,0.0043,0.0,0.0,0.0,0.6282,0.6333,0.6305,0.9003,0.9526,0.925,0.9708,0.9223,0.9459,0.8496,0.9605,0.9016,0.8556,0.4138,0.5563,0.7211,0.8584,0.7837,0.783,0.8274,0.8036
linear,0.1,scale,,2,0.696,0.6918,0.8124,0.7136,0.696,0.6933,0.032,0.1789,0.3082,0.304,0.0043,0.0,0.0,0.0,0.6282,0.6333,0.6305,0.9003,0.9526,0.925,0.9708,0.9223,0.9459,0.8496,0.9605,0.9016,0.8556,0.4138,0.5563,0.7211,0.8584,0.7837,0.783,0.8274,0.8036
linear,0.1,scale,,3,0.696,0.6918,0.8124,0.7136,0.696,0.6933,0.032,0.1789,0.3082,0.304,0.0043,0.0,0.0,0.0,0.6282,0.6333,0.6305,0.9003,0.9526,0.925,0.9708,0.9223,0.9459,0.8496,0.9605,0.9016,0.8556,0.4138,0.5563,0.7211,0.8584,0.7837,0.783,0.8274,0.8036
poly,5.0,auto,,2,0.6953,0.7192,0.7947,0.7163,0.6953,0.696,0.0368,0.1918,0.2808,0.3047,-0.0239,0.05,0.001,0.002,0.6533,0.5334,0.5871,0.9069,0.9664,0.9353,0.9633,0.8822,0.9209,0.8693,0.9516,0.9085,0.7449,0.5353,0.6222,0.6459,0.9024,0.7528,0.8971,0.7902,0.8391
poly,5.0,auto,,3,0.6937,0.7204,0.7886,0.7622,0.6937,0.6993,0.0362,0.1901,0.2796,0.3063,-0.0267,0.3262,0.0152,0.0289,0.6737,0.4768,0.558,0.9178,0.9529,0.9342,0.9883,0.8614,0.9205,0.9037,0.9378,0.9204,0.7873,0.5392,0.639,0.6034,0.945,0.7365,0.8972,0.8214,0.8569
poly,5.0,0.1,,3,0.6937,0.7204,0.7886,0.7622,0.6937,0.6993,0.0362,0.1901,0.2796,0.3063,-0.0267,0.3262,0.0152,0.0289,0.6737,0.4768,0.558,0.9178,0.9529,0.9342,0.9883,0.8614,0.9205,0.9037,0.9378,0.9204,0.7873,0.5392,0.639,0.6034,0.945,0.7365,0.8972,0.8214,0.8569
rbf,0.5,0.05,,3,0.69,0.6927,0.8146,0.7303,0.69,0.6906,0.0308,0.1756,0.3073,0.31,-0.0027,0.0,0.0,0.0,0.635,0.6204,0.6274,0.9254,0.9529,0.9378,0.9769,0.9226,0.9489,0.852,0.974,0.9088,0.9353,0.3431,0.4978,0.7109,0.8704,0.7825,0.8072,0.8369,0.8216
poly,0.5,0.05,balanced,2,0.6803,0.6876,0.6631,0.6505,0.6803,0.6152,0.0519,0.2278,0.3124,0.3197,-0.0073,0.2609,0.4303,0.3179,0.7658,0.1225,0.2088,0.7736,0.9933,0.8683,0.9752,0.7275,0.8331,0.8132,0.7592,0.7852,0.4013,0.7529,0.5222,0.5145,0.864,0.644,0.6998,0.7926,0.7422
poly,10.0,0.05,,2,0.68,0.6914,0.78,0.7143,0.68,0.681,0.0383,0.1956,0.3086,0.32,-0.0114,0.1,0.001,0.002,0.6522,0.478,0.5511,0.9053,0.9795,0.9392,0.9592,0.8673,0.9109,0.8555,0.9463,0.8986,0.7398,0.4941,0.5903,0.6194,0.9076,0.7362,0.8829,0.7662,0.8194
poly,10.0,0.01,balanced,2,0.6715,0.6805,0.6534,0.6536,0.6715,0.6052,0.0529,0.23,0.3195,0.3285,-0.009,0.2595,0.4202,0.3104,0.8438,0.1099,0.1926,0.7593,0.9933,0.8588,0.9699,0.7226,0.828,0.8124,0.7358,0.7721,0.3947,0.7412,0.5136,0.502,0.8604,0.6325,0.6875,0.789,0.7336
poly,0.1,auto,balanced,2,0.6715,0.6805,0.6534,0.6536,0.6715,0.6052,0.0529,0.23,0.3195,0.3285,-0.0089,0.2595,0.4202,0.3104,0.8438,0.1099,0.1926,0.7593,0.9933,0.8588,0.9699,0.7226,0.828,0.8123,0.7356,0.772,0.3947,0.7412,0.5136,0.5019,0.8604,0.6324,0.6875,0.789,0.7336
poly,100.0,0.01,balanced,3,0.6536,0.6683,0.6129,0.693,0.6536,0.601,0.0468,0.2163,0.3317,0.3464,-0.0146,0.1605,0.5712,0.2373,0.896,0.1207,0.2116,0.8236,0.9933,0.8995,0.9941,0.7151,0.8318,0.9088,0.6187,0.7359,0.4667,0.6667,0.5463,0.521,0.7652,0.5711,0.7732,0.7782,0.7745
poly,0.1,auto,balanced,3,0.6536,0.6683,0.6129,0.693,0.6536,0.601,0.0468,0.2163,0.3317,0.3464,-0.0146,0.1605,0.5712,0.2373,0.896,0.1207,0.2116,0.8236,0.9933,0.8995,0.9941,0.7151,0.8318,0.9088,0.6187,0.7359,0.4667,0.6667,0.5463,0.521,0.7652,0.5711,0.7732,0.7782,0.7745
poly,100.0,0.01,,2,0.6525,0.6592,0.7563,0.6872,0.6525,0.6537,0.0407,0.2018,0.3408,0.3475,-0.0068,0.0,0.0,0.0,0.6471,0.3962,0.4906,0.8792,0.9729,0.9232,0.9546,0.8427,0.8951,0.8334,0.9359,0.8816,0.7376,0.4196,0.5332,0.5811,0.9138,0.7103,0.8645,0.7386,0.7957
poly,5.0,0.01,balanced,2,0.6492,0.6587,0.6012,0.6431,0.6492,0.569,0.056,0.2366,0.3413,0.3508,-0.0096,0.1723,0.5994,0.2579,0.9256,0.087,0.1583,0.714,1.0,0.8323,0.9578,0.7089,0.8145,0.8168,0.6325,0.7128,0.377,0.6589,0.478,0.514,0.7287,0.5811,0.6672,0.7782,0.7174
poly,5.0,0.05,,3,0.6365,0.6478,0.7412,0.7146,0.6365,0.6469,0.0392,0.198,0.3522,0.3635,-0.0113,0.0286,0.001,0.002,0.6847,0.3275,0.4422,0.9301,0.9595,0.9438,0.9893,0.8161,0.8944,0.8877,0.8966,0.892,0.7832,0.3804,0.5113,0.5235,0.9651,0.6787,0.8899,0.7458,0.8107
rbf,0.1,auto,,2,0.6324,0.6379,0.7894,0.6257,0.6324,0.6137,0.033,0.1816,0.3621,0.3676,-0.0056,0.0,0.0,0.0,0.6103,0.5454,0.5756,0.9546,0.946,0.9491,0.9783,0.9089,0.9423,0.8127,0.9723,0.8854,0.2,0.002,0.0039,0.6731,0.8702,0.759,0.7765,0.8141,0.7947
poly,0.5,0.1,,3,0.6298,0.6359,0.7351,0.7145,0.6298,0.6399,0.0399,0.1996,0.3641,0.3702,-0.0062,0.0333,0.001,0.002,0.6905,0.3107,0.4276,0.9246,0.9595,0.9407,0.9894,0.8096,0.8905,0.8841,0.8911,0.8874,0.7933,0.3588,0.4934,0.5147,0.9665,0.6716,0.8862,0.741,0.8062
poly,0.5,scale,,3,0.6298,0.6359,0.7351,0.7145,0.6298,0.6399,0.0399,0.1996,0.3641,0.3702,-0.0062,0.0333,0.001,0.002,0.6905,0.3107,0.4276,0.9246,0.9595,0.9407,0.9894,0.8096,0.8905,0.8841,0.8911,0.8874,0.7933,0.3588,0.4934,0.5147,0.9665,0.6716,0.8862,0.741,0.8062
poly,0.5,auto,,3,0.6298,0.6359,0.7351,0.7145,0.6298,0.6399,0.0399,0.1996,0.3641,0.3702,-0.0062,0.0333,0.001,0.002,0.6905,0.3107,0.4276,0.9246,0.9595,0.9407,0.9894,0.8096,0.8905,0.8841,0.8911,0.8874,0.7933,0.3588,0.4934,0.5147,0.9665,0.6716,0.8862,0.741,0.8062
poly,0.5,0.1,,2,0.6286,0.63,0.7376,0.6788,0.6286,0.6308,0.0431,0.2075,0.37,0.3714,-0.0013,0.0,0.0,0.0,0.6428,0.3296,0.435,0.8891,0.9664,0.9259,0.9522,0.8304,0.8871,0.8182,0.9205,0.8662,0.7506,0.3529,0.4791,0.5528,0.9183,0.69,0.8248,0.711,0.763
poly,0.5,auto,,2,0.6286,0.63,0.7376,0.6788,0.6286,0.6308,0.0431,0.2075,0.37,0.3714,-0.0013,0.0,0.0,0.0,0.6428,0.3296,0.435,0.8891,0.9664,0.9259,0.9522,0.8304,0.8871,0.8182,0.9205,0.8662,0.7506,0.3529,0.4791,0.5528,0.9183,0.69,0.8248,0.711,0.763
poly,50.0,0.01,,2,0.6286,0.63,0.7376,0.6785,0.6286,0.6307,0.0431,0.2075,0.37,0.3714,-0.0014,0.0,0.0,0.0,0.6428,0.3296,0.435,0.8891,0.9664,0.9259,0.9522,0.8304,0.8871,0.8182,0.9205,0.8663,0.7483,0.3529,0.4785,0.5528,0.9183,0.6901,0.8248,0.711,0.763
rbf,5.0,0.001,,2,0.6113,0.6136,0.7791,0.5844,0.6113,0.5933,0.0351,0.1875,0.3864,0.3887,-0.0023,0.0,0.0,0.0,0.6128,0.5087,0.5555,0.9355,0.8577,0.8931,0.9751,0.9022,0.9372,0.7983,0.9614,0.8723,0.0,0.0,0.0,0.6628,0.8759,0.7545,0.6903,0.7842,0.7339
poly,0.5,0.05,balanced,3,0.6075,0.6211,0.4921,0.6762,0.6075,0.5403,0.0489,0.2211,0.3789,0.3925,-0.0137,0.1085,0.8333,0.1759,0.9025,0.102,0.1826,0.8069,0.9933,0.889,0.9942,0.6784,0.8064,0.8956,0.538,0.672,0.4483,0.6235,0.518,0.4888,0.3261,0.3145,0.7648,0.765,0.764
poly,50.0,0.01,balanced,3,0.5908,0.6038,0.4647,0.674,0.5908,0.5209,0.0499,0.2234,0.3962,0.4092,-0.013,0.0985,0.8484,0.1648,0.9043,0.0981,0.1765,0.8014,0.9933,0.886,0.994,0.6559,0.7903,0.8928,0.5008,0.6415,0.4264,0.6039,0.4955,0.513,0.2717,0.2559,0.7615,0.7542,0.7568
poly,1.0,0.05,,3,0.5585,0.5645,0.6785,0.6857,0.5585,0.5615,0.0431,0.2075,0.4355,0.4415,-0.0059,0.0,0.0,0.0,0.6999,0.2107,0.3237,0.8826,0.9595,0.9192,0.9922,0.7716,0.8681,0.8548,0.7804,0.8158,0.7814,0.1373,0.2305,0.4519,0.9711,0.6167,0.8224,0.6379,0.7179
poly,0.1,scale,,3,0.5461,0.5495,0.6664,0.686,0.5461,0.5476,0.0437,0.209,0.4505,0.4539,-0.0034,0.0,0.0,0.0,0.6913,0.1932,0.3017,0.8826,0.9595,0.9192,0.9919,0.7625,0.8622,0.852,0.752,0.7988,0.817,0.1078,0.1894,0.4404,0.9721,0.6062,0.8127,0.6211,0.7035
poly,0.5,0.05,,2,0.5451,0.5486,0.6835,0.6498,0.5451,0.5343,0.0479,0.2188,0.4514,0.4549,-0.0035,0.0,0.0,0.0,0.6573,0.1698,0.2687,0.9172,0.9391,0.9267,0.9106,0.8066,0.8554,0.7858,0.8585,0.8205,0.7111,0.0568,0.1029,0.4893,0.9225,0.6394,0.727,0.6079,0.661
poly,0.1,scale,,2,0.5338,0.5356,0.6733,0.6345,0.5338,0.5188,0.0485,0.2203,0.4644,0.4662,-0.0018,0.0,0.0,0.0,0.6917,0.1487,0.2442,0.9172,0.9391,0.9267,0.8969,0.8016,0.8465,0.784,0.8363,0.8092,0.5936,0.0235,0.0438,0.4783,0.9229,0.6301,0.7143,0.5983,0.6501
poly,0.1,0.1,,2,0.5338,0.5356,0.6733,0.6345,0.5338,0.5188,0.0485,0.2203,0.4644,0.4662,-0.0018,0.0,0.0,0.0,0.6917,0.1487,0.2442,0.9172,0.9391,0.9267,0.8969,0.8016,0.8465,0.784,0.8363,0.8092,0.5936,0.0235,0.0438,0.4783,0.9229,0.6301,0.7143,0.5983,0.6501
poly,1.0,0.01,balanced,2,0.4789,0.4809,0.2728,0.5677,0.4789,0.3698,0.0721,0.2685,0.5191,0.5211,-0.002,0.068,0.9909,0.1273,0.9736,0.0704,0.1313,0.6737,1.0,0.8031,0.8425,0.4672,0.6009,0.8993,0.1232,0.2164,0.3249,0.4451,0.3741,0.1253,0.0195,0.0337,0.6345,0.7146,0.6719
poly,100.0,0.001,balanced,2,0.4786,0.4807,0.2721,0.5644,0.4786,0.3687,0.0721,0.2685,0.5193,0.5214,-0.0021,0.068,0.9909,0.1272,0.9736,0.0704,0.1313,0.6737,1.0,0.8031,0.8416,0.4672,0.6007,0.8957,0.1232,0.2163,0.3243,0.4451,0.3738,0.11,0.0165,0.0286,0.6287,0.7158,0.669
poly,25.0,0.01,,3,0.4565,0.464,0.5798,0.5992,0.4565,0.4545,0.0482,0.2196,0.536,0.5435,-0.0075,0.0,0.0,0.0,0.8104,0.1081,0.1902,0.9219,0.8982,0.9075,0.9927,0.7009,0.8216,0.7921,0.5143,0.6236,0.2,0.002,0.0039,0.3722,0.9749,0.5387,0.7045,0.4533,0.5504
rbf,0.1,0.001,balanced,3,0.4472,0.4513,0.2753,0.4939,0.4472,0.2716,0.0752,0.2743,0.5487,0.5528,-0.0041,0.0752,0.9929,0.1397,1.0,0.0141,0.0278,0.4986,1.0,0.6644,0.9933,0.5081,0.6268,0.869,0.1506,0.2537,0.1015,0.0059,0.011,0.1181,0.0044,0.0062,0.2952,0.9017,0.4434
poly,50.0,0.001,balanced,2,0.413,0.4136,0.1803,0.5687,0.413,0.3051,0.0844,0.2905,0.5864,0.587,-0.0006,0.0574,0.9949,0.1086,0.9903,0.0668,0.125,0.689,1.0,0.8149,0.7903,0.2489,0.3726,0.9054,0.0381,0.0719,0.3055,0.3451,0.3231,0.1991,0.0104,0.0195,0.613,0.5995,0.6054
poly,0.5,0.01,balanced,2,0.4058,0.4074,0.2792,0.5717,0.4058,0.3216,0.0843,0.2903,0.5926,0.5942,-0.0016,0.0226,0.398,0.0427,0.9903,0.0671,0.1256,0.689,1.0,0.8149,0.7651,0.249,0.3709,0.9207,0.0157,0.0307,0.3055,0.3451,0.3231,0.2681,0.5755,0.2618,0.6122,0.5959,0.6032
rbf,1.0,0.001,,2,0.4044,0.3986,0.7152,0.4117,0.4044,0.3859,0.0384,0.196,0.6014,0.5956,0.0058,0.0,0.0,0.0,0.6537,0.2562,0.3674,0.0,0.0,0.0,0.9552,0.9039,0.9288,0.6864,0.9682,0.8033,0.0,0.0,0.0,0.5696,0.8793,0.6913,0.429,0.2279,0.2964
poly,100.0,0.001,,2,0.3738,0.3697,0.5255,0.5341,0.3738,0.3566,0.0546,0.2337,0.6303,0.6262,0.0041,0.0,0.0,0.0,0.9793,0.0732,0.136,0.9694,0.8239,0.8898,0.6888,0.7965,0.7386,0.7851,0.202,0.3205,0.0,0.0,0.0,0.3886,0.952,0.5519,0.4619,0.1427,0.2166
rbf,0.5,0.001,,3,0.3559,0.3536,0.6808,0.3618,0.3559,0.3163,0.0405,0.2012,0.6464,0.6441,0.0024,0.0,0.0,0.0,0.8236,0.1189,0.207,0.0,0.0,0.0,0.9252,0.9135,0.9193,0.6144,0.9631,0.7502,0.0,0.0,0.0,0.5309,0.8519,0.6541,0.0,0.0,0.0
poly,25.0,0.001,balanced,2,0.3341,0.3308,0.0967,0.4286,0.3341,0.2255,0.0899,0.2999,0.6692,0.6659,0.0033,0.0507,0.997,0.0965,0.9953,0.0626,0.1177,0.6863,1.0,0.8128,0.05,0.0005,0.0009,0.4211,0.0685,0.1157,0.254,0.1118,0.147,0.3638,0.0082,0.0157,0.6076,0.4245,0.4977
poly,10.0,0.001,balanced,2,0.2783,0.273,0.2597,0.3143,0.2783,0.1928,0.0933,0.3055,0.727,0.7217,0.0054,0.0,0.0,0.0,0.9946,0.0572,0.108,0.7167,0.9864,0.8279,0.0,0.0,0.0,0.2587,0.054,0.0593,0.0,0.0,0.0,0.2489,0.9864,0.3965,0.2957,0.1426,0.1505
poly,0.1,0.01,balanced,2,0.2621,0.2555,0.0639,0.2706,0.2621,0.1388,0.0935,0.3058,0.7445,0.7379,0.0067,0.0473,1.0,0.0902,0.9946,0.0572,0.108,0.7086,0.9864,0.8228,0.0,0.0,0.0,0.0,0.0,0.0,0.0,0.0,0.0,0.1347,0.0016,0.0032,0.2796,0.0515,0.0862
poly,100.0,0.001,balanced,3,0.2524,0.2504,0.0616,0.2375,0.2524,0.1308,0.0913,0.3022,0.7496,0.7476,0.0019,0.0468,1.0,0.0894,0.9949,0.0581,0.1096,0.7579,0.9598,0.8453,0.0,0.0,0.0,0.0,0.0,0.0,0.0,0.0,0.0,0.0,0.0,0.0,0.1,0.0012,0.0024
poly,0.1,0.01,balanced,3,0.2524,0.2505,0.0616,0.2375,0.2524,0.1308,0.0917,0.3028,0.7495,0.7476,0.0019,0.0468,1.0,0.0894,0.9949,0.0581,0.1096,0.7579,0.9598,0.8453,0.0,0.0,0.0,0.0,0.0,0.0,0.0,0.0,0.0,0.0,0.0,0.0,0.1,0.0012,0.0024
poly,5.0,0.001,balanced,2,0.2515,0.2501,0.2459,0.2475,0.2515,0.165,0.0941,0.3068,0.7499,0.7485,0.0014,0.0,0.0,0.0,1.0,0.0539,0.102,0.7453,0.9595,0.8377,0.0,0.0,0.0,0.0,0.0,0.0,0.0,0.0,0.0,0.235,0.9984,0.3805,0.0,0.0,0.0
poly,1.0,0.01,,3,0.246,0.2468,0.3433,0.4233,0.246,0.2107,0.056,0.2367,0.7532,0.754,-0.0008,0.0,0.0,0.0,0.9957,0.0686,0.1282,1.0,0.7901,0.8817,0.3218,1.0,0.4869,0.6684,0.1039,0.1794,0.0,0.0,0.0,0.4003,0.0048,0.0095,0.0,0.0,0.0
poly,25.0,0.001,balanced,3,0.2248,0.2249,0.0587,0.2523,0.2248,0.1284,0.0919,0.3032,0.7751,0.7752,-0.0001,0.0465,1.0,0.0889,1.0,0.0491,0.0934,0.9723,0.7497,0.8446,0.0,0.0,0.0,0.0,0.0,0.0,0.0,0.0,0.0,0.0,0.0,0.0,0.0,0.0,0.0
poly,1.0,0.001,balanced,2,0.1925,0.1956,0.2399,0.2779,0.1925,0.1379,0.0984,0.3136,0.8044,0.8075,-0.003,0.0,0.0,0.0,1.0,0.0325,0.0627,0.99,0.5078,0.6618,0.0,0.0,0.0,0.0,0.0,0.0,0.0,0.0,0.0,0.2334,1.0,0.3784,0.0,0.0,0.0
poly,10.0,0.001,,2,0.1326,0.1304,0.3155,0.1901,0.1326,0.0733,0.0574,0.2396,0.8696,0.8674,0.0021,0.0,0.0,0.0,0.995,0.0599,0.1128,0.0,0.0,0.0,0.3092,1.0,0.4723,0.0,0.0,0.0,0.0,0.0,0.0,0.2167,0.0006,0.0012,0.0,0.0,0.0
poly,5.0,0.001,,2,0.1317,0.1301,0.3145,0.1678,0.1317,0.0718,0.0585,0.2418,0.8699,0.8683,0.0017,0.0,0.0,0.0,1.0,0.0539,0.1021,0.0,0.0,0.0,0.3089,1.0,0.472,0.0,0.0,0.0,0.0,0.0,0.0,0.0333,0.0002,0.0004,0.0,0.0,0.0
poly,10.0,0.001,,3,0.1304,0.1292,0.3128,0.1635,0.1304,0.0694,0.0749,0.2736,0.8708,0.8696,0.0012,0.0,0.0,0.0,1.0,0.0437,0.0835,0.0,0.0,0.0,0.3082,1.0,0.4712,0.0,0.0,0.0,0.0,0.0,0.0,0.0,0.0,0.0,0.0,0.0,0.0
poly,5.0,0.001,,3,0.1294,0.1281,0.3115,0.1635,0.1294,0.0672,0.0801,0.2829,0.8719,0.8706,0.0013,0.0,0.0,0.0,1.0,0.0349,0.0672,0.0,0.0,0.0,0.3078,1.0,0.4707,0.0,0.0,0.0,0.0,0.0,0.0,0.0,0.0,0.0,0.0,0.0,0.0
poly,1.0,0.001,,2,0.1293,0.128,0.3114,0.1635,0.1293,0.0671,0.0669,0.2583,0.872,0.8707,0.0013,0.0,0.0,0.0,1.0,0.0343,0.0661,0.0,0.0,0.0,0.3078,1.0,0.4707,0.0,0.0,0.0,0.0,0.0,0.0,0.0,0.0,0.0,0.0,0.0,0.0
poly,5.0,0.001,balanced,3,0.1292,0.1278,0.2365,0.1541,0.1292,0.0552,0.0963,0.3103,0.8722,0.8708,0.0013,0.0,0.0,0.0,1.0,0.0334,0.0644,0.0,0.0,0.0,0.0,0.0,0.0,0.0,0.0,0.0,0.0,0.0,0.0,0.2326,1.0,0.3774,0.0,0.0,0.0
poly,0.5,0.001,balanced,3,0.1261,0.1257,0.2327,0.154,0.1261,0.0491,0.0985,0.3139,0.8743,0.8739,0.0003,0.0,0.0,0.0,1.0,0.0084,0.0166,0.0,0.0,0.0,0.0,0.0,0.0,0.0,0.0,0.0,0.0,0.0,0.0,0.2317,1.0,0.3762,0.0,0.0,0.0
poly,0.1,0.001,,2,0.1252,0.1251,0.3063,0.0633,0.1252,0.0589,0.0782,0.2795,0.8749,0.8748,0.0001,0.0,0.0,0.0,0.2,0.0012,0.0024,0.0,0.0,0.0,0.3062,1.0,0.4688,0.0,0.0,0.0,0.0,0.0,0.0,0.0,0.0,0.0,0.0,0.0,0.0
poly,0.1,0.001,,3,0.1252,0.1251,0.3063,0.0633,0.1252,0.0589,0.083,0.2881,0.8749,0.8748,0.0,0.0,0.0,0.0,0.2,0.0012,0.0024,0.0,0.0,0.0,0.3062,1.0,0.4688,0.0,0.0,0.0,0.0,0.0,0.0,0.0,0.0,0.0,0.0,0.0,0.0
